(1790000000.000000) vcan0 100#0000000000000000
(1790000000.000000) vcan0 101#800C000000000000
(1790000000.000000) vcan0 102#A8FD000000000000
(1790000000.000000) vcan0 110#0000000000000000
(1790000000.000000) vcan0 120#0300000000000000
(1790000000.000000) vcan0 121#0200000000000000
(1790000000.000000) vcan0 200#8000000000000000
(1790000000.000000) vcan0 201#8400000000000000
(1790000000.000000) vcan0 202#7C00000000000000
(1790000000.000000) vcan0 203#2300000000000000
(1790000000.000000) vcan0 210#8E00000000000000
(1790000000.000000) vcan0 220#7C00000000000000
(1790000000.000000) vcan0 221#B501000000000000
(1790000000.000000) vcan0 222#4E00000000000000
(1790000000.000000) vcan0 230#94991C0000000000
(1790000000.000000) vcan0 231#B501000000000000
(1790000000.000000) vcan0 232#0019000000000000
(1790000000.000000) vcan0 240#7300000000000000
(1790000000.000000) vcan0 241#7300000000000000
(1790000000.000000) vcan0 242#6E00000000000000
(1790000000.000000) vcan0 243#6E00000000000000
(1790000000.000000) vcan0 18FF0100#7000000000000000
(1790000000.020000) vcan0 100#0000000000000000
(1790000000.020000) vcan0 101#800C000000000000
(1790000000.040000) vcan0 100#0000000000000000
(1790000000.040000) vcan0 101#800C000000000000
(1790000000.050000) vcan0 102#A8FD000000000000
(1790000000.060000) vcan0 100#0000000000000000
(1790000000.060000) vcan0 101#800C000000000000
(1790000000.080000) vcan0 100#0000000000000000
(1790000000.080000) vcan0 101#800C000000000000
(1790000000.100000) vcan0 100#0000000000000000
(1790000000.100000) vcan0 101#800C000000000000
(1790000000.100000) vcan0 102#A8FD000000000000
(1790000000.100000) vcan0 110#0000000000000000
(1790000000.100000) vcan0 120#0300000000000000
(1790000000.100000) vcan0 203#2300000000000000
(1790000000.120000) vcan0 100#0000000000000000
(1790000000.120000) vcan0 101#800C000000000000
(1790000000.140000) vcan0 100#0000000000000000
(1790000000.140000) vcan0 101#800C000000000000
(1790000000.150000) vcan0 102#A8FD000000000000
(1790000000.160000) vcan0 100#0000000000000000
(1790000000.160000) vcan0 101#800C000000000000
(1790000000.180000) vcan0 100#0000000000000000
(1790000000.180000) vcan0 101#800C000000000000
(1790000000.200000) vcan0 100#0000000000000000
(1790000000.200000) vcan0 101#800C000000000000
(1790000000.200000) vcan0 102#A8FD000000000000
(1790000000.200000) vcan0 110#0000000000000000
(1790000000.200000) vcan0 120#0300000000000000
(1790000000.200000) vcan0 121#0200000000000000
(1790000000.200000) vcan0 203#2300000000000000
(1790000000.220000) vcan0 100#0000000000000000
(1790000000.220000) vcan0 101#800C000000000000
(1790000000.240000) vcan0 100#0000000000000000
(1790000000.240000) vcan0 101#800C000000000000
(1790000000.250000) vcan0 102#A8FD000000000000
(1790000000.260000) vcan0 100#0000000000000000
(1790000000.260000) vcan0 101#800C000000000000
(1790000000.280000) vcan0 100#0000000000000000
(1790000000.280000) vcan0 101#800C000000000000
(1790000000.300000) vcan0 100#0000000000000000
(1790000000.300000) vcan0 101#800C000000000000
(1790000000.300000) vcan0 102#A8FD000000000000
(1790000000.300000) vcan0 110#0000000000000000
(1790000000.300000) vcan0 120#0300000000000000
(1790000000.300000) vcan0 203#2300000000000000
(1790000000.320000) vcan0 100#0000000000000000
(1790000000.320000) vcan0 101#800C000000000000
(1790000000.340000) vcan0 100#0000000000000000
(1790000000.340000) vcan0 101#800C000000000000
(1790000000.350000) vcan0 102#A8FD000000000000
(1790000000.360000) vcan0 100#0000000000000000
(1790000000.360000) vcan0 101#800C000000000000
(1790000000.380000) vcan0 100#0000000000000000
(1790000000.380000) vcan0 101#800C000000000000
(1790000000.400000) vcan0 100#0000000000000000
(1790000000.400000) vcan0 101#800C000000000000
(1790000000.400000) vcan0 102#A8FD000000000000
(1790000000.400000) vcan0 110#0000000000000000
(1790000000.400000) vcan0 120#0300000000000000
(1790000000.400000) vcan0 121#0200000000000000
(1790000000.400000) vcan0 203#2300000000000000
(1790000000.420000) vcan0 100#0000000000000000
(1790000000.420000) vcan0 101#800C000000000000
(1790000000.440000) vcan0 100#0000000000000000
(1790000000.440000) vcan0 101#800C000000000000
(1790000000.450000) vcan0 102#A8FD000000000000
(1790000000.460000) vcan0 100#0000000000000000
(1790000000.460000) vcan0 101#800C000000000000
(1790000000.480000) vcan0 100#0000000000000000
(1790000000.480000) vcan0 101#800C000000000000
(1790000000.500000) vcan0 100#0000000000000000
(1790000000.500000) vcan0 101#800C000000000000
(1790000000.500000) vcan0 102#A8FD000000000000
(1790000000.500000) vcan0 110#0000000000000000
(1790000000.500000) vcan0 120#0300000000000000
(1790000000.500000) vcan0 200#8000000000000000
(1790000000.500000) vcan0 201#8400000000000000
(1790000000.500000) vcan0 203#2300000000000000
(1790000000.500000) vcan0 210#8E00000000000000
(1790000000.520000) vcan0 100#0000000000000000
(1790000000.520000) vcan0 101#800C000000000000
(1790000000.540000) vcan0 100#0000000000000000
(1790000000.540000) vcan0 101#800C000000000000
(1790000000.550000) vcan0 102#A8FD000000000000
(1790000000.560000) vcan0 100#0000000000000000
(1790000000.560000) vcan0 101#800C000000000000
(1790000000.580000) vcan0 100#0000000000000000
(1790000000.580000) vcan0 101#800C000000000000
(1790000000.600000) vcan0 100#0000000000000000
(1790000000.600000) vcan0 101#800C000000000000
(1790000000.600000) vcan0 102#A8FD000000000000
(1790000000.600000) vcan0 110#0000000000000000
(1790000000.600000) vcan0 120#0300000000000000
(1790000000.600000) vcan0 121#0200000000000000
(1790000000.600000) vcan0 203#2300000000000000
(1790000000.620000) vcan0 100#0000000000000000
(1790000000.620000) vcan0 101#800C000000000000
(1790000000.640000) vcan0 100#0000000000000000
(1790000000.640000) vcan0 101#800C000000000000
(1790000000.650000) vcan0 102#A8FD000000000000
(1790000000.660000) vcan0 100#0000000000000000
(1790000000.660000) vcan0 101#800C000000000000
(1790000000.680000) vcan0 100#0000000000000000
(1790000000.680000) vcan0 101#800C000000000000
(1790000000.700000) vcan0 100#0000000000000000
(1790000000.700000) vcan0 101#800C000000000000
(1790000000.700000) vcan0 102#A8FD000000000000
(1790000000.700000) vcan0 110#0000000000000000
(1790000000.700000) vcan0 120#0300000000000000
(1790000000.700000) vcan0 203#2300000000000000
(1790000000.720000) vcan0 100#0000000000000000
(1790000000.720000) vcan0 101#800C000000000000
(1790000000.740000) vcan0 100#0000000000000000
(1790000000.740000) vcan0 101#800C000000000000
(1790000000.750000) vcan0 102#A8FD000000000000
(1790000000.760000) vcan0 100#0000000000000000
(1790000000.760000) vcan0 101#800C000000000000
(1790000000.780000) vcan0 100#0000000000000000
(1790000000.780000) vcan0 101#800C000000000000
(1790000000.800000) vcan0 100#0000000000000000
(1790000000.800000) vcan0 101#800C000000000000
(1790000000.800000) vcan0 102#A8FD000000000000
(1790000000.800000) vcan0 110#0000000000000000
(1790000000.800000) vcan0 120#0300000000000000
(1790000000.800000) vcan0 121#0200000000000000
(1790000000.800000) vcan0 203#2300000000000000
(1790000000.820000) vcan0 100#0000000000000000
(1790000000.820000) vcan0 101#800C000000000000
(1790000000.840000) vcan0 100#0000000000000000
(1790000000.840000) vcan0 101#800C000000000000
(1790000000.850000) vcan0 102#A8FD000000000000
(1790000000.860000) vcan0 100#0000000000000000
(1790000000.860000) vcan0 101#800C000000000000
(1790000000.880000) vcan0 100#0000000000000000
(1790000000.880000) vcan0 101#800C000000000000
(1790000000.900000) vcan0 100#0000000000000000
(1790000000.900000) vcan0 101#800C000000000000
(1790000000.900000) vcan0 102#A8FD000000000000
(1790000000.900000) vcan0 110#0000000000000000
(1790000000.900000) vcan0 120#0300000000000000
(1790000000.900000) vcan0 203#2300000000000000
(1790000000.920000) vcan0 100#0000000000000000
(1790000000.920000) vcan0 101#800C000000000000
(1790000000.940000) vcan0 100#0000000000000000
(1790000000.940000) vcan0 101#800C000000000000
(1790000000.950000) vcan0 102#A8FD000000000000
(1790000000.960000) vcan0 100#0000000000000000
(1790000000.960000) vcan0 101#800C000000000000
(1790000000.980000) vcan0 100#0000000000000000
(1790000000.980000) vcan0 101#800C000000000000
(1790000001.000000) vcan0 100#0000000000000000
(1790000001.000000) vcan0 101#800C000000000000
(1790000001.000000) vcan0 102#A8FD000000000000
(1790000001.000000) vcan0 110#0000000000000000
(1790000001.000000) vcan0 120#0300000000000000
(1790000001.000000) vcan0 121#0200000000000000
(1790000001.000000) vcan0 200#8000000000000000
(1790000001.000000) vcan0 201#8400000000000000
(1790000001.000000) vcan0 202#7C00000000000000
(1790000001.000000) vcan0 203#2300000000000000
(1790000001.000000) vcan0 210#8E00000000000000
(1790000001.000000) vcan0 220#7C00000000000000
(1790000001.000000) vcan0 221#B501000000000000
(1790000001.000000) vcan0 222#4E00000000000000
(1790000001.000000) vcan0 230#94991C0000000000
(1790000001.000000) vcan0 231#B501000000000000
(1790000001.000000) vcan0 232#0019000000000000
(1790000001.000000) vcan0 240#7300000000000000
(1790000001.000000) vcan0 241#7300000000000000
(1790000001.000000) vcan0 242#6E00000000000000
(1790000001.000000) vcan0 243#6E00000000000000
(1790000001.000000) vcan0 18FF0100#7000000000000000
(1790000001.020000) vcan0 100#0000000000000000
(1790000001.020000) vcan0 101#800C000000000000
(1790000001.040000) vcan0 100#0000000000000000
(1790000001.040000) vcan0 101#800C000000000000
(1790000001.050000) vcan0 102#A8FD000000000000
(1790000001.060000) vcan0 100#0000000000000000
(1790000001.060000) vcan0 101#800C000000000000
(1790000001.080000) vcan0 100#0000000000000000
(1790000001.080000) vcan0 101#800C000000000000
(1790000001.100000) vcan0 100#0000000000000000
(1790000001.100000) vcan0 101#800C000000000000
(1790000001.100000) vcan0 102#A8FD000000000000
(1790000001.100000) vcan0 110#0000000000000000
(1790000001.100000) vcan0 120#0300000000000000
(1790000001.100000) vcan0 203#2300000000000000
(1790000001.120000) vcan0 100#0000000000000000
(1790000001.120000) vcan0 101#800C000000000000
(1790000001.140000) vcan0 100#0000000000000000
(1790000001.140000) vcan0 101#800C000000000000
(1790000001.150000) vcan0 102#A8FD000000000000
(1790000001.160000) vcan0 100#0000000000000000
(1790000001.160000) vcan0 101#800C000000000000
(1790000001.180000) vcan0 100#0000000000000000
(1790000001.180000) vcan0 101#800C000000000000
(1790000001.200000) vcan0 100#0000000000000000
(1790000001.200000) vcan0 101#800C000000000000
(1790000001.200000) vcan0 102#A8FD000000000000
(1790000001.200000) vcan0 110#0000000000000000
(1790000001.200000) vcan0 120#0300000000000000
(1790000001.200000) vcan0 121#0200000000000000
(1790000001.200000) vcan0 203#2300000000000000
(1790000001.220000) vcan0 100#0000000000000000
(1790000001.220000) vcan0 101#800C000000000000
(1790000001.240000) vcan0 100#0000000000000000
(1790000001.240000) vcan0 101#800C000000000000
(1790000001.250000) vcan0 102#A8FD000000000000
(1790000001.260000) vcan0 100#0000000000000000
(1790000001.260000) vcan0 101#800C000000000000
(1790000001.280000) vcan0 100#0000000000000000
(1790000001.280000) vcan0 101#800C000000000000
(1790000001.300000) vcan0 100#0000000000000000
(1790000001.300000) vcan0 101#800C000000000000
(1790000001.300000) vcan0 102#A8FD000000000000
(1790000001.300000) vcan0 110#0000000000000000
(1790000001.300000) vcan0 120#0300000000000000
(1790000001.300000) vcan0 203#2300000000000000
(1790000001.320000) vcan0 100#0000000000000000
(1790000001.320000) vcan0 101#800C000000000000
(1790000001.340000) vcan0 100#0000000000000000
(1790000001.340000) vcan0 101#800C000000000000
(1790000001.350000) vcan0 102#A8FD000000000000
(1790000001.360000) vcan0 100#0000000000000000
(1790000001.360000) vcan0 101#800C000000000000
(1790000001.380000) vcan0 100#0000000000000000
(1790000001.380000) vcan0 101#800C000000000000
(1790000001.400000) vcan0 100#0000000000000000
(1790000001.400000) vcan0 101#800C000000000000
(1790000001.400000) vcan0 102#A8FD000000000000
(1790000001.400000) vcan0 110#0000000000000000
(1790000001.400000) vcan0 120#0300000000000000
(1790000001.400000) vcan0 121#0200000000000000
(1790000001.400000) vcan0 203#2300000000000000
(1790000001.420000) vcan0 100#0000000000000000
(1790000001.420000) vcan0 101#800C000000000000
(1790000001.440000) vcan0 100#0000000000000000
(1790000001.440000) vcan0 101#800C000000000000
(1790000001.450000) vcan0 102#A8FD000000000000
(1790000001.460000) vcan0 100#0000000000000000
(1790000001.460000) vcan0 101#800C000000000000
(1790000001.480000) vcan0 100#0000000000000000
(1790000001.480000) vcan0 101#800C000000000000
(1790000001.500000) vcan0 100#0000000000000000
(1790000001.500000) vcan0 101#800C000000000000
(1790000001.500000) vcan0 102#A8FD000000000000
(1790000001.500000) vcan0 110#0000000000000000
(1790000001.500000) vcan0 120#0300000000000000
(1790000001.500000) vcan0 200#8000000000000000
(1790000001.500000) vcan0 201#8400000000000000
(1790000001.500000) vcan0 203#2300000000000000
(1790000001.500000) vcan0 210#8E00000000000000
(1790000001.520000) vcan0 100#0000000000000000
(1790000001.520000) vcan0 101#800C000000000000
(1790000001.540000) vcan0 100#0000000000000000
(1790000001.540000) vcan0 101#800C000000000000
(1790000001.550000) vcan0 102#A8FD000000000000
(1790000001.560000) vcan0 100#0000000000000000
(1790000001.560000) vcan0 101#800C000000000000
(1790000001.580000) vcan0 100#0000000000000000
(1790000001.580000) vcan0 101#800C000000000000
(1790000001.600000) vcan0 100#0000000000000000
(1790000001.600000) vcan0 101#800C000000000000
(1790000001.600000) vcan0 102#A8FD000000000000
(1790000001.600000) vcan0 110#0000000000000000
(1790000001.600000) vcan0 120#0300000000000000
(1790000001.600000) vcan0 121#0200000000000000
(1790000001.600000) vcan0 203#2300000000000000
(1790000001.620000) vcan0 100#0000000000000000
(1790000001.620000) vcan0 101#800C000000000000
(1790000001.640000) vcan0 100#0000000000000000
(1790000001.640000) vcan0 101#800C000000000000
(1790000001.650000) vcan0 102#A8FD000000000000
(1790000001.660000) vcan0 100#0000000000000000
(1790000001.660000) vcan0 101#800C000000000000
(1790000001.680000) vcan0 100#0000000000000000
(1790000001.680000) vcan0 101#800C000000000000
(1790000001.700000) vcan0 100#0000000000000000
(1790000001.700000) vcan0 101#800C000000000000
(1790000001.700000) vcan0 102#A8FD000000000000
(1790000001.700000) vcan0 110#0000000000000000
(1790000001.700000) vcan0 120#0300000000000000
(1790000001.700000) vcan0 203#2300000000000000
(1790000001.720000) vcan0 100#0000000000000000
(1790000001.720000) vcan0 101#800C000000000000
(1790000001.740000) vcan0 100#0000000000000000
(1790000001.740000) vcan0 101#800C000000000000
(1790000001.750000) vcan0 102#A8FD000000000000
(1790000001.760000) vcan0 100#0000000000000000
(1790000001.760000) vcan0 101#800C000000000000
(1790000001.780000) vcan0 100#0000000000000000
(1790000001.780000) vcan0 101#800C000000000000
(1790000001.800000) vcan0 100#0000000000000000
(1790000001.800000) vcan0 101#800C000000000000
(1790000001.800000) vcan0 102#A8FD000000000000
(1790000001.800000) vcan0 110#0000000000000000
(1790000001.800000) vcan0 120#0300000000000000
(1790000001.800000) vcan0 121#0200000000000000
(1790000001.800000) vcan0 203#2300000000000000
(1790000001.820000) vcan0 100#0000000000000000
(1790000001.820000) vcan0 101#800C000000000000
(1790000001.840000) vcan0 100#0000000000000000
(1790000001.840000) vcan0 101#800C000000000000
(1790000001.850000) vcan0 102#A8FD000000000000
(1790000001.860000) vcan0 100#0000000000000000
(1790000001.860000) vcan0 101#800C000000000000
(1790000001.880000) vcan0 100#0000000000000000
(1790000001.880000) vcan0 101#800C000000000000
(1790000001.900000) vcan0 100#0000000000000000
(1790000001.900000) vcan0 101#800C000000000000
(1790000001.900000) vcan0 102#A8FD000000000000
(1790000001.900000) vcan0 110#0000000000000000
(1790000001.900000) vcan0 120#0300000000000000
(1790000001.900000) vcan0 203#2300000000000000
(1790000001.920000) vcan0 100#0000000000000000
(1790000001.920000) vcan0 101#800C000000000000
(1790000001.940000) vcan0 100#0000000000000000
(1790000001.940000) vcan0 101#800C000000000000
(1790000001.950000) vcan0 102#A8FD000000000000
(1790000001.960000) vcan0 100#0000000000000000
(1790000001.960000) vcan0 101#800C000000000000
(1790000001.980000) vcan0 100#0000000000000000
(1790000001.980000) vcan0 101#800C000000000000
(1790000002.000000) vcan0 100#0000000000000000
(1790000002.000000) vcan0 101#800C000000000000
(1790000002.000000) vcan0 102#A8FD000000000000
(1790000002.000000) vcan0 110#0000000000000000
(1790000002.000000) vcan0 120#0300000000000000
(1790000002.000000) vcan0 121#0200000000000000
(1790000002.000000) vcan0 200#8000000000000000
(1790000002.000000) vcan0 201#8400000000000000
(1790000002.000000) vcan0 202#7C00000000000000
(1790000002.000000) vcan0 203#2300000000000000
(1790000002.000000) vcan0 210#8E00000000000000
(1790000002.000000) vcan0 220#7C00000000000000
(1790000002.000000) vcan0 221#B501000000000000
(1790000002.000000) vcan0 222#4E00000000000000
(1790000002.000000) vcan0 230#94991C0000000000
(1790000002.000000) vcan0 231#B501000000000000
(1790000002.000000) vcan0 232#0019000000000000
(1790000002.000000) vcan0 240#7300000000000000
(1790000002.000000) vcan0 241#7300000000000000
(1790000002.000000) vcan0 242#6E00000000000000
(1790000002.000000) vcan0 243#6E00000000000000
(1790000002.000000) vcan0 18FF0100#7000000000000000
(1790000002.020000) vcan0 100#0000000000000000
(1790000002.020000) vcan0 101#800C000000000000
(1790000002.040000) vcan0 100#0000000000000000
(1790000002.040000) vcan0 101#800C000000000000
(1790000002.050000) vcan0 102#A8FD000000000000
(1790000002.060000) vcan0 100#0000000000000000
(1790000002.060000) vcan0 101#800C000000000000
(1790000002.080000) vcan0 100#0000000000000000
(1790000002.080000) vcan0 101#800C000000000000
(1790000002.100000) vcan0 100#0000000000000000
(1790000002.100000) vcan0 101#800C000000000000
(1790000002.100000) vcan0 102#A8FD000000000000
(1790000002.100000) vcan0 110#0000000000000000
(1790000002.100000) vcan0 120#0300000000000000
(1790000002.100000) vcan0 203#2300000000000000
(1790000002.120000) vcan0 100#0000000000000000
(1790000002.120000) vcan0 101#800C000000000000
(1790000002.140000) vcan0 100#0000000000000000
(1790000002.140000) vcan0 101#800C000000000000
(1790000002.150000) vcan0 102#A8FD000000000000
(1790000002.160000) vcan0 100#0000000000000000
(1790000002.160000) vcan0 101#800C000000000000
(1790000002.180000) vcan0 100#0000000000000000
(1790000002.180000) vcan0 101#800C000000000000
(1790000002.200000) vcan0 100#0000000000000000
(1790000002.200000) vcan0 101#800C000000000000
(1790000002.200000) vcan0 102#A8FD000000000000
(1790000002.200000) vcan0 110#0000000000000000
(1790000002.200000) vcan0 120#0300000000000000
(1790000002.200000) vcan0 121#0200000000000000
(1790000002.200000) vcan0 203#2300000000000000
(1790000002.220000) vcan0 100#0000000000000000
(1790000002.220000) vcan0 101#800C000000000000
(1790000002.240000) vcan0 100#0000000000000000
(1790000002.240000) vcan0 101#800C000000000000
(1790000002.250000) vcan0 102#A8FD000000000000
(1790000002.260000) vcan0 100#0000000000000000
(1790000002.260000) vcan0 101#800C000000000000
(1790000002.280000) vcan0 100#0000000000000000
(1790000002.280000) vcan0 101#800C000000000000
(1790000002.300000) vcan0 100#0000000000000000
(1790000002.300000) vcan0 101#800C000000000000
(1790000002.300000) vcan0 102#A8FD000000000000
(1790000002.300000) vcan0 110#0000000000000000
(1790000002.300000) vcan0 120#0300000000000000
(1790000002.300000) vcan0 203#2300000000000000
(1790000002.320000) vcan0 100#0000000000000000
(1790000002.320000) vcan0 101#800C000000000000
(1790000002.340000) vcan0 100#0000000000000000
(1790000002.340000) vcan0 101#800C000000000000
(1790000002.350000) vcan0 102#A8FD000000000000
(1790000002.360000) vcan0 100#0000000000000000
(1790000002.360000) vcan0 101#800C000000000000
(1790000002.380000) vcan0 100#0000000000000000
(1790000002.380000) vcan0 101#800C000000000000
(1790000002.400000) vcan0 100#0000000000000000
(1790000002.400000) vcan0 101#800C000000000000
(1790000002.400000) vcan0 102#A8FD000000000000
(1790000002.400000) vcan0 110#0000000000000000
(1790000002.400000) vcan0 120#0300000000000000
(1790000002.400000) vcan0 121#0200000000000000
(1790000002.400000) vcan0 203#2300000000000000
(1790000002.420000) vcan0 100#0000000000000000
(1790000002.420000) vcan0 101#800C000000000000
(1790000002.440000) vcan0 100#0000000000000000
(1790000002.440000) vcan0 101#800C000000000000
(1790000002.450000) vcan0 102#A8FD000000000000
(1790000002.460000) vcan0 100#0000000000000000
(1790000002.460000) vcan0 101#800C000000000000
(1790000002.480000) vcan0 100#0000000000000000
(1790000002.480000) vcan0 101#800C000000000000
(1790000002.500000) vcan0 100#0000000000000000
(1790000002.500000) vcan0 101#800C000000000000
(1790000002.500000) vcan0 102#A8FD000000000000
(1790000002.500000) vcan0 110#0000000000000000
(1790000002.500000) vcan0 120#0300000000000000
(1790000002.500000) vcan0 200#8000000000000000
(1790000002.500000) vcan0 201#8400000000000000
(1790000002.500000) vcan0 203#2300000000000000
(1790000002.500000) vcan0 210#8E00000000000000
(1790000002.520000) vcan0 100#0000000000000000
(1790000002.520000) vcan0 101#800C000000000000
(1790000002.540000) vcan0 100#0000000000000000
(1790000002.540000) vcan0 101#800C000000000000
(1790000002.550000) vcan0 102#A8FD000000000000
(1790000002.560000) vcan0 100#0000000000000000
(1790000002.560000) vcan0 101#800C000000000000
(1790000002.580000) vcan0 100#0000000000000000
(1790000002.580000) vcan0 101#800C000000000000
(1790000002.600000) vcan0 100#0000000000000000
(1790000002.600000) vcan0 101#800C000000000000
(1790000002.600000) vcan0 102#A8FD000000000000
(1790000002.600000) vcan0 110#0000000000000000
(1790000002.600000) vcan0 120#0300000000000000
(1790000002.600000) vcan0 121#0200000000000000
(1790000002.600000) vcan0 203#2300000000000000
(1790000002.620000) vcan0 100#0000000000000000
(1790000002.620000) vcan0 101#800C000000000000
(1790000002.640000) vcan0 100#0000000000000000
(1790000002.640000) vcan0 101#800C000000000000
(1790000002.650000) vcan0 102#A8FD000000000000
(1790000002.660000) vcan0 100#0000000000000000
(1790000002.660000) vcan0 101#800C000000000000
(1790000002.680000) vcan0 100#0000000000000000
(1790000002.680000) vcan0 101#800C000000000000
(1790000002.700000) vcan0 100#0000000000000000
(1790000002.700000) vcan0 101#800C000000000000
(1790000002.700000) vcan0 102#A8FD000000000000
(1790000002.700000) vcan0 110#0000000000000000
(1790000002.700000) vcan0 120#0300000000000000
(1790000002.700000) vcan0 203#2300000000000000
(1790000002.720000) vcan0 100#0000000000000000
(1790000002.720000) vcan0 101#800C000000000000
(1790000002.740000) vcan0 100#0000000000000000
(1790000002.740000) vcan0 101#800C000000000000
(1790000002.750000) vcan0 102#A8FD000000000000
(1790000002.760000) vcan0 100#0000000000000000
(1790000002.760000) vcan0 101#800C000000000000
(1790000002.780000) vcan0 100#0000000000000000
(1790000002.780000) vcan0 101#800C000000000000
(1790000002.800000) vcan0 100#0000000000000000
(1790000002.800000) vcan0 101#800C000000000000
(1790000002.800000) vcan0 102#A8FD000000000000
(1790000002.800000) vcan0 110#0000000000000000
(1790000002.800000) vcan0 120#0300000000000000
(1790000002.800000) vcan0 121#0200000000000000
(1790000002.800000) vcan0 203#2300000000000000
(1790000002.820000) vcan0 100#0000000000000000
(1790000002.820000) vcan0 101#800C000000000000
(1790000002.840000) vcan0 100#0000000000000000
(1790000002.840000) vcan0 101#800C000000000000
(1790000002.850000) vcan0 102#A8FD000000000000
(1790000002.860000) vcan0 100#0000000000000000
(1790000002.860000) vcan0 101#800C000000000000
(1790000002.880000) vcan0 100#0000000000000000
(1790000002.880000) vcan0 101#800C000000000000
(1790000002.900000) vcan0 100#0000000000000000
(1790000002.900000) vcan0 101#800C000000000000
(1790000002.900000) vcan0 102#A8FD000000000000
(1790000002.900000) vcan0 110#0000000000000000
(1790000002.900000) vcan0 120#0300000000000000
(1790000002.900000) vcan0 203#2300000000000000
(1790000002.920000) vcan0 100#0000000000000000
(1790000002.920000) vcan0 101#800C000000000000
(1790000002.940000) vcan0 100#0000000000000000
(1790000002.940000) vcan0 101#800C000000000000
(1790000002.950000) vcan0 102#A8FD000000000000
(1790000002.960000) vcan0 100#0000000000000000
(1790000002.960000) vcan0 101#800C000000000000
(1790000002.980000) vcan0 100#0000000000000000
(1790000002.980000) vcan0 101#800C000000000000
(1790000003.000000) vcan0 100#0000000000000000
(1790000003.000000) vcan0 101#800C000000000000
(1790000003.000000) vcan0 102#A8FD000000000000
(1790000003.000000) vcan0 110#0000000000000000
(1790000003.000000) vcan0 120#0300000000000000
(1790000003.000000) vcan0 121#0200000000000000
(1790000003.000000) vcan0 200#8000000000000000
(1790000003.000000) vcan0 201#8400000000000000
(1790000003.000000) vcan0 202#7C00000000000000
(1790000003.000000) vcan0 203#2300000000000000
(1790000003.000000) vcan0 210#8E00000000000000
(1790000003.000000) vcan0 220#7C00000000000000
(1790000003.000000) vcan0 221#B501000000000000
(1790000003.000000) vcan0 222#4E00000000000000
(1790000003.000000) vcan0 230#94991C0000000000
(1790000003.000000) vcan0 231#B501000000000000
(1790000003.000000) vcan0 232#0019000000000000
(1790000003.000000) vcan0 240#7300000000000000
(1790000003.000000) vcan0 241#7300000000000000
(1790000003.000000) vcan0 242#6E00000000000000
(1790000003.000000) vcan0 243#6E00000000000000
(1790000003.000000) vcan0 18FF0100#7000000000000000
(1790000003.020000) vcan0 100#0000000000000000
(1790000003.020000) vcan0 101#800C000000000000
(1790000003.040000) vcan0 100#0000000000000000
(1790000003.040000) vcan0 101#800C000000000000
(1790000003.050000) vcan0 102#A8FD000000000000
(1790000003.060000) vcan0 100#0000000000000000
(1790000003.060000) vcan0 101#800C000000000000
(1790000003.080000) vcan0 100#0000000000000000
(1790000003.080000) vcan0 101#800C000000000000
(1790000003.100000) vcan0 100#0000000000000000
(1790000003.100000) vcan0 101#800C000000000000
(1790000003.100000) vcan0 102#A8FD000000000000
(1790000003.100000) vcan0 110#0000000000000000
(1790000003.100000) vcan0 120#0300000000000000
(1790000003.100000) vcan0 203#2300000000000000
(1790000003.120000) vcan0 100#0000000000000000
(1790000003.120000) vcan0 101#800C000000000000
(1790000003.140000) vcan0 100#0000000000000000
(1790000003.140000) vcan0 101#800C000000000000
(1790000003.150000) vcan0 102#A8FD000000000000
(1790000003.160000) vcan0 100#0000000000000000
(1790000003.160000) vcan0 101#800C000000000000
(1790000003.180000) vcan0 100#0000000000000000
(1790000003.180000) vcan0 101#800C000000000000
(1790000003.200000) vcan0 100#0000000000000000
(1790000003.200000) vcan0 101#800C000000000000
(1790000003.200000) vcan0 102#A8FD000000000000
(1790000003.200000) vcan0 110#0000000000000000
(1790000003.200000) vcan0 120#0300000000000000
(1790000003.200000) vcan0 121#0200000000000000
(1790000003.200000) vcan0 203#2300000000000000
(1790000003.220000) vcan0 100#0000000000000000
(1790000003.220000) vcan0 101#800C000000000000
(1790000003.240000) vcan0 100#0000000000000000
(1790000003.240000) vcan0 101#800C000000000000
(1790000003.250000) vcan0 102#A8FD000000000000
(1790000003.260000) vcan0 100#0000000000000000
(1790000003.260000) vcan0 101#800C000000000000
(1790000003.280000) vcan0 100#0000000000000000
(1790000003.280000) vcan0 101#800C000000000000
(1790000003.300000) vcan0 100#0000000000000000
(1790000003.300000) vcan0 101#800C000000000000
(1790000003.300000) vcan0 102#A8FD000000000000
(1790000003.300000) vcan0 110#0000000000000000
(1790000003.300000) vcan0 120#0300000000000000
(1790000003.300000) vcan0 203#2300000000000000
(1790000003.320000) vcan0 100#0000000000000000
(1790000003.320000) vcan0 101#800C000000000000
(1790000003.340000) vcan0 100#0000000000000000
(1790000003.340000) vcan0 101#800C000000000000
(1790000003.350000) vcan0 102#A8FD000000000000
(1790000003.360000) vcan0 100#0000000000000000
(1790000003.360000) vcan0 101#800C000000000000
(1790000003.380000) vcan0 100#0000000000000000
(1790000003.380000) vcan0 101#800C000000000000
(1790000003.400000) vcan0 100#0000000000000000
(1790000003.400000) vcan0 101#800C000000000000
(1790000003.400000) vcan0 102#A8FD000000000000
(1790000003.400000) vcan0 110#0000000000000000
(1790000003.400000) vcan0 120#0300000000000000
(1790000003.400000) vcan0 121#0200000000000000
(1790000003.400000) vcan0 203#2300000000000000
(1790000003.420000) vcan0 100#0000000000000000
(1790000003.420000) vcan0 101#800C000000000000
(1790000003.440000) vcan0 100#0000000000000000
(1790000003.440000) vcan0 101#800C000000000000
(1790000003.450000) vcan0 102#A8FD000000000000
(1790000003.460000) vcan0 100#0000000000000000
(1790000003.460000) vcan0 101#800C000000000000
(1790000003.480000) vcan0 100#0000000000000000
(1790000003.480000) vcan0 101#800C000000000000
(1790000003.500000) vcan0 100#0000000000000000
(1790000003.500000) vcan0 101#800C000000000000
(1790000003.500000) vcan0 102#A8FD000000000000
(1790000003.500000) vcan0 110#0000000000000000
(1790000003.500000) vcan0 120#0300000000000000
(1790000003.500000) vcan0 200#8000000000000000
(1790000003.500000) vcan0 201#8400000000000000
(1790000003.500000) vcan0 203#2300000000000000
(1790000003.500000) vcan0 210#8E00000000000000
(1790000003.520000) vcan0 100#0000000000000000
(1790000003.520000) vcan0 101#800C000000000000
(1790000003.540000) vcan0 100#0000000000000000
(1790000003.540000) vcan0 101#800C000000000000
(1790000003.550000) vcan0 102#A8FD000000000000
(1790000003.560000) vcan0 100#0000000000000000
(1790000003.560000) vcan0 101#800C000000000000
(1790000003.580000) vcan0 100#0000000000000000
(1790000003.580000) vcan0 101#800C000000000000
(1790000003.600000) vcan0 100#0000000000000000
(1790000003.600000) vcan0 101#800C000000000000
(1790000003.600000) vcan0 102#A8FD000000000000
(1790000003.600000) vcan0 110#0000000000000000
(1790000003.600000) vcan0 120#0300000000000000
(1790000003.600000) vcan0 121#0200000000000000
(1790000003.600000) vcan0 203#2300000000000000
(1790000003.620000) vcan0 100#0000000000000000
(1790000003.620000) vcan0 101#800C000000000000
(1790000003.640000) vcan0 100#0000000000000000
(1790000003.640000) vcan0 101#800C000000000000
(1790000003.650000) vcan0 102#A8FD000000000000
(1790000003.660000) vcan0 100#0000000000000000
(1790000003.660000) vcan0 101#800C000000000000
(1790000003.680000) vcan0 100#0000000000000000
(1790000003.680000) vcan0 101#800C000000000000
(1790000003.700000) vcan0 100#0000000000000000
(1790000003.700000) vcan0 101#800C000000000000
(1790000003.700000) vcan0 102#A8FD000000000000
(1790000003.700000) vcan0 110#0000000000000000
(1790000003.700000) vcan0 120#0300000000000000
(1790000003.700000) vcan0 203#2300000000000000
(1790000003.720000) vcan0 100#0000000000000000
(1790000003.720000) vcan0 101#800C000000000000
(1790000003.740000) vcan0 100#0000000000000000
(1790000003.740000) vcan0 101#800C000000000000
(1790000003.750000) vcan0 102#A8FD000000000000
(1790000003.760000) vcan0 100#0000000000000000
(1790000003.760000) vcan0 101#800C000000000000
(1790000003.780000) vcan0 100#0000000000000000
(1790000003.780000) vcan0 101#800C000000000000
(1790000003.800000) vcan0 100#0000000000000000
(1790000003.800000) vcan0 101#800C000000000000
(1790000003.800000) vcan0 102#A8FD000000000000
(1790000003.800000) vcan0 110#0000000000000000
(1790000003.800000) vcan0 120#0300000000000000
(1790000003.800000) vcan0 121#0200000000000000
(1790000003.800000) vcan0 203#2300000000000000
(1790000003.820000) vcan0 100#0000000000000000
(1790000003.820000) vcan0 101#800C000000000000
(1790000003.840000) vcan0 100#0000000000000000
(1790000003.840000) vcan0 101#800C000000000000
(1790000003.850000) vcan0 102#A8FD000000000000
(1790000003.860000) vcan0 100#0000000000000000
(1790000003.860000) vcan0 101#800C000000000000
(1790000003.880000) vcan0 100#0000000000000000
(1790000003.880000) vcan0 101#800C000000000000
(1790000003.900000) vcan0 100#0000000000000000
(1790000003.900000) vcan0 101#800C000000000000
(1790000003.900000) vcan0 102#A8FD000000000000
(1790000003.900000) vcan0 110#0000000000000000
(1790000003.900000) vcan0 120#0300000000000000
(1790000003.900000) vcan0 203#2300000000000000
(1790000003.920000) vcan0 100#0000000000000000
(1790000003.920000) vcan0 101#800C000000000000
(1790000003.940000) vcan0 100#0000000000000000
(1790000003.940000) vcan0 101#800C000000000000
(1790000003.950000) vcan0 102#A8FD000000000000
(1790000003.960000) vcan0 100#0000000000000000
(1790000003.960000) vcan0 101#800C000000000000
(1790000003.980000) vcan0 100#0000000000000000
(1790000003.980000) vcan0 101#800C000000000000
(1790000004.000000) vcan0 100#0000000000000000
(1790000004.000000) vcan0 101#800C000000000000
(1790000004.000000) vcan0 102#A8FD000000000000
(1790000004.000000) vcan0 110#0000000000000000
(1790000004.000000) vcan0 120#0300000000000000
(1790000004.000000) vcan0 121#0200000000000000
(1790000004.000000) vcan0 200#8000000000000000
(1790000004.000000) vcan0 201#8400000000000000
(1790000004.000000) vcan0 202#7C00000000000000
(1790000004.000000) vcan0 203#2300000000000000
(1790000004.000000) vcan0 210#8E00000000000000
(1790000004.000000) vcan0 220#7C00000000000000
(1790000004.000000) vcan0 221#B501000000000000
(1790000004.000000) vcan0 222#4E00000000000000
(1790000004.000000) vcan0 230#94991C0000000000
(1790000004.000000) vcan0 231#B501000000000000
(1790000004.000000) vcan0 232#0019000000000000
(1790000004.000000) vcan0 240#7300000000000000
(1790000004.000000) vcan0 241#7300000000000000
(1790000004.000000) vcan0 242#6E00000000000000
(1790000004.000000) vcan0 243#6E00000000000000
(1790000004.000000) vcan0 18FF0100#7000000000000000
(1790000004.020000) vcan0 100#0000000000000000
(1790000004.020000) vcan0 101#800C000000000000
(1790000004.040000) vcan0 100#0000000000000000
(1790000004.040000) vcan0 101#800C000000000000
(1790000004.050000) vcan0 102#A8FD000000000000
(1790000004.060000) vcan0 100#0000000000000000
(1790000004.060000) vcan0 101#800C000000000000
(1790000004.080000) vcan0 100#0000000000000000
(1790000004.080000) vcan0 101#800C000000000000
(1790000004.100000) vcan0 100#0000000000000000
(1790000004.100000) vcan0 101#800C000000000000
(1790000004.100000) vcan0 102#A8FD000000000000
(1790000004.100000) vcan0 110#0000000000000000
(1790000004.100000) vcan0 120#0300000000000000
(1790000004.100000) vcan0 203#2300000000000000
(1790000004.120000) vcan0 100#0000000000000000
(1790000004.120000) vcan0 101#800C000000000000
(1790000004.140000) vcan0 100#0000000000000000
(1790000004.140000) vcan0 101#800C000000000000
(1790000004.150000) vcan0 102#A8FD000000000000
(1790000004.160000) vcan0 100#0000000000000000
(1790000004.160000) vcan0 101#800C000000000000
(1790000004.180000) vcan0 100#0000000000000000
(1790000004.180000) vcan0 101#800C000000000000
(1790000004.200000) vcan0 100#0000000000000000
(1790000004.200000) vcan0 101#800C000000000000
(1790000004.200000) vcan0 102#A8FD000000000000
(1790000004.200000) vcan0 110#0000000000000000
(1790000004.200000) vcan0 120#0300000000000000
(1790000004.200000) vcan0 121#0200000000000000
(1790000004.200000) vcan0 203#2300000000000000
(1790000004.220000) vcan0 100#0000000000000000
(1790000004.220000) vcan0 101#800C000000000000
(1790000004.240000) vcan0 100#0000000000000000
(1790000004.240000) vcan0 101#800C000000000000
(1790000004.250000) vcan0 102#A8FD000000000000
(1790000004.260000) vcan0 100#0000000000000000
(1790000004.260000) vcan0 101#800C000000000000
(1790000004.280000) vcan0 100#0000000000000000
(1790000004.280000) vcan0 101#800C000000000000
(1790000004.300000) vcan0 100#0000000000000000
(1790000004.300000) vcan0 101#800C000000000000
(1790000004.300000) vcan0 102#A8FD000000000000
(1790000004.300000) vcan0 110#0000000000000000
(1790000004.300000) vcan0 120#0300000000000000
(1790000004.300000) vcan0 203#2300000000000000
(1790000004.320000) vcan0 100#0000000000000000
(1790000004.320000) vcan0 101#800C000000000000
(1790000004.340000) vcan0 100#0000000000000000
(1790000004.340000) vcan0 101#800C000000000000
(1790000004.350000) vcan0 102#A8FD000000000000
(1790000004.360000) vcan0 100#0000000000000000
(1790000004.360000) vcan0 101#800C000000000000
(1790000004.380000) vcan0 100#0000000000000000
(1790000004.380000) vcan0 101#800C000000000000
(1790000004.400000) vcan0 100#0000000000000000
(1790000004.400000) vcan0 101#800C000000000000
(1790000004.400000) vcan0 102#A8FD000000000000
(1790000004.400000) vcan0 110#0000000000000000
(1790000004.400000) vcan0 120#0300000000000000
(1790000004.400000) vcan0 121#0200000000000000
(1790000004.400000) vcan0 203#2300000000000000
(1790000004.420000) vcan0 100#0000000000000000
(1790000004.420000) vcan0 101#800C000000000000
(1790000004.440000) vcan0 100#0000000000000000
(1790000004.440000) vcan0 101#800C000000000000
(1790000004.450000) vcan0 102#A8FD000000000000
(1790000004.460000) vcan0 100#0000000000000000
(1790000004.460000) vcan0 101#800C000000000000
(1790000004.480000) vcan0 100#0000000000000000
(1790000004.480000) vcan0 101#800C000000000000
(1790000004.500000) vcan0 100#0000000000000000
(1790000004.500000) vcan0 101#800C000000000000
(1790000004.500000) vcan0 102#A8FD000000000000
(1790000004.500000) vcan0 110#0000000000000000
(1790000004.500000) vcan0 120#0300000000000000
(1790000004.500000) vcan0 200#8000000000000000
(1790000004.500000) vcan0 201#8400000000000000
(1790000004.500000) vcan0 203#2300000000000000
(1790000004.500000) vcan0 210#8E00000000000000
(1790000004.520000) vcan0 100#0000000000000000
(1790000004.520000) vcan0 101#800C000000000000
(1790000004.540000) vcan0 100#0000000000000000
(1790000004.540000) vcan0 101#800C000000000000
(1790000004.550000) vcan0 102#A8FD000000000000
(1790000004.560000) vcan0 100#0000000000000000
(1790000004.560000) vcan0 101#800C000000000000
(1790000004.580000) vcan0 100#0000000000000000
(1790000004.580000) vcan0 101#800C000000000000
(1790000004.600000) vcan0 100#0000000000000000
(1790000004.600000) vcan0 101#800C000000000000
(1790000004.600000) vcan0 102#A8FD000000000000
(1790000004.600000) vcan0 110#0000000000000000
(1790000004.600000) vcan0 120#0300000000000000
(1790000004.600000) vcan0 121#0200000000000000
(1790000004.600000) vcan0 203#2300000000000000
(1790000004.620000) vcan0 100#0000000000000000
(1790000004.620000) vcan0 101#800C000000000000
(1790000004.640000) vcan0 100#0000000000000000
(1790000004.640000) vcan0 101#800C000000000000
(1790000004.650000) vcan0 102#A8FD000000000000
(1790000004.660000) vcan0 100#0000000000000000
(1790000004.660000) vcan0 101#800C000000000000
(1790000004.680000) vcan0 100#0000000000000000
(1790000004.680000) vcan0 101#800C000000000000
(1790000004.700000) vcan0 100#0000000000000000
(1790000004.700000) vcan0 101#800C000000000000
(1790000004.700000) vcan0 102#A8FD000000000000
(1790000004.700000) vcan0 110#0000000000000000
(1790000004.700000) vcan0 120#0300000000000000
(1790000004.700000) vcan0 203#2300000000000000
(1790000004.720000) vcan0 100#0000000000000000
(1790000004.720000) vcan0 101#800C000000000000
(1790000004.740000) vcan0 100#0000000000000000
(1790000004.740000) vcan0 101#800C000000000000
(1790000004.750000) vcan0 102#A8FD000000000000
(1790000004.760000) vcan0 100#0000000000000000
(1790000004.760000) vcan0 101#800C000000000000
(1790000004.780000) vcan0 100#0000000000000000
(1790000004.780000) vcan0 101#800C000000000000
(1790000004.800000) vcan0 100#0000000000000000
(1790000004.800000) vcan0 101#800C000000000000
(1790000004.800000) vcan0 102#A8FD000000000000
(1790000004.800000) vcan0 110#0000000000000000
(1790000004.800000) vcan0 120#0300000000000000
(1790000004.800000) vcan0 121#0200000000000000
(1790000004.800000) vcan0 203#2300000000000000
(1790000004.820000) vcan0 100#0000000000000000
(1790000004.820000) vcan0 101#800C000000000000
(1790000004.840000) vcan0 100#0000000000000000
(1790000004.840000) vcan0 101#800C000000000000
(1790000004.850000) vcan0 102#A8FD000000000000
(1790000004.860000) vcan0 100#0000000000000000
(1790000004.860000) vcan0 101#800C000000000000
(1790000004.880000) vcan0 100#0000000000000000
(1790000004.880000) vcan0 101#800C000000000000
(1790000004.900000) vcan0 100#0000000000000000
(1790000004.900000) vcan0 101#800C000000000000
(1790000004.900000) vcan0 102#A8FD000000000000
(1790000004.900000) vcan0 110#0000000000000000
(1790000004.900000) vcan0 120#0300000000000000
(1790000004.900000) vcan0 203#2300000000000000
(1790000004.920000) vcan0 100#0000000000000000
(1790000004.920000) vcan0 101#800C000000000000
(1790000004.940000) vcan0 100#0000000000000000
(1790000004.940000) vcan0 101#800C000000000000
(1790000004.950000) vcan0 102#A8FD000000000000
(1790000004.960000) vcan0 100#0000000000000000
(1790000004.960000) vcan0 101#800C000000000000
(1790000004.980000) vcan0 100#0000000000000000
(1790000004.980000) vcan0 101#800C000000000000
(1790000005.000000) vcan0 100#0700000000000000
(1790000005.000000) vcan0 101#800C000000000000
(1790000005.000000) vcan0 102#8403000000000000
(1790000005.000000) vcan0 110#0000000000000000
(1790000005.000000) vcan0 120#0300000000000000
(1790000005.000000) vcan0 121#0200000000000000
(1790000005.000000) vcan0 200#8000000000000000
(1790000005.000000) vcan0 201#8400000000000000
(1790000005.000000) vcan0 202#7C00000000000000
(1790000005.000000) vcan0 203#2300000000000000
(1790000005.000000) vcan0 210#8E00000000000000
(1790000005.000000) vcan0 220#7C00000000000000
(1790000005.000000) vcan0 221#B501000000000000
(1790000005.000000) vcan0 222#4E00000000000000
(1790000005.000000) vcan0 230#94991C0000000000
(1790000005.000000) vcan0 231#B501000000000000
(1790000005.000000) vcan0 232#0019000000000000
(1790000005.000000) vcan0 240#7300000000000000
(1790000005.000000) vcan0 241#7300000000000000
(1790000005.000000) vcan0 242#6E00000000000000
(1790000005.000000) vcan0 243#6E00000000000000
(1790000005.000000) vcan0 18FF0100#7000000000000000
(1790000005.020000) vcan0 100#1400000000000000
(1790000005.020000) vcan0 101#800C000000000000
(1790000005.040000) vcan0 100#2100000000000000
(1790000005.040000) vcan0 101#800C000000000000
(1790000005.050000) vcan0 102#8403000000000000
(1790000005.060000) vcan0 100#2F00000000000000
(1790000005.060000) vcan0 101#800C000000000000
(1790000005.080000) vcan0 100#3C00000000000000
(1790000005.080000) vcan0 101#800C000000000000
(1790000005.100000) vcan0 100#4900000000000000
(1790000005.100000) vcan0 101#800C000000000000
(1790000005.100000) vcan0 102#8403000000000000
(1790000005.100000) vcan0 110#0000000000000000
(1790000005.100000) vcan0 120#0300000000000000
(1790000005.100000) vcan0 203#2300000000000000
(1790000005.120000) vcan0 100#5700000000000000
(1790000005.120000) vcan0 101#800C000000000000
(1790000005.140000) vcan0 100#6400000000000000
(1790000005.140000) vcan0 101#800C000000000000
(1790000005.150000) vcan0 102#8403000000000000
(1790000005.160000) vcan0 100#7100000000000000
(1790000005.160000) vcan0 101#502C000000000000
(1790000005.180000) vcan0 100#7F00000000000000
(1790000005.180000) vcan0 101#902C000000000000
(1790000005.200000) vcan0 100#8C00000000000000
(1790000005.200000) vcan0 101#D02C000000000000
(1790000005.200000) vcan0 102#8403000000000000
(1790000005.200000) vcan0 110#0100000000000000
(1790000005.200000) vcan0 120#0300000000000000
(1790000005.200000) vcan0 121#0200000000000000
(1790000005.200000) vcan0 203#3E00000000000000
(1790000005.220000) vcan0 100#9900000000000000
(1790000005.220000) vcan0 101#102D000000000000
(1790000005.240000) vcan0 100#A700000000000000
(1790000005.240000) vcan0 101#502D000000000000
(1790000005.250000) vcan0 102#8403000000000000
(1790000005.260000) vcan0 100#B400000000000000
(1790000005.260000) vcan0 101#902D000000000000
(1790000005.280000) vcan0 100#C100000000000000
(1790000005.280000) vcan0 101#D02D000000000000
(1790000005.300000) vcan0 100#CF00000000000000
(1790000005.300000) vcan0 101#102E000000000000
(1790000005.300000) vcan0 102#8403000000000000
(1790000005.300000) vcan0 110#0100000000000000
(1790000005.300000) vcan0 120#0300000000000000
(1790000005.300000) vcan0 203#3F00000000000000
(1790000005.320000) vcan0 100#DC00000000000000
(1790000005.320000) vcan0 101#502E000000000000
(1790000005.340000) vcan0 100#E900000000000000
(1790000005.340000) vcan0 101#902E000000000000
(1790000005.350000) vcan0 102#8403000000000000
(1790000005.360000) vcan0 100#F700000000000000
(1790000005.360000) vcan0 101#D02E000000000000
(1790000005.380000) vcan0 100#0401000000000000
(1790000005.380000) vcan0 101#102F000000000000
(1790000005.400000) vcan0 100#1101000000000000
(1790000005.400000) vcan0 101#502F000000000000
(1790000005.400000) vcan0 102#8403000000000000
(1790000005.400000) vcan0 110#0100000000000000
(1790000005.400000) vcan0 120#0300000000000000
(1790000005.400000) vcan0 121#0200000000000000
(1790000005.400000) vcan0 203#4000000000000000
(1790000005.420000) vcan0 100#1F01000000000000
(1790000005.420000) vcan0 101#902F000000000000
(1790000005.440000) vcan0 100#2C01000000000000
(1790000005.440000) vcan0 101#D02F000000000000
(1790000005.450000) vcan0 102#8403000000000000
(1790000005.460000) vcan0 100#3901000000000000
(1790000005.460000) vcan0 101#1030000000000000
(1790000005.480000) vcan0 100#4701000000000000
(1790000005.480000) vcan0 101#5030000000000000
(1790000005.500000) vcan0 100#5401000000000000
(1790000005.500000) vcan0 101#9030000000000000
(1790000005.500000) vcan0 102#8403000000000000
(1790000005.500000) vcan0 110#0100000000000000
(1790000005.500000) vcan0 120#0300000000000000
(1790000005.500000) vcan0 200#8000000000000000
(1790000005.500000) vcan0 201#8400000000000000
(1790000005.500000) vcan0 203#4100000000000000
(1790000005.500000) vcan0 210#8E00000000000000
(1790000005.520000) vcan0 100#6101000000000000
(1790000005.520000) vcan0 101#D030000000000000
(1790000005.540000) vcan0 100#6F01000000000000
(1790000005.540000) vcan0 101#1031000000000000
(1790000005.550000) vcan0 102#8403000000000000
(1790000005.560000) vcan0 100#7C01000000000000
(1790000005.560000) vcan0 101#5031000000000000
(1790000005.580000) vcan0 100#8901000000000000
(1790000005.580000) vcan0 101#9031000000000000
(1790000005.600000) vcan0 100#9701000000000000
(1790000005.600000) vcan0 101#D031000000000000
(1790000005.600000) vcan0 102#8403000000000000
(1790000005.600000) vcan0 110#0100000000000000
(1790000005.600000) vcan0 120#0300000000000000
(1790000005.600000) vcan0 121#0200000000000000
(1790000005.600000) vcan0 203#4300000000000000
(1790000005.620000) vcan0 100#A401000000000000
(1790000005.620000) vcan0 101#1032000000000000
(1790000005.640000) vcan0 100#B101000000000000
(1790000005.640000) vcan0 101#5032000000000000
(1790000005.650000) vcan0 102#8403000000000000
(1790000005.660000) vcan0 100#BF01000000000000
(1790000005.660000) vcan0 101#9032000000000000
(1790000005.680000) vcan0 100#CC01000000000000
(1790000005.680000) vcan0 101#D032000000000000
(1790000005.700000) vcan0 100#D901000000000000
(1790000005.700000) vcan0 101#1033000000000000
(1790000005.700000) vcan0 102#8403000000000000
(1790000005.700000) vcan0 110#0100000000000000
(1790000005.700000) vcan0 120#0300000000000000
(1790000005.700000) vcan0 203#4400000000000000
(1790000005.720000) vcan0 100#E701000000000000
(1790000005.720000) vcan0 101#5033000000000000
(1790000005.740000) vcan0 100#F401000000000000
(1790000005.740000) vcan0 101#9033000000000000
(1790000005.750000) vcan0 102#8403000000000000
(1790000005.760000) vcan0 100#0102000000000000
(1790000005.760000) vcan0 101#D033000000000000
(1790000005.780000) vcan0 100#0F02000000000000
(1790000005.780000) vcan0 101#1034000000000000
(1790000005.800000) vcan0 100#1C02000000000000
(1790000005.800000) vcan0 101#5034000000000000
(1790000005.800000) vcan0 102#8403000000000000
(1790000005.800000) vcan0 110#0100000000000000
(1790000005.800000) vcan0 120#0300000000000000
(1790000005.800000) vcan0 121#0200000000000000
(1790000005.800000) vcan0 203#4500000000000000
(1790000005.820000) vcan0 100#2902000000000000
(1790000005.820000) vcan0 101#9034000000000000
(1790000005.840000) vcan0 100#3702000000000000
(1790000005.840000) vcan0 101#D034000000000000
(1790000005.850000) vcan0 102#8403000000000000
(1790000005.860000) vcan0 100#4402000000000000
(1790000005.860000) vcan0 101#1035000000000000
(1790000005.880000) vcan0 100#5102000000000000
(1790000005.880000) vcan0 101#5035000000000000
(1790000005.900000) vcan0 100#5F02000000000000
(1790000005.900000) vcan0 101#9035000000000000
(1790000005.900000) vcan0 102#8403000000000000
(1790000005.900000) vcan0 110#0100000000000000
(1790000005.900000) vcan0 120#0300000000000000
(1790000005.900000) vcan0 203#4600000000000000
(1790000005.920000) vcan0 100#6C02000000000000
(1790000005.920000) vcan0 101#D035000000000000
(1790000005.940000) vcan0 100#7902000000000000
(1790000005.940000) vcan0 101#1036000000000000
(1790000005.950000) vcan0 102#8403000000000000
(1790000005.960000) vcan0 100#8702000000000000
(1790000005.960000) vcan0 101#5036000000000000
(1790000005.980000) vcan0 100#9402000000000000
(1790000005.980000) vcan0 101#9036000000000000
(1790000006.000000) vcan0 100#A102000000000000
(1790000006.000000) vcan0 101#D036000000000000
(1790000006.000000) vcan0 102#8403000000000000
(1790000006.000000) vcan0 110#0100000000000000
(1790000006.000000) vcan0 120#0300000000000000
(1790000006.000000) vcan0 121#0200000000000000
(1790000006.000000) vcan0 200#8000000000000000
(1790000006.000000) vcan0 201#8400000000000000
(1790000006.000000) vcan0 202#7C00000000000000
(1790000006.000000) vcan0 203#4700000000000000
(1790000006.000000) vcan0 210#8E00000000000000
(1790000006.000000) vcan0 220#7C00000000000000
(1790000006.000000) vcan0 221#B501000000000000
(1790000006.000000) vcan0 222#4E00000000000000
(1790000006.000000) vcan0 230#94991C0000000000
(1790000006.000000) vcan0 231#B501000000000000
(1790000006.000000) vcan0 232#0019000000000000
(1790000006.000000) vcan0 240#7300000000000000
(1790000006.000000) vcan0 241#7300000000000000
(1790000006.000000) vcan0 242#6E00000000000000
(1790000006.000000) vcan0 243#6E00000000000000
(1790000006.000000) vcan0 18FF0100#7000000000000000
(1790000006.020000) vcan0 100#AF02000000000000
(1790000006.020000) vcan0 101#1037000000000000
(1790000006.040000) vcan0 100#BC02000000000000
(1790000006.040000) vcan0 101#5037000000000000
(1790000006.050000) vcan0 102#8403000000000000
(1790000006.060000) vcan0 100#C902000000000000
(1790000006.060000) vcan0 101#9037000000000000
(1790000006.080000) vcan0 100#D702000000000000
(1790000006.080000) vcan0 101#D037000000000000
(1790000006.100000) vcan0 100#E402000000000000
(1790000006.100000) vcan0 101#1038000000000000
(1790000006.100000) vcan0 102#8403000000000000
(1790000006.100000) vcan0 110#0100000000000000
(1790000006.100000) vcan0 120#0300000000000000
(1790000006.100000) vcan0 203#4800000000000000
(1790000006.120000) vcan0 100#F102000000000000
(1790000006.120000) vcan0 101#5038000000000000
(1790000006.140000) vcan0 100#FF02000000000000
(1790000006.140000) vcan0 101#9038000000000000
(1790000006.150000) vcan0 102#8403000000000000
(1790000006.160000) vcan0 100#0C03000000000000
(1790000006.160000) vcan0 101#D038000000000000
(1790000006.180000) vcan0 100#1903000000000000
(1790000006.180000) vcan0 101#1039000000000000
(1790000006.200000) vcan0 100#2703000000000000
(1790000006.200000) vcan0 101#5039000000000000
(1790000006.200000) vcan0 102#8403000000000000
(1790000006.200000) vcan0 110#0100000000000000
(1790000006.200000) vcan0 120#0300000000000000
(1790000006.200000) vcan0 121#0200000000000000
(1790000006.200000) vcan0 203#4900000000000000
(1790000006.220000) vcan0 100#3403000000000000
(1790000006.220000) vcan0 101#9039000000000000
(1790000006.240000) vcan0 100#4103000000000000
(1790000006.240000) vcan0 101#D039000000000000
(1790000006.250000) vcan0 102#8403000000000000
(1790000006.260000) vcan0 100#4F03000000000000
(1790000006.260000) vcan0 101#103A000000000000
(1790000006.280000) vcan0 100#5C03000000000000
(1790000006.280000) vcan0 101#503A000000000000
(1790000006.300000) vcan0 100#6903000000000000
(1790000006.300000) vcan0 101#903A000000000000
(1790000006.300000) vcan0 102#8403000000000000
(1790000006.300000) vcan0 110#0100000000000000
(1790000006.300000) vcan0 120#0300000000000000
(1790000006.300000) vcan0 203#4A00000000000000
(1790000006.320000) vcan0 100#7703000000000000
(1790000006.320000) vcan0 101#D03A000000000000
(1790000006.340000) vcan0 100#8403000000000000
(1790000006.340000) vcan0 101#103B000000000000
(1790000006.350000) vcan0 102#8403000000000000
(1790000006.360000) vcan0 100#9103000000000000
(1790000006.360000) vcan0 101#503B000000000000
(1790000006.380000) vcan0 100#9F03000000000000
(1790000006.380000) vcan0 101#903B000000000000
(1790000006.400000) vcan0 100#AC03000000000000
(1790000006.400000) vcan0 101#D03B000000000000
(1790000006.400000) vcan0 102#8403000000000000
(1790000006.400000) vcan0 110#0100000000000000
(1790000006.400000) vcan0 120#0300000000000000
(1790000006.400000) vcan0 121#0200000000000000
(1790000006.400000) vcan0 203#4B00000000000000
(1790000006.420000) vcan0 100#B903000000000000
(1790000006.420000) vcan0 101#103C000000000000
(1790000006.440000) vcan0 100#C703000000000000
(1790000006.440000) vcan0 101#503C000000000000
(1790000006.450000) vcan0 102#8403000000000000
(1790000006.460000) vcan0 100#D403000000000000
(1790000006.460000) vcan0 101#903C000000000000
(1790000006.480000) vcan0 100#E103000000000000
(1790000006.480000) vcan0 101#D03C000000000000
(1790000006.500000) vcan0 100#EF03000000000000
(1790000006.500000) vcan0 101#103D000000000000
(1790000006.500000) vcan0 102#8403000000000000
(1790000006.500000) vcan0 110#0100000000000000
(1790000006.500000) vcan0 120#0300000000000000
(1790000006.500000) vcan0 200#8000000000000000
(1790000006.500000) vcan0 201#8400000000000000
(1790000006.500000) vcan0 203#4C00000000000000
(1790000006.500000) vcan0 210#8E00000000000000
(1790000006.520000) vcan0 100#FC03000000000000
(1790000006.520000) vcan0 101#503D000000000000
(1790000006.540000) vcan0 100#0904000000000000
(1790000006.540000) vcan0 101#903D000000000000
(1790000006.550000) vcan0 102#8403000000000000
(1790000006.560000) vcan0 100#1704000000000000
(1790000006.560000) vcan0 101#D03D000000000000
(1790000006.580000) vcan0 100#2404000000000000
(1790000006.580000) vcan0 101#103E000000000000
(1790000006.600000) vcan0 100#3104000000000000
(1790000006.600000) vcan0 101#503E000000000000
(1790000006.600000) vcan0 102#8403000000000000
(1790000006.600000) vcan0 110#0100000000000000
(1790000006.600000) vcan0 120#0300000000000000
(1790000006.600000) vcan0 121#0200000000000000
(1790000006.600000) vcan0 203#4D00000000000000
(1790000006.620000) vcan0 100#3F04000000000000
(1790000006.620000) vcan0 101#903E000000000000
(1790000006.640000) vcan0 100#4C04000000000000
(1790000006.640000) vcan0 101#D03E000000000000
(1790000006.650000) vcan0 102#8403000000000000
(1790000006.660000) vcan0 100#5904000000000000
(1790000006.660000) vcan0 101#103F000000000000
(1790000006.680000) vcan0 100#6704000000000000
(1790000006.680000) vcan0 101#503F000000000000
(1790000006.700000) vcan0 100#7404000000000000
(1790000006.700000) vcan0 101#903F000000000000
(1790000006.700000) vcan0 102#8403000000000000
(1790000006.700000) vcan0 110#0100000000000000
(1790000006.700000) vcan0 120#0300000000000000
(1790000006.700000) vcan0 203#4E00000000000000
(1790000006.720000) vcan0 100#8104000000000000
(1790000006.720000) vcan0 101#D03F000000000000
(1790000006.740000) vcan0 100#8F04000000000000
(1790000006.740000) vcan0 101#1040000000000000
(1790000006.750000) vcan0 102#8403000000000000
(1790000006.760000) vcan0 100#9C04000000000000
(1790000006.760000) vcan0 101#5040000000000000
(1790000006.780000) vcan0 100#A904000000000000
(1790000006.780000) vcan0 101#9040000000000000
(1790000006.800000) vcan0 100#B704000000000000
(1790000006.800000) vcan0 101#D040000000000000
(1790000006.800000) vcan0 102#8403000000000000
(1790000006.800000) vcan0 110#0100000000000000
(1790000006.800000) vcan0 120#0300000000000000
(1790000006.800000) vcan0 121#0200000000000000
(1790000006.800000) vcan0 203#4F00000000000000
(1790000006.820000) vcan0 100#C404000000000000
(1790000006.820000) vcan0 101#1041000000000000
(1790000006.840000) vcan0 100#D104000000000000
(1790000006.840000) vcan0 101#5041000000000000
(1790000006.850000) vcan0 102#8403000000000000
(1790000006.860000) vcan0 100#DF04000000000000
(1790000006.860000) vcan0 101#9041000000000000
(1790000006.880000) vcan0 100#EC04000000000000
(1790000006.880000) vcan0 101#D041000000000000
(1790000006.900000) vcan0 100#F904000000000000
(1790000006.900000) vcan0 101#1042000000000000
(1790000006.900000) vcan0 102#8403000000000000
(1790000006.900000) vcan0 110#0100000000000000
(1790000006.900000) vcan0 120#0300000000000000
(1790000006.900000) vcan0 203#5000000000000000
(1790000006.920000) vcan0 100#0705000000000000
(1790000006.920000) vcan0 101#5042000000000000
(1790000006.940000) vcan0 100#1405000000000000
(1790000006.940000) vcan0 101#9042000000000000
(1790000006.950000) vcan0 102#8403000000000000
(1790000006.960000) vcan0 100#2105000000000000
(1790000006.960000) vcan0 101#D042000000000000
(1790000006.980000) vcan0 100#2F05000000000000
(1790000006.980000) vcan0 101#1043000000000000
(1790000007.000000) vcan0 100#3C05000000000000
(1790000007.000000) vcan0 101#5043000000000000
(1790000007.000000) vcan0 102#8403000000000000
(1790000007.000000) vcan0 110#0100000000000000
(1790000007.000000) vcan0 120#0300000000000000
(1790000007.000000) vcan0 121#0200000000000000
(1790000007.000000) vcan0 200#8000000000000000
(1790000007.000000) vcan0 201#8400000000000000
(1790000007.000000) vcan0 202#7C00000000000000
(1790000007.000000) vcan0 203#5100000000000000
(1790000007.000000) vcan0 210#8E00000000000000
(1790000007.000000) vcan0 220#7C00000000000000
(1790000007.000000) vcan0 221#B501000000000000
(1790000007.000000) vcan0 222#4E00000000000000
(1790000007.000000) vcan0 230#94991C0000000000
(1790000007.000000) vcan0 231#B501000000000000
(1790000007.000000) vcan0 232#0019000000000000
(1790000007.000000) vcan0 240#7300000000000000
(1790000007.000000) vcan0 241#7300000000000000
(1790000007.000000) vcan0 242#6E00000000000000
(1790000007.000000) vcan0 243#6E00000000000000
(1790000007.000000) vcan0 18FF0100#7000000000000000
(1790000007.020000) vcan0 100#4905000000000000
(1790000007.020000) vcan0 101#9043000000000000
(1790000007.040000) vcan0 100#5705000000000000
(1790000007.040000) vcan0 101#D043000000000000
(1790000007.050000) vcan0 102#8403000000000000
(1790000007.060000) vcan0 100#6405000000000000
(1790000007.060000) vcan0 101#1044000000000000
(1790000007.080000) vcan0 100#7105000000000000
(1790000007.080000) vcan0 101#5044000000000000
(1790000007.100000) vcan0 100#7F05000000000000
(1790000007.100000) vcan0 101#9044000000000000
(1790000007.100000) vcan0 102#8403000000000000
(1790000007.100000) vcan0 110#0100000000000000
(1790000007.100000) vcan0 120#0300000000000000
(1790000007.100000) vcan0 203#5300000000000000
(1790000007.120000) vcan0 100#8C05000000000000
(1790000007.120000) vcan0 101#D044000000000000
(1790000007.140000) vcan0 100#9905000000000000
(1790000007.140000) vcan0 101#1045000000000000
(1790000007.150000) vcan0 102#8403000000000000
(1790000007.160000) vcan0 100#A705000000000000
(1790000007.160000) vcan0 101#5045000000000000
(1790000007.180000) vcan0 100#B405000000000000
(1790000007.180000) vcan0 101#9045000000000000
(1790000007.200000) vcan0 100#C105000000000000
(1790000007.200000) vcan0 101#D045000000000000
(1790000007.200000) vcan0 102#8403000000000000
(1790000007.200000) vcan0 110#0100000000000000
(1790000007.200000) vcan0 120#0300000000000000
(1790000007.200000) vcan0 121#0200000000000000
(1790000007.200000) vcan0 203#5400000000000000
(1790000007.220000) vcan0 100#CF05000000000000
(1790000007.220000) vcan0 101#1046000000000000
(1790000007.240000) vcan0 100#DC05000000000000
(1790000007.240000) vcan0 101#5046000000000000
(1790000007.250000) vcan0 102#8403000000000000
(1790000007.260000) vcan0 100#E905000000000000
(1790000007.260000) vcan0 101#9046000000000000
(1790000007.280000) vcan0 100#F705000000000000
(1790000007.280000) vcan0 101#D046000000000000
(1790000007.300000) vcan0 100#0406000000000000
(1790000007.300000) vcan0 101#1047000000000000
(1790000007.300000) vcan0 102#8403000000000000
(1790000007.300000) vcan0 110#0100000000000000
(1790000007.300000) vcan0 120#0300000000000000
(1790000007.300000) vcan0 203#5500000000000000
(1790000007.320000) vcan0 100#1106000000000000
(1790000007.320000) vcan0 101#5047000000000000
(1790000007.340000) vcan0 100#1F06000000000000
(1790000007.340000) vcan0 101#9047000000000000
(1790000007.350000) vcan0 102#8403000000000000
(1790000007.360000) vcan0 100#2C06000000000000
(1790000007.360000) vcan0 101#D047000000000000
(1790000007.380000) vcan0 100#3906000000000000
(1790000007.380000) vcan0 101#1048000000000000
(1790000007.400000) vcan0 100#4706000000000000
(1790000007.400000) vcan0 101#5048000000000000
(1790000007.400000) vcan0 102#8403000000000000
(1790000007.400000) vcan0 110#0100000000000000
(1790000007.400000) vcan0 120#0300000000000000
(1790000007.400000) vcan0 121#0200000000000000
(1790000007.400000) vcan0 203#5600000000000000
(1790000007.420000) vcan0 100#5406000000000000
(1790000007.420000) vcan0 101#9048000000000000
(1790000007.440000) vcan0 100#6106000000000000
(1790000007.440000) vcan0 101#D048000000000000
(1790000007.450000) vcan0 102#8403000000000000
(1790000007.460000) vcan0 100#6F06000000000000
(1790000007.460000) vcan0 101#1049000000000000
(1790000007.480000) vcan0 100#7C06000000000000
(1790000007.480000) vcan0 101#5049000000000000
(1790000007.500000) vcan0 100#8906000000000000
(1790000007.500000) vcan0 101#9049000000000000
(1790000007.500000) vcan0 102#8403000000000000
(1790000007.500000) vcan0 110#0100000000000000
(1790000007.500000) vcan0 120#0300000000000000
(1790000007.500000) vcan0 200#8000000000000000
(1790000007.500000) vcan0 201#8400000000000000
(1790000007.500000) vcan0 203#5700000000000000
(1790000007.500000) vcan0 210#8E00000000000000
(1790000007.520000) vcan0 100#9706000000000000
(1790000007.520000) vcan0 101#D049000000000000
(1790000007.540000) vcan0 100#A406000000000000
(1790000007.540000) vcan0 101#104A000000000000
(1790000007.550000) vcan0 102#8403000000000000
(1790000007.560000) vcan0 100#B106000000000000
(1790000007.560000) vcan0 101#504A000000000000
(1790000007.580000) vcan0 100#BF06000000000000
(1790000007.580000) vcan0 101#904A000000000000
(1790000007.600000) vcan0 100#CC06000000000000
(1790000007.600000) vcan0 101#D04A000000000000
(1790000007.600000) vcan0 102#8403000000000000
(1790000007.600000) vcan0 110#0100000000000000
(1790000007.600000) vcan0 120#0300000000000000
(1790000007.600000) vcan0 121#0200000000000000
(1790000007.600000) vcan0 203#5800000000000000
(1790000007.620000) vcan0 100#D906000000000000
(1790000007.620000) vcan0 101#104B000000000000
(1790000007.640000) vcan0 100#E706000000000000
(1790000007.640000) vcan0 101#504B000000000000
(1790000007.650000) vcan0 102#8403000000000000
(1790000007.660000) vcan0 100#F406000000000000
(1790000007.660000) vcan0 101#904B000000000000
(1790000007.680000) vcan0 100#0107000000000000
(1790000007.680000) vcan0 101#D04B000000000000
(1790000007.700000) vcan0 100#0F07000000000000
(1790000007.700000) vcan0 101#104C000000000000
(1790000007.700000) vcan0 102#8403000000000000
(1790000007.700000) vcan0 110#0100000000000000
(1790000007.700000) vcan0 120#0300000000000000
(1790000007.700000) vcan0 203#5900000000000000
(1790000007.720000) vcan0 100#1C07000000000000
(1790000007.720000) vcan0 101#504C000000000000
(1790000007.740000) vcan0 100#2907000000000000
(1790000007.740000) vcan0 101#904C000000000000
(1790000007.750000) vcan0 102#8403000000000000
(1790000007.760000) vcan0 100#3707000000000000
(1790000007.760000) vcan0 101#D04C000000000000
(1790000007.780000) vcan0 100#4407000000000000
(1790000007.780000) vcan0 101#104D000000000000
(1790000007.800000) vcan0 100#5107000000000000
(1790000007.800000) vcan0 101#504D000000000000
(1790000007.800000) vcan0 102#8403000000000000
(1790000007.800000) vcan0 110#0100000000000000
(1790000007.800000) vcan0 120#0300000000000000
(1790000007.800000) vcan0 121#0200000000000000
(1790000007.800000) vcan0 203#5A00000000000000
(1790000007.820000) vcan0 100#5F07000000000000
(1790000007.820000) vcan0 101#904D000000000000
(1790000007.840000) vcan0 100#6C07000000000000
(1790000007.840000) vcan0 101#D04D000000000000
(1790000007.850000) vcan0 102#8403000000000000
(1790000007.860000) vcan0 100#7907000000000000
(1790000007.860000) vcan0 101#104E000000000000
(1790000007.880000) vcan0 100#8707000000000000
(1790000007.880000) vcan0 101#504E000000000000
(1790000007.900000) vcan0 100#9407000000000000
(1790000007.900000) vcan0 101#904E000000000000
(1790000007.900000) vcan0 102#8403000000000000
(1790000007.900000) vcan0 110#0100000000000000
(1790000007.900000) vcan0 120#0300000000000000
(1790000007.900000) vcan0 203#5B00000000000000
(1790000007.920000) vcan0 100#A107000000000000
(1790000007.920000) vcan0 101#D04E000000000000
(1790000007.940000) vcan0 100#AF07000000000000
(1790000007.940000) vcan0 101#104F000000000000
(1790000007.950000) vcan0 102#8403000000000000
(1790000007.960000) vcan0 100#BC07000000000000
(1790000007.960000) vcan0 101#504F000000000000
(1790000007.980000) vcan0 100#C907000000000000
(1790000007.980000) vcan0 101#904F000000000000
(1790000008.000000) vcan0 100#D707000000000000
(1790000008.000000) vcan0 101#D04F000000000000
(1790000008.000000) vcan0 102#8403000000000000
(1790000008.000000) vcan0 110#0100000000000000
(1790000008.000000) vcan0 120#0300000000000000
(1790000008.000000) vcan0 121#0200000000000000
(1790000008.000000) vcan0 200#8000000000000000
(1790000008.000000) vcan0 201#8400000000000000
(1790000008.000000) vcan0 202#7C00000000000000
(1790000008.000000) vcan0 203#5C00000000000000
(1790000008.000000) vcan0 210#8E00000000000000
(1790000008.000000) vcan0 220#7C00000000000000
(1790000008.000000) vcan0 221#B501000000000000
(1790000008.000000) vcan0 222#4E00000000000000
(1790000008.000000) vcan0 230#94991C0000000000
(1790000008.000000) vcan0 231#B501000000000000
(1790000008.000000) vcan0 232#0019000000000000
(1790000008.000000) vcan0 240#7300000000000000
(1790000008.000000) vcan0 241#7300000000000000
(1790000008.000000) vcan0 242#6E00000000000000
(1790000008.000000) vcan0 243#6E00000000000000
(1790000008.000000) vcan0 18FF0100#7000000000000000
(1790000008.020000) vcan0 100#E407000000000000
(1790000008.020000) vcan0 101#1050000000000000
(1790000008.040000) vcan0 100#F107000000000000
(1790000008.040000) vcan0 101#5050000000000000
(1790000008.050000) vcan0 102#8403000000000000
(1790000008.060000) vcan0 100#FF07000000000000
(1790000008.060000) vcan0 101#9050000000000000
(1790000008.080000) vcan0 100#0C08000000000000
(1790000008.080000) vcan0 101#D050000000000000
(1790000008.100000) vcan0 100#1908000000000000
(1790000008.100000) vcan0 101#1051000000000000
(1790000008.100000) vcan0 102#8403000000000000
(1790000008.100000) vcan0 110#0100000000000000
(1790000008.100000) vcan0 120#0300000000000000
(1790000008.100000) vcan0 203#5D00000000000000
(1790000008.120000) vcan0 100#2708000000000000
(1790000008.120000) vcan0 101#5051000000000000
(1790000008.140000) vcan0 100#3408000000000000
(1790000008.140000) vcan0 101#9051000000000000
(1790000008.150000) vcan0 102#8403000000000000
(1790000008.160000) vcan0 100#4108000000000000
(1790000008.160000) vcan0 101#D051000000000000
(1790000008.180000) vcan0 100#4F08000000000000
(1790000008.180000) vcan0 101#1052000000000000
(1790000008.200000) vcan0 100#5C08000000000000
(1790000008.200000) vcan0 101#5052000000000000
(1790000008.200000) vcan0 102#8403000000000000
(1790000008.200000) vcan0 110#0100000000000000
(1790000008.200000) vcan0 120#0300000000000000
(1790000008.200000) vcan0 121#0200000000000000
(1790000008.200000) vcan0 203#5E00000000000000
(1790000008.220000) vcan0 100#6908000000000000
(1790000008.220000) vcan0 101#9052000000000000
(1790000008.240000) vcan0 100#7708000000000000
(1790000008.240000) vcan0 101#D052000000000000
(1790000008.250000) vcan0 102#8403000000000000
(1790000008.260000) vcan0 100#8408000000000000
(1790000008.260000) vcan0 101#1053000000000000
(1790000008.280000) vcan0 100#9108000000000000
(1790000008.280000) vcan0 101#5053000000000000
(1790000008.300000) vcan0 100#9F08000000000000
(1790000008.300000) vcan0 101#502A000000000000
(1790000008.300000) vcan0 102#8403000000000000
(1790000008.300000) vcan0 110#0200000000000000
(1790000008.300000) vcan0 120#0300000000000000
(1790000008.300000) vcan0 203#3C00000000000000
(1790000008.320000) vcan0 100#AC08000000000000
(1790000008.320000) vcan0 101#902A000000000000
(1790000008.340000) vcan0 100#B908000000000000
(1790000008.340000) vcan0 101#D02A000000000000
(1790000008.350000) vcan0 102#8403000000000000
(1790000008.360000) vcan0 100#C708000000000000
(1790000008.360000) vcan0 101#102B000000000000
(1790000008.380000) vcan0 100#D408000000000000
(1790000008.380000) vcan0 101#502B000000000000
(1790000008.400000) vcan0 100#E108000000000000
(1790000008.400000) vcan0 101#902B000000000000
(1790000008.400000) vcan0 102#8403000000000000
(1790000008.400000) vcan0 110#0200000000000000
(1790000008.400000) vcan0 120#0300000000000000
(1790000008.400000) vcan0 121#0200000000000000
(1790000008.400000) vcan0 203#3D00000000000000
(1790000008.420000) vcan0 100#EF08000000000000
(1790000008.420000) vcan0 101#D02B000000000000
(1790000008.440000) vcan0 100#FC08000000000000
(1790000008.440000) vcan0 101#102C000000000000
(1790000008.450000) vcan0 102#8403000000000000
(1790000008.460000) vcan0 100#0909000000000000
(1790000008.460000) vcan0 101#502C000000000000
(1790000008.480000) vcan0 100#1709000000000000
(1790000008.480000) vcan0 101#902C000000000000
(1790000008.500000) vcan0 100#2409000000000000
(1790000008.500000) vcan0 101#D02C000000000000
(1790000008.500000) vcan0 102#8403000000000000
(1790000008.500000) vcan0 110#0200000000000000
(1790000008.500000) vcan0 120#0300000000000000
(1790000008.500000) vcan0 200#8000000000000000
(1790000008.500000) vcan0 201#8400000000000000
(1790000008.500000) vcan0 203#3E00000000000000
(1790000008.500000) vcan0 210#8E00000000000000
(1790000008.520000) vcan0 100#3109000000000000
(1790000008.520000) vcan0 101#102D000000000000
(1790000008.540000) vcan0 100#3F09000000000000
(1790000008.540000) vcan0 101#502D000000000000
(1790000008.550000) vcan0 102#8403000000000000
(1790000008.560000) vcan0 100#4C09000000000000
(1790000008.560000) vcan0 101#902D000000000000
(1790000008.580000) vcan0 100#5909000000000000
(1790000008.580000) vcan0 101#D02D000000000000
(1790000008.600000) vcan0 100#6709000000000000
(1790000008.600000) vcan0 101#102E000000000000
(1790000008.600000) vcan0 102#8403000000000000
(1790000008.600000) vcan0 110#0200000000000000
(1790000008.600000) vcan0 120#0300000000000000
(1790000008.600000) vcan0 121#0200000000000000
(1790000008.600000) vcan0 203#3F00000000000000
(1790000008.620000) vcan0 100#7409000000000000
(1790000008.620000) vcan0 101#502E000000000000
(1790000008.640000) vcan0 100#8109000000000000
(1790000008.640000) vcan0 101#902E000000000000
(1790000008.650000) vcan0 102#8403000000000000
(1790000008.660000) vcan0 100#8F09000000000000
(1790000008.660000) vcan0 101#D02E000000000000
(1790000008.680000) vcan0 100#9C09000000000000
(1790000008.680000) vcan0 101#102F000000000000
(1790000008.700000) vcan0 100#A909000000000000
(1790000008.700000) vcan0 101#502F000000000000
(1790000008.700000) vcan0 102#8403000000000000
(1790000008.700000) vcan0 110#0200000000000000
(1790000008.700000) vcan0 120#0300000000000000
(1790000008.700000) vcan0 203#4000000000000000
(1790000008.720000) vcan0 100#B709000000000000
(1790000008.720000) vcan0 101#902F000000000000
(1790000008.740000) vcan0 100#C409000000000000
(1790000008.740000) vcan0 101#D02F000000000000
(1790000008.750000) vcan0 102#8403000000000000
(1790000008.760000) vcan0 100#D109000000000000
(1790000008.760000) vcan0 101#1030000000000000
(1790000008.780000) vcan0 100#DF09000000000000
(1790000008.780000) vcan0 101#5030000000000000
(1790000008.800000) vcan0 100#EC09000000000000
(1790000008.800000) vcan0 101#9030000000000000
(1790000008.800000) vcan0 102#8403000000000000
(1790000008.800000) vcan0 110#0200000000000000
(1790000008.800000) vcan0 120#0300000000000000
(1790000008.800000) vcan0 121#0200000000000000
(1790000008.800000) vcan0 203#4100000000000000
(1790000008.820000) vcan0 100#F909000000000000
(1790000008.820000) vcan0 101#D030000000000000
(1790000008.840000) vcan0 100#070A000000000000
(1790000008.840000) vcan0 101#1031000000000000
(1790000008.850000) vcan0 102#8403000000000000
(1790000008.860000) vcan0 100#140A000000000000
(1790000008.860000) vcan0 101#5031000000000000
(1790000008.880000) vcan0 100#210A000000000000
(1790000008.880000) vcan0 101#9031000000000000
(1790000008.900000) vcan0 100#2F0A000000000000
(1790000008.900000) vcan0 101#D031000000000000
(1790000008.900000) vcan0 102#8403000000000000
(1790000008.900000) vcan0 110#0200000000000000
(1790000008.900000) vcan0 120#0300000000000000
(1790000008.900000) vcan0 203#4300000000000000
(1790000008.920000) vcan0 100#3C0A000000000000
(1790000008.920000) vcan0 101#1032000000000000
(1790000008.940000) vcan0 100#490A000000000000
(1790000008.940000) vcan0 101#5032000000000000
(1790000008.950000) vcan0 102#8403000000000000
(1790000008.960000) vcan0 100#570A000000000000
(1790000008.960000) vcan0 101#9032000000000000
(1790000008.980000) vcan0 100#640A000000000000
(1790000008.980000) vcan0 101#D032000000000000
(1790000009.000000) vcan0 100#710A000000000000
(1790000009.000000) vcan0 101#1033000000000000
(1790000009.000000) vcan0 102#8403000000000000
(1790000009.000000) vcan0 110#0200000000000000
(1790000009.000000) vcan0 120#0300000000000000
(1790000009.000000) vcan0 121#0200000000000000
(1790000009.000000) vcan0 200#8000000000000000
(1790000009.000000) vcan0 201#8400000000000000
(1790000009.000000) vcan0 202#7C00000000000000
(1790000009.000000) vcan0 203#4400000000000000
(1790000009.000000) vcan0 210#8E00000000000000
(1790000009.000000) vcan0 220#7C00000000000000
(1790000009.000000) vcan0 221#B501000000000000
(1790000009.000000) vcan0 222#4E00000000000000
(1790000009.000000) vcan0 230#94991C0000000000
(1790000009.000000) vcan0 231#B501000000000000
(1790000009.000000) vcan0 232#0019000000000000
(1790000009.000000) vcan0 240#7300000000000000
(1790000009.000000) vcan0 241#7300000000000000
(1790000009.000000) vcan0 242#6E00000000000000
(1790000009.000000) vcan0 243#6E00000000000000
(1790000009.000000) vcan0 18FF0100#7000000000000000
(1790000009.020000) vcan0 100#7F0A000000000000
(1790000009.020000) vcan0 101#5033000000000000
(1790000009.040000) vcan0 100#8C0A000000000000
(1790000009.040000) vcan0 101#9033000000000000
(1790000009.050000) vcan0 102#8403000000000000
(1790000009.060000) vcan0 100#990A000000000000
(1790000009.060000) vcan0 101#D033000000000000
(1790000009.080000) vcan0 100#A70A000000000000
(1790000009.080000) vcan0 101#1034000000000000
(1790000009.100000) vcan0 100#B40A000000000000
(1790000009.100000) vcan0 101#5034000000000000
(1790000009.100000) vcan0 102#8403000000000000
(1790000009.100000) vcan0 110#0200000000000000
(1790000009.100000) vcan0 120#0300000000000000
(1790000009.100000) vcan0 203#4500000000000000
(1790000009.120000) vcan0 100#C10A000000000000
(1790000009.120000) vcan0 101#9034000000000000
(1790000009.140000) vcan0 100#CF0A000000000000
(1790000009.140000) vcan0 101#D034000000000000
(1790000009.150000) vcan0 102#8403000000000000
(1790000009.160000) vcan0 100#DC0A000000000000
(1790000009.160000) vcan0 101#1035000000000000
(1790000009.180000) vcan0 100#E90A000000000000
(1790000009.180000) vcan0 101#5035000000000000
(1790000009.200000) vcan0 100#F70A000000000000
(1790000009.200000) vcan0 101#9035000000000000
(1790000009.200000) vcan0 102#8403000000000000
(1790000009.200000) vcan0 110#0200000000000000
(1790000009.200000) vcan0 120#0300000000000000
(1790000009.200000) vcan0 121#0200000000000000
(1790000009.200000) vcan0 203#4600000000000000
(1790000009.220000) vcan0 100#040B000000000000
(1790000009.220000) vcan0 101#D035000000000000
(1790000009.240000) vcan0 100#110B000000000000
(1790000009.240000) vcan0 101#1036000000000000
(1790000009.250000) vcan0 102#8403000000000000
(1790000009.260000) vcan0 100#1F0B000000000000
(1790000009.260000) vcan0 101#5036000000000000
(1790000009.280000) vcan0 100#2C0B000000000000
(1790000009.280000) vcan0 101#9036000000000000
(1790000009.300000) vcan0 100#390B000000000000
(1790000009.300000) vcan0 101#D036000000000000
(1790000009.300000) vcan0 102#8403000000000000
(1790000009.300000) vcan0 110#0200000000000000
(1790000009.300000) vcan0 120#0300000000000000
(1790000009.300000) vcan0 203#4700000000000000
(1790000009.320000) vcan0 100#470B000000000000
(1790000009.320000) vcan0 101#1037000000000000
(1790000009.340000) vcan0 100#540B000000000000
(1790000009.340000) vcan0 101#5037000000000000
(1790000009.350000) vcan0 102#8403000000000000
(1790000009.360000) vcan0 100#610B000000000000
(1790000009.360000) vcan0 101#9037000000000000
(1790000009.380000) vcan0 100#6F0B000000000000
(1790000009.380000) vcan0 101#D037000000000000
(1790000009.400000) vcan0 100#7C0B000000000000
(1790000009.400000) vcan0 101#1038000000000000
(1790000009.400000) vcan0 102#8403000000000000
(1790000009.400000) vcan0 110#0200000000000000
(1790000009.400000) vcan0 120#0300000000000000
(1790000009.400000) vcan0 121#0200000000000000
(1790000009.400000) vcan0 203#4800000000000000
(1790000009.420000) vcan0 100#890B000000000000
(1790000009.420000) vcan0 101#5038000000000000
(1790000009.440000) vcan0 100#970B000000000000
(1790000009.440000) vcan0 101#9038000000000000
(1790000009.450000) vcan0 102#8403000000000000
(1790000009.460000) vcan0 100#A40B000000000000
(1790000009.460000) vcan0 101#D038000000000000
(1790000009.480000) vcan0 100#B10B000000000000
(1790000009.480000) vcan0 101#1039000000000000
(1790000009.500000) vcan0 100#BF0B000000000000
(1790000009.500000) vcan0 101#5039000000000000
(1790000009.500000) vcan0 102#8403000000000000
(1790000009.500000) vcan0 110#0200000000000000
(1790000009.500000) vcan0 120#0300000000000000
(1790000009.500000) vcan0 200#8000000000000000
(1790000009.500000) vcan0 201#8400000000000000
(1790000009.500000) vcan0 203#4900000000000000
(1790000009.500000) vcan0 210#8E00000000000000
(1790000009.520000) vcan0 100#CC0B000000000000
(1790000009.520000) vcan0 101#9039000000000000
(1790000009.540000) vcan0 100#D90B000000000000
(1790000009.540000) vcan0 101#D039000000000000
(1790000009.550000) vcan0 102#8403000000000000
(1790000009.560000) vcan0 100#E70B000000000000
(1790000009.560000) vcan0 101#103A000000000000
(1790000009.580000) vcan0 100#F40B000000000000
(1790000009.580000) vcan0 101#503A000000000000
(1790000009.600000) vcan0 100#010C000000000000
(1790000009.600000) vcan0 101#903A000000000000
(1790000009.600000) vcan0 102#8403000000000000
(1790000009.600000) vcan0 110#0200000000000000
(1790000009.600000) vcan0 120#0300000000000000
(1790000009.600000) vcan0 121#0200000000000000
(1790000009.600000) vcan0 203#4A00000000000000
(1790000009.620000) vcan0 100#0F0C000000000000
(1790000009.620000) vcan0 101#D03A000000000000
(1790000009.640000) vcan0 100#1C0C000000000000
(1790000009.640000) vcan0 101#103B000000000000
(1790000009.650000) vcan0 102#8403000000000000
(1790000009.660000) vcan0 100#290C000000000000
(1790000009.660000) vcan0 101#503B000000000000
(1790000009.680000) vcan0 100#370C000000000000
(1790000009.680000) vcan0 101#903B000000000000
(1790000009.700000) vcan0 100#440C000000000000
(1790000009.700000) vcan0 101#D03B000000000000
(1790000009.700000) vcan0 102#8403000000000000
(1790000009.700000) vcan0 110#0200000000000000
(1790000009.700000) vcan0 120#0300000000000000
(1790000009.700000) vcan0 203#4B00000000000000
(1790000009.720000) vcan0 100#510C000000000000
(1790000009.720000) vcan0 101#103C000000000000
(1790000009.740000) vcan0 100#5F0C000000000000
(1790000009.740000) vcan0 101#503C000000000000
(1790000009.750000) vcan0 102#8403000000000000
(1790000009.760000) vcan0 100#6C0C000000000000
(1790000009.760000) vcan0 101#903C000000000000
(1790000009.780000) vcan0 100#790C000000000000
(1790000009.780000) vcan0 101#D03C000000000000
(1790000009.800000) vcan0 100#870C000000000000
(1790000009.800000) vcan0 101#103D000000000000
(1790000009.800000) vcan0 102#8403000000000000
(1790000009.800000) vcan0 110#0200000000000000
(1790000009.800000) vcan0 120#0300000000000000
(1790000009.800000) vcan0 121#0200000000000000
(1790000009.800000) vcan0 203#4C00000000000000
(1790000009.820000) vcan0 100#940C000000000000
(1790000009.820000) vcan0 101#503D000000000000
(1790000009.840000) vcan0 100#A10C000000000000
(1790000009.840000) vcan0 101#903D000000000000
(1790000009.850000) vcan0 102#8403000000000000
(1790000009.860000) vcan0 100#AF0C000000000000
(1790000009.860000) vcan0 101#D03D000000000000
(1790000009.880000) vcan0 100#BC0C000000000000
(1790000009.880000) vcan0 101#103E000000000000
(1790000009.900000) vcan0 100#C90C000000000000
(1790000009.900000) vcan0 101#503E000000000000
(1790000009.900000) vcan0 102#8403000000000000
(1790000009.900000) vcan0 110#0200000000000000
(1790000009.900000) vcan0 120#0300000000000000
(1790000009.900000) vcan0 203#4D00000000000000
(1790000009.920000) vcan0 100#D70C000000000000
(1790000009.920000) vcan0 101#903E000000000000
(1790000009.940000) vcan0 100#E40C000000000000
(1790000009.940000) vcan0 101#D03E000000000000
(1790000009.950000) vcan0 102#8403000000000000
(1790000009.960000) vcan0 100#F10C000000000000
(1790000009.960000) vcan0 101#103F000000000000
(1790000009.980000) vcan0 100#FF0C000000000000
(1790000009.980000) vcan0 101#503F000000000000
(1790000010.000000) vcan0 100#0C0D000000000000
(1790000010.000000) vcan0 101#903F000000000000
(1790000010.000000) vcan0 102#8403000000000000
(1790000010.000000) vcan0 110#0200000000000000
(1790000010.000000) vcan0 120#0300000000000000
(1790000010.000000) vcan0 121#0200000000000000
(1790000010.000000) vcan0 200#8000000000000000
(1790000010.000000) vcan0 201#8400000000000000
(1790000010.000000) vcan0 202#7C00000000000000
(1790000010.000000) vcan0 203#4E00000000000000
(1790000010.000000) vcan0 210#8E00000000000000
(1790000010.000000) vcan0 220#7C00000000000000
(1790000010.000000) vcan0 221#B501000000000000
(1790000010.000000) vcan0 222#4E00000000000000
(1790000010.000000) vcan0 230#94991C0000000000
(1790000010.000000) vcan0 231#B501000000000000
(1790000010.000000) vcan0 232#0019000000000000
(1790000010.000000) vcan0 240#7300000000000000
(1790000010.000000) vcan0 241#7300000000000000
(1790000010.000000) vcan0 242#6E00000000000000
(1790000010.000000) vcan0 243#6E00000000000000
(1790000010.000000) vcan0 18FF0100#7000000000000000
(1790000010.020000) vcan0 100#190D000000000000
(1790000010.020000) vcan0 101#D03F000000000000
(1790000010.040000) vcan0 100#270D000000000000
(1790000010.040000) vcan0 101#1040000000000000
(1790000010.050000) vcan0 102#8403000000000000
(1790000010.060000) vcan0 100#340D000000000000
(1790000010.060000) vcan0 101#5040000000000000
(1790000010.080000) vcan0 100#410D000000000000
(1790000010.080000) vcan0 101#9040000000000000
(1790000010.100000) vcan0 100#4F0D000000000000
(1790000010.100000) vcan0 101#D040000000000000
(1790000010.100000) vcan0 102#8403000000000000
(1790000010.100000) vcan0 110#0200000000000000
(1790000010.100000) vcan0 120#0300000000000000
(1790000010.100000) vcan0 203#4F00000000000000
(1790000010.120000) vcan0 100#5C0D000000000000
(1790000010.120000) vcan0 101#1041000000000000
(1790000010.140000) vcan0 100#690D000000000000
(1790000010.140000) vcan0 101#5041000000000000
(1790000010.150000) vcan0 102#8403000000000000
(1790000010.160000) vcan0 100#770D000000000000
(1790000010.160000) vcan0 101#9041000000000000
(1790000010.180000) vcan0 100#840D000000000000
(1790000010.180000) vcan0 101#D041000000000000
(1790000010.200000) vcan0 100#910D000000000000
(1790000010.200000) vcan0 101#1042000000000000
(1790000010.200000) vcan0 102#8403000000000000
(1790000010.200000) vcan0 110#0200000000000000
(1790000010.200000) vcan0 120#0300000000000000
(1790000010.200000) vcan0 121#0200000000000000
(1790000010.200000) vcan0 203#5000000000000000
(1790000010.220000) vcan0 100#9F0D000000000000
(1790000010.220000) vcan0 101#5042000000000000
(1790000010.240000) vcan0 100#AC0D000000000000
(1790000010.240000) vcan0 101#9042000000000000
(1790000010.250000) vcan0 102#8403000000000000
(1790000010.260000) vcan0 100#B90D000000000000
(1790000010.260000) vcan0 101#D042000000000000
(1790000010.280000) vcan0 100#C70D000000000000
(1790000010.280000) vcan0 101#1043000000000000
(1790000010.300000) vcan0 100#D40D000000000000
(1790000010.300000) vcan0 101#5043000000000000
(1790000010.300000) vcan0 102#8403000000000000
(1790000010.300000) vcan0 110#0200000000000000
(1790000010.300000) vcan0 120#0300000000000000
(1790000010.300000) vcan0 203#5100000000000000
(1790000010.320000) vcan0 100#E10D000000000000
(1790000010.320000) vcan0 101#9043000000000000
(1790000010.340000) vcan0 100#EF0D000000000000
(1790000010.340000) vcan0 101#D043000000000000
(1790000010.350000) vcan0 102#8403000000000000
(1790000010.360000) vcan0 100#FC0D000000000000
(1790000010.360000) vcan0 101#1044000000000000
(1790000010.380000) vcan0 100#090E000000000000
(1790000010.380000) vcan0 101#5044000000000000
(1790000010.400000) vcan0 100#170E000000000000
(1790000010.400000) vcan0 101#9044000000000000
(1790000010.400000) vcan0 102#8403000000000000
(1790000010.400000) vcan0 110#0200000000000000
(1790000010.400000) vcan0 120#0300000000000000
(1790000010.400000) vcan0 121#0200000000000000
(1790000010.400000) vcan0 203#5300000000000000
(1790000010.420000) vcan0 100#240E000000000000
(1790000010.420000) vcan0 101#D044000000000000
(1790000010.440000) vcan0 100#310E000000000000
(1790000010.440000) vcan0 101#1045000000000000
(1790000010.450000) vcan0 102#8403000000000000
(1790000010.460000) vcan0 100#3F0E000000000000
(1790000010.460000) vcan0 101#5045000000000000
(1790000010.480000) vcan0 100#4C0E000000000000
(1790000010.480000) vcan0 101#9045000000000000
(1790000010.500000) vcan0 100#590E000000000000
(1790000010.500000) vcan0 101#D045000000000000
(1790000010.500000) vcan0 102#8403000000000000
(1790000010.500000) vcan0 110#0200000000000000
(1790000010.500000) vcan0 120#0300000000000000
(1790000010.500000) vcan0 200#8000000000000000
(1790000010.500000) vcan0 201#8400000000000000
(1790000010.500000) vcan0 203#5400000000000000
(1790000010.500000) vcan0 210#8E00000000000000
(1790000010.520000) vcan0 100#670E000000000000
(1790000010.520000) vcan0 101#1046000000000000
(1790000010.540000) vcan0 100#740E000000000000
(1790000010.540000) vcan0 101#5046000000000000
(1790000010.550000) vcan0 102#8403000000000000
(1790000010.560000) vcan0 100#810E000000000000
(1790000010.560000) vcan0 101#9046000000000000
(1790000010.580000) vcan0 100#8F0E000000000000
(1790000010.580000) vcan0 101#D046000000000000
(1790000010.600000) vcan0 100#9C0E000000000000
(1790000010.600000) vcan0 101#1047000000000000
(1790000010.600000) vcan0 102#8403000000000000
(1790000010.600000) vcan0 110#0200000000000000
(1790000010.600000) vcan0 120#0300000000000000
(1790000010.600000) vcan0 121#0200000000000000
(1790000010.600000) vcan0 203#5500000000000000
(1790000010.620000) vcan0 100#A90E000000000000
(1790000010.620000) vcan0 101#5047000000000000
(1790000010.640000) vcan0 100#B70E000000000000
(1790000010.640000) vcan0 101#9047000000000000
(1790000010.650000) vcan0 102#8403000000000000
(1790000010.660000) vcan0 100#C40E000000000000
(1790000010.660000) vcan0 101#D047000000000000
(1790000010.680000) vcan0 100#D10E000000000000
(1790000010.680000) vcan0 101#1048000000000000
(1790000010.700000) vcan0 100#DF0E000000000000
(1790000010.700000) vcan0 101#5048000000000000
(1790000010.700000) vcan0 102#8403000000000000
(1790000010.700000) vcan0 110#0200000000000000
(1790000010.700000) vcan0 120#0300000000000000
(1790000010.700000) vcan0 203#5600000000000000
(1790000010.720000) vcan0 100#EC0E000000000000
(1790000010.720000) vcan0 101#9048000000000000
(1790000010.740000) vcan0 100#F90E000000000000
(1790000010.740000) vcan0 101#D048000000000000
(1790000010.750000) vcan0 102#8403000000000000
(1790000010.760000) vcan0 100#070F000000000000
(1790000010.760000) vcan0 101#1049000000000000
(1790000010.780000) vcan0 100#140F000000000000
(1790000010.780000) vcan0 101#5049000000000000
(1790000010.800000) vcan0 100#210F000000000000
(1790000010.800000) vcan0 101#9049000000000000
(1790000010.800000) vcan0 102#8403000000000000
(1790000010.800000) vcan0 110#0200000000000000
(1790000010.800000) vcan0 120#0300000000000000
(1790000010.800000) vcan0 121#0200000000000000
(1790000010.800000) vcan0 203#5700000000000000
(1790000010.820000) vcan0 100#2F0F000000000000
(1790000010.820000) vcan0 101#D049000000000000
(1790000010.840000) vcan0 100#3C0F000000000000
(1790000010.840000) vcan0 101#104A000000000000
(1790000010.850000) vcan0 102#8403000000000000
(1790000010.860000) vcan0 100#490F000000000000
(1790000010.860000) vcan0 101#504A000000000000
(1790000010.880000) vcan0 100#570F000000000000
(1790000010.880000) vcan0 101#904A000000000000
(1790000010.900000) vcan0 100#640F000000000000
(1790000010.900000) vcan0 101#D04A000000000000
(1790000010.900000) vcan0 102#8403000000000000
(1790000010.900000) vcan0 110#0200000000000000
(1790000010.900000) vcan0 120#0300000000000000
(1790000010.900000) vcan0 203#5800000000000000
(1790000010.920000) vcan0 100#710F000000000000
(1790000010.920000) vcan0 101#104B000000000000
(1790000010.940000) vcan0 100#7F0F000000000000
(1790000010.940000) vcan0 101#504B000000000000
(1790000010.950000) vcan0 102#8403000000000000
(1790000010.960000) vcan0 100#8C0F000000000000
(1790000010.960000) vcan0 101#904B000000000000
(1790000010.980000) vcan0 100#990F000000000000
(1790000010.980000) vcan0 101#D04B000000000000
(1790000011.000000) vcan0 100#A70F000000000000
(1790000011.000000) vcan0 101#104C000000000000
(1790000011.000000) vcan0 102#8403000000000000
(1790000011.000000) vcan0 110#0200000000000000
(1790000011.000000) vcan0 120#0300000000000000
(1790000011.000000) vcan0 121#0200000000000000
(1790000011.000000) vcan0 200#8000000000000000
(1790000011.000000) vcan0 201#8400000000000000
(1790000011.000000) vcan0 202#7C00000000000000
(1790000011.000000) vcan0 203#5900000000000000
(1790000011.000000) vcan0 210#8E00000000000000
(1790000011.000000) vcan0 220#7C00000000000000
(1790000011.000000) vcan0 221#B501000000000000
(1790000011.000000) vcan0 222#4E00000000000000
(1790000011.000000) vcan0 230#94991C0000000000
(1790000011.000000) vcan0 231#B501000000000000
(1790000011.000000) vcan0 232#0019000000000000
(1790000011.000000) vcan0 240#7300000000000000
(1790000011.000000) vcan0 241#7300000000000000
(1790000011.000000) vcan0 242#6E00000000000000
(1790000011.000000) vcan0 243#6E00000000000000
(1790000011.000000) vcan0 18FF0100#7000000000000000
(1790000011.020000) vcan0 100#B40F000000000000
(1790000011.020000) vcan0 101#504C000000000000
(1790000011.040000) vcan0 100#C10F000000000000
(1790000011.040000) vcan0 101#904C000000000000
(1790000011.050000) vcan0 102#8403000000000000
(1790000011.060000) vcan0 100#CF0F000000000000
(1790000011.060000) vcan0 101#D04C000000000000
(1790000011.080000) vcan0 100#DC0F000000000000
(1790000011.080000) vcan0 101#104D000000000000
(1790000011.100000) vcan0 100#E90F000000000000
(1790000011.100000) vcan0 101#504D000000000000
(1790000011.100000) vcan0 102#8403000000000000
(1790000011.100000) vcan0 110#0200000000000000
(1790000011.100000) vcan0 120#0300000000000000
(1790000011.100000) vcan0 203#5A00000000000000
(1790000011.120000) vcan0 100#F70F000000000000
(1790000011.120000) vcan0 101#904D000000000000
(1790000011.140000) vcan0 100#0410000000000000
(1790000011.140000) vcan0 101#D04D000000000000
(1790000011.150000) vcan0 102#8403000000000000
(1790000011.160000) vcan0 100#1110000000000000
(1790000011.160000) vcan0 101#104E000000000000
(1790000011.180000) vcan0 100#1F10000000000000
(1790000011.180000) vcan0 101#504E000000000000
(1790000011.200000) vcan0 100#2C10000000000000
(1790000011.200000) vcan0 101#904E000000000000
(1790000011.200000) vcan0 102#8403000000000000
(1790000011.200000) vcan0 110#0200000000000000
(1790000011.200000) vcan0 120#0300000000000000
(1790000011.200000) vcan0 121#0200000000000000
(1790000011.200000) vcan0 203#5B00000000000000
(1790000011.220000) vcan0 100#3910000000000000
(1790000011.220000) vcan0 101#D04E000000000000
(1790000011.240000) vcan0 100#4710000000000000
(1790000011.240000) vcan0 101#104F000000000000
(1790000011.250000) vcan0 102#8403000000000000
(1790000011.260000) vcan0 100#5410000000000000
(1790000011.260000) vcan0 101#504F000000000000
(1790000011.280000) vcan0 100#6110000000000000
(1790000011.280000) vcan0 101#904F000000000000
(1790000011.300000) vcan0 100#6F10000000000000
(1790000011.300000) vcan0 101#D04F000000000000
(1790000011.300000) vcan0 102#8403000000000000
(1790000011.300000) vcan0 110#0200000000000000
(1790000011.300000) vcan0 120#0300000000000000
(1790000011.300000) vcan0 203#5C00000000000000
(1790000011.320000) vcan0 100#7C10000000000000
(1790000011.320000) vcan0 101#1050000000000000
(1790000011.340000) vcan0 100#8910000000000000
(1790000011.340000) vcan0 101#5050000000000000
(1790000011.350000) vcan0 102#8403000000000000
(1790000011.360000) vcan0 100#9710000000000000
(1790000011.360000) vcan0 101#9050000000000000
(1790000011.380000) vcan0 100#A410000000000000
(1790000011.380000) vcan0 101#D050000000000000
(1790000011.400000) vcan0 100#B110000000000000
(1790000011.400000) vcan0 101#1051000000000000
(1790000011.400000) vcan0 102#8403000000000000
(1790000011.400000) vcan0 110#0200000000000000
(1790000011.400000) vcan0 120#0300000000000000
(1790000011.400000) vcan0 121#0200000000000000
(1790000011.400000) vcan0 203#5D00000000000000
(1790000011.420000) vcan0 100#BF10000000000000
(1790000011.420000) vcan0 101#5051000000000000
(1790000011.440000) vcan0 100#CC10000000000000
(1790000011.440000) vcan0 101#9051000000000000
(1790000011.450000) vcan0 102#8403000000000000
(1790000011.460000) vcan0 100#D910000000000000
(1790000011.460000) vcan0 101#D051000000000000
(1790000011.480000) vcan0 100#E710000000000000
(1790000011.480000) vcan0 101#1052000000000000
(1790000011.500000) vcan0 100#F410000000000000
(1790000011.500000) vcan0 101#5052000000000000
(1790000011.500000) vcan0 102#8403000000000000
(1790000011.500000) vcan0 110#0200000000000000
(1790000011.500000) vcan0 120#0300000000000000
(1790000011.500000) vcan0 200#8000000000000000
(1790000011.500000) vcan0 201#8400000000000000
(1790000011.500000) vcan0 203#5E00000000000000
(1790000011.500000) vcan0 210#8E00000000000000
(1790000011.520000) vcan0 100#0111000000000000
(1790000011.520000) vcan0 101#9052000000000000
(1790000011.540000) vcan0 100#0F11000000000000
(1790000011.540000) vcan0 101#D052000000000000
(1790000011.550000) vcan0 102#8403000000000000
(1790000011.560000) vcan0 100#1C11000000000000
(1790000011.560000) vcan0 101#1053000000000000
(1790000011.580000) vcan0 100#2911000000000000
(1790000011.580000) vcan0 101#5053000000000000
(1790000011.600000) vcan0 100#3711000000000000
(1790000011.600000) vcan0 101#502A000000000000
(1790000011.600000) vcan0 102#8403000000000000
(1790000011.600000) vcan0 110#0300000000000000
(1790000011.600000) vcan0 120#0300000000000000
(1790000011.600000) vcan0 121#0200000000000000
(1790000011.600000) vcan0 203#3C00000000000000
(1790000011.620000) vcan0 100#4411000000000000
(1790000011.620000) vcan0 101#902A000000000000
(1790000011.640000) vcan0 100#5111000000000000
(1790000011.640000) vcan0 101#D02A000000000000
(1790000011.650000) vcan0 102#8403000000000000
(1790000011.660000) vcan0 100#5F11000000000000
(1790000011.660000) vcan0 101#102B000000000000
(1790000011.680000) vcan0 100#6C11000000000000
(1790000011.680000) vcan0 101#502B000000000000
(1790000011.700000) vcan0 100#7911000000000000
(1790000011.700000) vcan0 101#902B000000000000
(1790000011.700000) vcan0 102#8403000000000000
(1790000011.700000) vcan0 110#0300000000000000
(1790000011.700000) vcan0 120#0300000000000000
(1790000011.700000) vcan0 203#3D00000000000000
(1790000011.720000) vcan0 100#8711000000000000
(1790000011.720000) vcan0 101#D02B000000000000
(1790000011.740000) vcan0 100#9411000000000000
(1790000011.740000) vcan0 101#102C000000000000
(1790000011.750000) vcan0 102#8403000000000000
(1790000011.760000) vcan0 100#A111000000000000
(1790000011.760000) vcan0 101#502C000000000000
(1790000011.780000) vcan0 100#AF11000000000000
(1790000011.780000) vcan0 101#902C000000000000
(1790000011.800000) vcan0 100#BC11000000000000
(1790000011.800000) vcan0 101#D02C000000000000
(1790000011.800000) vcan0 102#8403000000000000
(1790000011.800000) vcan0 110#0300000000000000
(1790000011.800000) vcan0 120#0300000000000000
(1790000011.800000) vcan0 121#0200000000000000
(1790000011.800000) vcan0 203#3E00000000000000
(1790000011.820000) vcan0 100#C911000000000000
(1790000011.820000) vcan0 101#102D000000000000
(1790000011.840000) vcan0 100#D711000000000000
(1790000011.840000) vcan0 101#502D000000000000
(1790000011.850000) vcan0 102#8403000000000000
(1790000011.860000) vcan0 100#E411000000000000
(1790000011.860000) vcan0 101#902D000000000000
(1790000011.880000) vcan0 100#F111000000000000
(1790000011.880000) vcan0 101#D02D000000000000
(1790000011.900000) vcan0 100#FF11000000000000
(1790000011.900000) vcan0 101#102E000000000000
(1790000011.900000) vcan0 102#8403000000000000
(1790000011.900000) vcan0 110#0300000000000000
(1790000011.900000) vcan0 120#0300000000000000
(1790000011.900000) vcan0 203#3F00000000000000
(1790000011.920000) vcan0 100#0C12000000000000
(1790000011.920000) vcan0 101#502E000000000000
(1790000011.940000) vcan0 100#1912000000000000
(1790000011.940000) vcan0 101#902E000000000000
(1790000011.950000) vcan0 102#8403000000000000
(1790000011.960000) vcan0 100#2712000000000000
(1790000011.960000) vcan0 101#D02E000000000000
(1790000011.980000) vcan0 100#3412000000000000
(1790000011.980000) vcan0 101#102F000000000000
(1790000012.000000) vcan0 100#4112000000000000
(1790000012.000000) vcan0 101#502F000000000000
(1790000012.000000) vcan0 102#8403000000000000
(1790000012.000000) vcan0 110#0300000000000000
(1790000012.000000) vcan0 120#0300000000000000
(1790000012.000000) vcan0 121#0200000000000000
(1790000012.000000) vcan0 200#8000000000000000
(1790000012.000000) vcan0 201#8400000000000000
(1790000012.000000) vcan0 202#7C00000000000000
(1790000012.000000) vcan0 203#4000000000000000
(1790000012.000000) vcan0 210#8E00000000000000
(1790000012.000000) vcan0 220#7C00000000000000
(1790000012.000000) vcan0 221#B501000000000000
(1790000012.000000) vcan0 222#4E00000000000000
(1790000012.000000) vcan0 230#94991C0000000000
(1790000012.000000) vcan0 231#B501000000000000
(1790000012.000000) vcan0 232#0019000000000000
(1790000012.000000) vcan0 240#7300000000000000
(1790000012.000000) vcan0 241#7300000000000000
(1790000012.000000) vcan0 242#6E00000000000000
(1790000012.000000) vcan0 243#6E00000000000000
(1790000012.000000) vcan0 18FF0100#7000000000000000
(1790000012.020000) vcan0 100#4F12000000000000
(1790000012.020000) vcan0 101#902F000000000000
(1790000012.040000) vcan0 100#5C12000000000000
(1790000012.040000) vcan0 101#D02F000000000000
(1790000012.050000) vcan0 102#8403000000000000
(1790000012.060000) vcan0 100#6912000000000000
(1790000012.060000) vcan0 101#1030000000000000
(1790000012.080000) vcan0 100#7712000000000000
(1790000012.080000) vcan0 101#5030000000000000
(1790000012.100000) vcan0 100#8412000000000000
(1790000012.100000) vcan0 101#9030000000000000
(1790000012.100000) vcan0 102#8403000000000000
(1790000012.100000) vcan0 110#0300000000000000
(1790000012.100000) vcan0 120#0300000000000000
(1790000012.100000) vcan0 203#4100000000000000
(1790000012.120000) vcan0 100#9112000000000000
(1790000012.120000) vcan0 101#D030000000000000
(1790000012.140000) vcan0 100#9F12000000000000
(1790000012.140000) vcan0 101#1031000000000000
(1790000012.150000) vcan0 102#8403000000000000
(1790000012.160000) vcan0 100#AC12000000000000
(1790000012.160000) vcan0 101#5031000000000000
(1790000012.180000) vcan0 100#B912000000000000
(1790000012.180000) vcan0 101#9031000000000000
(1790000012.200000) vcan0 100#C712000000000000
(1790000012.200000) vcan0 101#D031000000000000
(1790000012.200000) vcan0 102#8403000000000000
(1790000012.200000) vcan0 110#0300000000000000
(1790000012.200000) vcan0 120#0300000000000000
(1790000012.200000) vcan0 121#0200000000000000
(1790000012.200000) vcan0 203#4300000000000000
(1790000012.220000) vcan0 100#D412000000000000
(1790000012.220000) vcan0 101#1032000000000000
(1790000012.240000) vcan0 100#E112000000000000
(1790000012.240000) vcan0 101#5032000000000000
(1790000012.250000) vcan0 102#8403000000000000
(1790000012.260000) vcan0 100#EF12000000000000
(1790000012.260000) vcan0 101#9032000000000000
(1790000012.280000) vcan0 100#FC12000000000000
(1790000012.280000) vcan0 101#D032000000000000
(1790000012.300000) vcan0 100#0913000000000000
(1790000012.300000) vcan0 101#1033000000000000
(1790000012.300000) vcan0 102#8403000000000000
(1790000012.300000) vcan0 110#0300000000000000
(1790000012.300000) vcan0 120#0300000000000000
(1790000012.300000) vcan0 203#4400000000000000
(1790000012.320000) vcan0 100#1713000000000000
(1790000012.320000) vcan0 101#5033000000000000
(1790000012.340000) vcan0 100#2413000000000000
(1790000012.340000) vcan0 101#9033000000000000
(1790000012.350000) vcan0 102#8403000000000000
(1790000012.360000) vcan0 100#3113000000000000
(1790000012.360000) vcan0 101#D033000000000000
(1790000012.380000) vcan0 100#3F13000000000000
(1790000012.380000) vcan0 101#1034000000000000
(1790000012.400000) vcan0 100#4C13000000000000
(1790000012.400000) vcan0 101#5034000000000000
(1790000012.400000) vcan0 102#8403000000000000
(1790000012.400000) vcan0 110#0300000000000000
(1790000012.400000) vcan0 120#0300000000000000
(1790000012.400000) vcan0 121#0200000000000000
(1790000012.400000) vcan0 203#4500000000000000
(1790000012.420000) vcan0 100#5913000000000000
(1790000012.420000) vcan0 101#9034000000000000
(1790000012.440000) vcan0 100#6713000000000000
(1790000012.440000) vcan0 101#D034000000000000
(1790000012.450000) vcan0 102#8403000000000000
(1790000012.460000) vcan0 100#7413000000000000
(1790000012.460000) vcan0 101#1035000000000000
(1790000012.480000) vcan0 100#8113000000000000
(1790000012.480000) vcan0 101#5035000000000000
(1790000012.500000) vcan0 100#8F13000000000000
(1790000012.500000) vcan0 101#9035000000000000
(1790000012.500000) vcan0 102#8403000000000000
(1790000012.500000) vcan0 110#0300000000000000
(1790000012.500000) vcan0 120#0300000000000000
(1790000012.500000) vcan0 200#8000000000000000
(1790000012.500000) vcan0 201#8400000000000000
(1790000012.500000) vcan0 203#4600000000000000
(1790000012.500000) vcan0 210#8E00000000000000
(1790000012.520000) vcan0 100#9C13000000000000
(1790000012.520000) vcan0 101#D035000000000000
(1790000012.540000) vcan0 100#A913000000000000
(1790000012.540000) vcan0 101#1036000000000000
(1790000012.550000) vcan0 102#8403000000000000
(1790000012.560000) vcan0 100#B713000000000000
(1790000012.560000) vcan0 101#5036000000000000
(1790000012.580000) vcan0 100#C413000000000000
(1790000012.580000) vcan0 101#9036000000000000
(1790000012.600000) vcan0 100#D113000000000000
(1790000012.600000) vcan0 101#D036000000000000
(1790000012.600000) vcan0 102#8403000000000000
(1790000012.600000) vcan0 110#0300000000000000
(1790000012.600000) vcan0 120#0300000000000000
(1790000012.600000) vcan0 121#0200000000000000
(1790000012.600000) vcan0 203#4700000000000000
(1790000012.620000) vcan0 100#DF13000000000000
(1790000012.620000) vcan0 101#1037000000000000
(1790000012.640000) vcan0 100#EC13000000000000
(1790000012.640000) vcan0 101#5037000000000000
(1790000012.650000) vcan0 102#8403000000000000
(1790000012.660000) vcan0 100#F913000000000000
(1790000012.660000) vcan0 101#9037000000000000
(1790000012.680000) vcan0 100#0714000000000000
(1790000012.680000) vcan0 101#D037000000000000
(1790000012.700000) vcan0 100#1414000000000000
(1790000012.700000) vcan0 101#1038000000000000
(1790000012.700000) vcan0 102#8403000000000000
(1790000012.700000) vcan0 110#0300000000000000
(1790000012.700000) vcan0 120#0300000000000000
(1790000012.700000) vcan0 203#4800000000000000
(1790000012.720000) vcan0 100#2114000000000000
(1790000012.720000) vcan0 101#5038000000000000
(1790000012.740000) vcan0 100#2F14000000000000
(1790000012.740000) vcan0 101#9038000000000000
(1790000012.750000) vcan0 102#8403000000000000
(1790000012.760000) vcan0 100#3C14000000000000
(1790000012.760000) vcan0 101#D038000000000000
(1790000012.780000) vcan0 100#4914000000000000
(1790000012.780000) vcan0 101#1039000000000000
(1790000012.800000) vcan0 100#5714000000000000
(1790000012.800000) vcan0 101#5039000000000000
(1790000012.800000) vcan0 102#8403000000000000
(1790000012.800000) vcan0 110#0300000000000000
(1790000012.800000) vcan0 120#0300000000000000
(1790000012.800000) vcan0 121#0200000000000000
(1790000012.800000) vcan0 203#4900000000000000
(1790000012.820000) vcan0 100#6414000000000000
(1790000012.820000) vcan0 101#9039000000000000
(1790000012.840000) vcan0 100#7114000000000000
(1790000012.840000) vcan0 101#D039000000000000
(1790000012.850000) vcan0 102#8403000000000000
(1790000012.860000) vcan0 100#7F14000000000000
(1790000012.860000) vcan0 101#103A000000000000
(1790000012.880000) vcan0 100#8C14000000000000
(1790000012.880000) vcan0 101#503A000000000000
(1790000012.900000) vcan0 100#9914000000000000
(1790000012.900000) vcan0 101#903A000000000000
(1790000012.900000) vcan0 102#8403000000000000
(1790000012.900000) vcan0 110#0300000000000000
(1790000012.900000) vcan0 120#0300000000000000
(1790000012.900000) vcan0 203#4A00000000000000
(1790000012.920000) vcan0 100#A714000000000000
(1790000012.920000) vcan0 101#D03A000000000000
(1790000012.940000) vcan0 100#B414000000000000
(1790000012.940000) vcan0 101#103B000000000000
(1790000012.950000) vcan0 102#8403000000000000
(1790000012.960000) vcan0 100#C114000000000000
(1790000012.960000) vcan0 101#503B000000000000
(1790000012.980000) vcan0 100#CF14000000000000
(1790000012.980000) vcan0 101#903B000000000000
(1790000013.000000) vcan0 100#DC14000000000000
(1790000013.000000) vcan0 101#D03B000000000000
(1790000013.000000) vcan0 102#8403000000000000
(1790000013.000000) vcan0 110#0300000000000000
(1790000013.000000) vcan0 120#0300000000000000
(1790000013.000000) vcan0 121#0200000000000000
(1790000013.000000) vcan0 200#8000000000000000
(1790000013.000000) vcan0 201#8400000000000000
(1790000013.000000) vcan0 202#7C00000000000000
(1790000013.000000) vcan0 203#4B00000000000000
(1790000013.000000) vcan0 210#8E00000000000000
(1790000013.000000) vcan0 220#7C00000000000000
(1790000013.000000) vcan0 221#B501000000000000
(1790000013.000000) vcan0 222#4E00000000000000
(1790000013.000000) vcan0 230#95991C0000000000
(1790000013.000000) vcan0 231#B601000000000000
(1790000013.000000) vcan0 232#0019000000000000
(1790000013.000000) vcan0 240#7300000000000000
(1790000013.000000) vcan0 241#7300000000000000
(1790000013.000000) vcan0 242#6E00000000000000
(1790000013.000000) vcan0 243#6E00000000000000
(1790000013.000000) vcan0 18FF0100#7000000000000000
(1790000013.020000) vcan0 100#E914000000000000
(1790000013.020000) vcan0 101#103C000000000000
(1790000013.040000) vcan0 100#F714000000000000
(1790000013.040000) vcan0 101#503C000000000000
(1790000013.050000) vcan0 102#8403000000000000
(1790000013.060000) vcan0 100#0415000000000000
(1790000013.060000) vcan0 101#903C000000000000
(1790000013.080000) vcan0 100#1115000000000000
(1790000013.080000) vcan0 101#D03C000000000000
(1790000013.100000) vcan0 100#1F15000000000000
(1790000013.100000) vcan0 101#103D000000000000
(1790000013.100000) vcan0 102#8403000000000000
(1790000013.100000) vcan0 110#0300000000000000
(1790000013.100000) vcan0 120#0300000000000000
(1790000013.100000) vcan0 203#4C00000000000000
(1790000013.120000) vcan0 100#2C15000000000000
(1790000013.120000) vcan0 101#503D000000000000
(1790000013.140000) vcan0 100#3915000000000000
(1790000013.140000) vcan0 101#903D000000000000
(1790000013.150000) vcan0 102#8403000000000000
(1790000013.160000) vcan0 100#4715000000000000
(1790000013.160000) vcan0 101#D03D000000000000
(1790000013.180000) vcan0 100#5415000000000000
(1790000013.180000) vcan0 101#103E000000000000
(1790000013.200000) vcan0 100#6115000000000000
(1790000013.200000) vcan0 101#503E000000000000
(1790000013.200000) vcan0 102#8403000000000000
(1790000013.200000) vcan0 110#0300000000000000
(1790000013.200000) vcan0 120#0300000000000000
(1790000013.200000) vcan0 121#0200000000000000
(1790000013.200000) vcan0 203#4D00000000000000
(1790000013.220000) vcan0 100#6F15000000000000
(1790000013.220000) vcan0 101#903E000000000000
(1790000013.240000) vcan0 100#7C15000000000000
(1790000013.240000) vcan0 101#D03E000000000000
(1790000013.250000) vcan0 102#8403000000000000
(1790000013.260000) vcan0 100#8915000000000000
(1790000013.260000) vcan0 101#103F000000000000
(1790000013.280000) vcan0 100#9715000000000000
(1790000013.280000) vcan0 101#503F000000000000
(1790000013.300000) vcan0 100#A415000000000000
(1790000013.300000) vcan0 101#903F000000000000
(1790000013.300000) vcan0 102#8403000000000000
(1790000013.300000) vcan0 110#0300000000000000
(1790000013.300000) vcan0 120#0300000000000000
(1790000013.300000) vcan0 203#4E00000000000000
(1790000013.320000) vcan0 100#B115000000000000
(1790000013.320000) vcan0 101#D03F000000000000
(1790000013.340000) vcan0 100#BF15000000000000
(1790000013.340000) vcan0 101#1040000000000000
(1790000013.350000) vcan0 102#8403000000000000
(1790000013.360000) vcan0 100#CC15000000000000
(1790000013.360000) vcan0 101#5040000000000000
(1790000013.380000) vcan0 100#D915000000000000
(1790000013.380000) vcan0 101#9040000000000000
(1790000013.400000) vcan0 100#E715000000000000
(1790000013.400000) vcan0 101#D040000000000000
(1790000013.400000) vcan0 102#8403000000000000
(1790000013.400000) vcan0 110#0300000000000000
(1790000013.400000) vcan0 120#0300000000000000
(1790000013.400000) vcan0 121#0200000000000000
(1790000013.400000) vcan0 203#4F00000000000000
(1790000013.420000) vcan0 100#F415000000000000
(1790000013.420000) vcan0 101#1041000000000000
(1790000013.440000) vcan0 100#0116000000000000
(1790000013.440000) vcan0 101#5041000000000000
(1790000013.450000) vcan0 102#8403000000000000
(1790000013.460000) vcan0 100#0F16000000000000
(1790000013.460000) vcan0 101#9041000000000000
(1790000013.480000) vcan0 100#1C16000000000000
(1790000013.480000) vcan0 101#D041000000000000
(1790000013.500000) vcan0 100#2916000000000000
(1790000013.500000) vcan0 101#1042000000000000
(1790000013.500000) vcan0 102#8403000000000000
(1790000013.500000) vcan0 110#0300000000000000
(1790000013.500000) vcan0 120#0300000000000000
(1790000013.500000) vcan0 200#8000000000000000
(1790000013.500000) vcan0 201#8400000000000000
(1790000013.500000) vcan0 203#5000000000000000
(1790000013.500000) vcan0 210#8E00000000000000
(1790000013.520000) vcan0 100#3716000000000000
(1790000013.520000) vcan0 101#5042000000000000
(1790000013.540000) vcan0 100#4416000000000000
(1790000013.540000) vcan0 101#9042000000000000
(1790000013.550000) vcan0 102#8403000000000000
(1790000013.560000) vcan0 100#5116000000000000
(1790000013.560000) vcan0 101#D042000000000000
(1790000013.580000) vcan0 100#5F16000000000000
(1790000013.580000) vcan0 101#1043000000000000
(1790000013.600000) vcan0 100#6C16000000000000
(1790000013.600000) vcan0 101#5043000000000000
(1790000013.600000) vcan0 102#8403000000000000
(1790000013.600000) vcan0 110#0300000000000000
(1790000013.600000) vcan0 120#0300000000000000
(1790000013.600000) vcan0 121#0200000000000000
(1790000013.600000) vcan0 203#5100000000000000
(1790000013.620000) vcan0 100#7916000000000000
(1790000013.620000) vcan0 101#9043000000000000
(1790000013.640000) vcan0 100#8716000000000000
(1790000013.640000) vcan0 101#D043000000000000
(1790000013.650000) vcan0 102#8403000000000000
(1790000013.660000) vcan0 100#9416000000000000
(1790000013.660000) vcan0 101#1044000000000000
(1790000013.680000) vcan0 100#A116000000000000
(1790000013.680000) vcan0 101#5044000000000000
(1790000013.700000) vcan0 100#AF16000000000000
(1790000013.700000) vcan0 101#9044000000000000
(1790000013.700000) vcan0 102#8403000000000000
(1790000013.700000) vcan0 110#0300000000000000
(1790000013.700000) vcan0 120#0300000000000000
(1790000013.700000) vcan0 203#5300000000000000
(1790000013.720000) vcan0 100#BC16000000000000
(1790000013.720000) vcan0 101#D044000000000000
(1790000013.740000) vcan0 100#C916000000000000
(1790000013.740000) vcan0 101#1045000000000000
(1790000013.750000) vcan0 102#8403000000000000
(1790000013.760000) vcan0 100#D716000000000000
(1790000013.760000) vcan0 101#5045000000000000
(1790000013.780000) vcan0 100#E416000000000000
(1790000013.780000) vcan0 101#9045000000000000
(1790000013.800000) vcan0 100#F116000000000000
(1790000013.800000) vcan0 101#D045000000000000
(1790000013.800000) vcan0 102#8403000000000000
(1790000013.800000) vcan0 110#0300000000000000
(1790000013.800000) vcan0 120#0300000000000000
(1790000013.800000) vcan0 121#0200000000000000
(1790000013.800000) vcan0 203#5400000000000000
(1790000013.820000) vcan0 100#FF16000000000000
(1790000013.820000) vcan0 101#1046000000000000
(1790000013.840000) vcan0 100#0C17000000000000
(1790000013.840000) vcan0 101#5046000000000000
(1790000013.850000) vcan0 102#8403000000000000
(1790000013.860000) vcan0 100#1917000000000000
(1790000013.860000) vcan0 101#9046000000000000
(1790000013.880000) vcan0 100#2717000000000000
(1790000013.880000) vcan0 101#D046000000000000
(1790000013.900000) vcan0 100#3417000000000000
(1790000013.900000) vcan0 101#1047000000000000
(1790000013.900000) vcan0 102#8403000000000000
(1790000013.900000) vcan0 110#0300000000000000
(1790000013.900000) vcan0 120#0300000000000000
(1790000013.900000) vcan0 203#5500000000000000
(1790000013.920000) vcan0 100#4117000000000000
(1790000013.920000) vcan0 101#5047000000000000
(1790000013.940000) vcan0 100#4F17000000000000
(1790000013.940000) vcan0 101#9047000000000000
(1790000013.950000) vcan0 102#8403000000000000
(1790000013.960000) vcan0 100#5C17000000000000
(1790000013.960000) vcan0 101#D047000000000000
(1790000013.980000) vcan0 100#6917000000000000
(1790000013.980000) vcan0 101#1048000000000000
(1790000014.000000) vcan0 100#7717000000000000
(1790000014.000000) vcan0 101#5048000000000000
(1790000014.000000) vcan0 102#8403000000000000
(1790000014.000000) vcan0 110#0300000000000000
(1790000014.000000) vcan0 120#0300000000000000
(1790000014.000000) vcan0 121#0200000000000000
(1790000014.000000) vcan0 200#8000000000000000
(1790000014.000000) vcan0 201#8400000000000000
(1790000014.000000) vcan0 202#7C00000000000000
(1790000014.000000) vcan0 203#5600000000000000
(1790000014.000000) vcan0 210#8E00000000000000
(1790000014.000000) vcan0 220#7C00000000000000
(1790000014.000000) vcan0 221#B501000000000000
(1790000014.000000) vcan0 222#4E00000000000000
(1790000014.000000) vcan0 230#95991C0000000000
(1790000014.000000) vcan0 231#B601000000000000
(1790000014.000000) vcan0 232#0019000000000000
(1790000014.000000) vcan0 240#7300000000000000
(1790000014.000000) vcan0 241#7300000000000000
(1790000014.000000) vcan0 242#6E00000000000000
(1790000014.000000) vcan0 243#6E00000000000000
(1790000014.000000) vcan0 18FF0100#7000000000000000
(1790000014.020000) vcan0 100#8417000000000000
(1790000014.020000) vcan0 101#9048000000000000
(1790000014.040000) vcan0 100#9117000000000000
(1790000014.040000) vcan0 101#D048000000000000
(1790000014.050000) vcan0 102#8403000000000000
(1790000014.060000) vcan0 100#9F17000000000000
(1790000014.060000) vcan0 101#1049000000000000
(1790000014.080000) vcan0 100#AC17000000000000
(1790000014.080000) vcan0 101#5049000000000000
(1790000014.100000) vcan0 100#B917000000000000
(1790000014.100000) vcan0 101#9049000000000000
(1790000014.100000) vcan0 102#8403000000000000
(1790000014.100000) vcan0 110#0300000000000000
(1790000014.100000) vcan0 120#0300000000000000
(1790000014.100000) vcan0 203#5700000000000000
(1790000014.120000) vcan0 100#C717000000000000
(1790000014.120000) vcan0 101#D049000000000000
(1790000014.140000) vcan0 100#D417000000000000
(1790000014.140000) vcan0 101#104A000000000000
(1790000014.150000) vcan0 102#8403000000000000
(1790000014.160000) vcan0 100#E117000000000000
(1790000014.160000) vcan0 101#504A000000000000
(1790000014.180000) vcan0 100#EF17000000000000
(1790000014.180000) vcan0 101#904A000000000000
(1790000014.200000) vcan0 100#FC17000000000000
(1790000014.200000) vcan0 101#D04A000000000000
(1790000014.200000) vcan0 102#8403000000000000
(1790000014.200000) vcan0 110#0300000000000000
(1790000014.200000) vcan0 120#0300000000000000
(1790000014.200000) vcan0 121#0200000000000000
(1790000014.200000) vcan0 203#5800000000000000
(1790000014.220000) vcan0 100#0918000000000000
(1790000014.220000) vcan0 101#104B000000000000
(1790000014.240000) vcan0 100#1718000000000000
(1790000014.240000) vcan0 101#504B000000000000
(1790000014.250000) vcan0 102#8403000000000000
(1790000014.260000) vcan0 100#2418000000000000
(1790000014.260000) vcan0 101#904B000000000000
(1790000014.280000) vcan0 100#3118000000000000
(1790000014.280000) vcan0 101#D04B000000000000
(1790000014.300000) vcan0 100#3F18000000000000
(1790000014.300000) vcan0 101#104C000000000000
(1790000014.300000) vcan0 102#8403000000000000
(1790000014.300000) vcan0 110#0300000000000000
(1790000014.300000) vcan0 120#0300000000000000
(1790000014.300000) vcan0 203#5900000000000000
(1790000014.320000) vcan0 100#4C18000000000000
(1790000014.320000) vcan0 101#504C000000000000
(1790000014.340000) vcan0 100#5918000000000000
(1790000014.340000) vcan0 101#904C000000000000
(1790000014.350000) vcan0 102#8403000000000000
(1790000014.360000) vcan0 100#6718000000000000
(1790000014.360000) vcan0 101#D04C000000000000
(1790000014.380000) vcan0 100#7418000000000000
(1790000014.380000) vcan0 101#104D000000000000
(1790000014.400000) vcan0 100#8118000000000000
(1790000014.400000) vcan0 101#504D000000000000
(1790000014.400000) vcan0 102#8403000000000000
(1790000014.400000) vcan0 110#0300000000000000
(1790000014.400000) vcan0 120#0300000000000000
(1790000014.400000) vcan0 121#0200000000000000
(1790000014.400000) vcan0 203#5A00000000000000
(1790000014.420000) vcan0 100#8F18000000000000
(1790000014.420000) vcan0 101#904D000000000000
(1790000014.440000) vcan0 100#9C18000000000000
(1790000014.440000) vcan0 101#D04D000000000000
(1790000014.450000) vcan0 102#8403000000000000
(1790000014.460000) vcan0 100#A918000000000000
(1790000014.460000) vcan0 101#104E000000000000
(1790000014.480000) vcan0 100#B718000000000000
(1790000014.480000) vcan0 101#504E000000000000
(1790000014.500000) vcan0 100#C418000000000000
(1790000014.500000) vcan0 101#904E000000000000
(1790000014.500000) vcan0 102#8403000000000000
(1790000014.500000) vcan0 110#0300000000000000
(1790000014.500000) vcan0 120#0300000000000000
(1790000014.500000) vcan0 200#8000000000000000
(1790000014.500000) vcan0 201#8400000000000000
(1790000014.500000) vcan0 203#5B00000000000000
(1790000014.500000) vcan0 210#8E00000000000000
(1790000014.520000) vcan0 100#D118000000000000
(1790000014.520000) vcan0 101#D04E000000000000
(1790000014.540000) vcan0 100#DF18000000000000
(1790000014.540000) vcan0 101#104F000000000000
(1790000014.550000) vcan0 102#8403000000000000
(1790000014.560000) vcan0 100#EC18000000000000
(1790000014.560000) vcan0 101#504F000000000000
(1790000014.580000) vcan0 100#F918000000000000
(1790000014.580000) vcan0 101#904F000000000000
(1790000014.600000) vcan0 100#0719000000000000
(1790000014.600000) vcan0 101#D04F000000000000
(1790000014.600000) vcan0 102#8403000000000000
(1790000014.600000) vcan0 110#0300000000000000
(1790000014.600000) vcan0 120#0300000000000000
(1790000014.600000) vcan0 121#0200000000000000
(1790000014.600000) vcan0 203#5C00000000000000
(1790000014.620000) vcan0 100#1419000000000000
(1790000014.620000) vcan0 101#1050000000000000
(1790000014.640000) vcan0 100#2119000000000000
(1790000014.640000) vcan0 101#5050000000000000
(1790000014.650000) vcan0 102#8403000000000000
(1790000014.660000) vcan0 100#2F19000000000000
(1790000014.660000) vcan0 101#9050000000000000
(1790000014.680000) vcan0 100#3C19000000000000
(1790000014.680000) vcan0 101#D050000000000000
(1790000014.700000) vcan0 100#4919000000000000
(1790000014.700000) vcan0 101#1051000000000000
(1790000014.700000) vcan0 102#8403000000000000
(1790000014.700000) vcan0 110#0300000000000000
(1790000014.700000) vcan0 120#0300000000000000
(1790000014.700000) vcan0 203#5D00000000000000
(1790000014.720000) vcan0 100#5719000000000000
(1790000014.720000) vcan0 101#5051000000000000
(1790000014.740000) vcan0 100#6419000000000000
(1790000014.740000) vcan0 101#9051000000000000
(1790000014.750000) vcan0 102#8403000000000000
(1790000014.760000) vcan0 100#7119000000000000
(1790000014.760000) vcan0 101#D051000000000000
(1790000014.780000) vcan0 100#7F19000000000000
(1790000014.780000) vcan0 101#1052000000000000
(1790000014.800000) vcan0 100#8C19000000000000
(1790000014.800000) vcan0 101#5052000000000000
(1790000014.800000) vcan0 102#8403000000000000
(1790000014.800000) vcan0 110#0300000000000000
(1790000014.800000) vcan0 120#0300000000000000
(1790000014.800000) vcan0 121#0200000000000000
(1790000014.800000) vcan0 203#5E00000000000000
(1790000014.820000) vcan0 100#9919000000000000
(1790000014.820000) vcan0 101#9052000000000000
(1790000014.840000) vcan0 100#A719000000000000
(1790000014.840000) vcan0 101#D052000000000000
(1790000014.850000) vcan0 102#8403000000000000
(1790000014.860000) vcan0 100#B419000000000000
(1790000014.860000) vcan0 101#1053000000000000
(1790000014.880000) vcan0 100#C119000000000000
(1790000014.880000) vcan0 101#5053000000000000
(1790000014.900000) vcan0 100#CF19000000000000
(1790000014.900000) vcan0 101#502A000000000000
(1790000014.900000) vcan0 102#8403000000000000
(1790000014.900000) vcan0 110#0400000000000000
(1790000014.900000) vcan0 120#0300000000000000
(1790000014.900000) vcan0 203#3C00000000000000
(1790000014.920000) vcan0 100#DC19000000000000
(1790000014.920000) vcan0 101#902A000000000000
(1790000014.940000) vcan0 100#E919000000000000
(1790000014.940000) vcan0 101#D02A000000000000
(1790000014.950000) vcan0 102#8403000000000000
(1790000014.960000) vcan0 100#F719000000000000
(1790000014.960000) vcan0 101#102B000000000000
(1790000014.980000) vcan0 100#041A000000000000
(1790000014.980000) vcan0 101#502B000000000000
(1790000015.000000) vcan0 100#111A000000000000
(1790000015.000000) vcan0 101#902B000000000000
(1790000015.000000) vcan0 102#8403000000000000
(1790000015.000000) vcan0 110#0400000000000000
(1790000015.000000) vcan0 120#0300000000000000
(1790000015.000000) vcan0 121#0200000000000000
(1790000015.000000) vcan0 200#8000000000000000
(1790000015.000000) vcan0 201#8400000000000000
(1790000015.000000) vcan0 202#7C00000000000000
(1790000015.000000) vcan0 203#3D00000000000000
(1790000015.000000) vcan0 210#8E00000000000000
(1790000015.000000) vcan0 220#7C00000000000000
(1790000015.000000) vcan0 221#B501000000000000
(1790000015.000000) vcan0 222#4E00000000000000
(1790000015.000000) vcan0 230#95991C0000000000
(1790000015.000000) vcan0 231#B601000000000000
(1790000015.000000) vcan0 232#0019000000000000
(1790000015.000000) vcan0 240#7300000000000000
(1790000015.000000) vcan0 241#7300000000000000
(1790000015.000000) vcan0 242#6E00000000000000
(1790000015.000000) vcan0 243#6E00000000000000
(1790000015.000000) vcan0 18FF0100#7000000000000000
(1790000015.020000) vcan0 100#1F1A000000000000
(1790000015.020000) vcan0 101#D02B000000000000
(1790000015.040000) vcan0 100#2C1A000000000000
(1790000015.040000) vcan0 101#102C000000000000
(1790000015.050000) vcan0 102#8403000000000000
(1790000015.060000) vcan0 100#391A000000000000
(1790000015.060000) vcan0 101#502C000000000000
(1790000015.080000) vcan0 100#471A000000000000
(1790000015.080000) vcan0 101#902C000000000000
(1790000015.100000) vcan0 100#541A000000000000
(1790000015.100000) vcan0 101#D02C000000000000
(1790000015.100000) vcan0 102#8403000000000000
(1790000015.100000) vcan0 110#0400000000000000
(1790000015.100000) vcan0 120#0300000000000000
(1790000015.100000) vcan0 203#3E00000000000000
(1790000015.120000) vcan0 100#611A000000000000
(1790000015.120000) vcan0 101#102D000000000000
(1790000015.140000) vcan0 100#6F1A000000000000
(1790000015.140000) vcan0 101#502D000000000000
(1790000015.150000) vcan0 102#8403000000000000
(1790000015.160000) vcan0 100#7C1A000000000000
(1790000015.160000) vcan0 101#902D000000000000
(1790000015.180000) vcan0 100#891A000000000000
(1790000015.180000) vcan0 101#D02D000000000000
(1790000015.200000) vcan0 100#971A000000000000
(1790000015.200000) vcan0 101#102E000000000000
(1790000015.200000) vcan0 102#8403000000000000
(1790000015.200000) vcan0 110#0400000000000000
(1790000015.200000) vcan0 120#0300000000000000
(1790000015.200000) vcan0 121#0200000000000000
(1790000015.200000) vcan0 203#3F00000000000000
(1790000015.220000) vcan0 100#A41A000000000000
(1790000015.220000) vcan0 101#502E000000000000
(1790000015.240000) vcan0 100#B11A000000000000
(1790000015.240000) vcan0 101#902E000000000000
(1790000015.250000) vcan0 102#8403000000000000
(1790000015.260000) vcan0 100#BF1A000000000000
(1790000015.260000) vcan0 101#D02E000000000000
(1790000015.280000) vcan0 100#CC1A000000000000
(1790000015.280000) vcan0 101#102F000000000000
(1790000015.300000) vcan0 100#D91A000000000000
(1790000015.300000) vcan0 101#502F000000000000
(1790000015.300000) vcan0 102#8403000000000000
(1790000015.300000) vcan0 110#0400000000000000
(1790000015.300000) vcan0 120#0300000000000000
(1790000015.300000) vcan0 203#4000000000000000
(1790000015.320000) vcan0 100#E71A000000000000
(1790000015.320000) vcan0 101#902F000000000000
(1790000015.340000) vcan0 100#F41A000000000000
(1790000015.340000) vcan0 101#D02F000000000000
(1790000015.350000) vcan0 102#8403000000000000
(1790000015.360000) vcan0 100#011B000000000000
(1790000015.360000) vcan0 101#1030000000000000
(1790000015.380000) vcan0 100#0F1B000000000000
(1790000015.380000) vcan0 101#5030000000000000
(1790000015.400000) vcan0 100#1C1B000000000000
(1790000015.400000) vcan0 101#9030000000000000
(1790000015.400000) vcan0 102#8403000000000000
(1790000015.400000) vcan0 110#0400000000000000
(1790000015.400000) vcan0 120#0300000000000000
(1790000015.400000) vcan0 121#0200000000000000
(1790000015.400000) vcan0 203#4100000000000000
(1790000015.420000) vcan0 100#291B000000000000
(1790000015.420000) vcan0 101#D030000000000000
(1790000015.440000) vcan0 100#371B000000000000
(1790000015.440000) vcan0 101#1031000000000000
(1790000015.450000) vcan0 102#8403000000000000
(1790000015.460000) vcan0 100#441B000000000000
(1790000015.460000) vcan0 101#5031000000000000
(1790000015.480000) vcan0 100#511B000000000000
(1790000015.480000) vcan0 101#9031000000000000
(1790000015.500000) vcan0 100#5F1B000000000000
(1790000015.500000) vcan0 101#D031000000000000
(1790000015.500000) vcan0 102#8403000000000000
(1790000015.500000) vcan0 110#0400000000000000
(1790000015.500000) vcan0 120#0300000000000000
(1790000015.500000) vcan0 200#8000000000000000
(1790000015.500000) vcan0 201#8400000000000000
(1790000015.500000) vcan0 203#4300000000000000
(1790000015.500000) vcan0 210#8E00000000000000
(1790000015.520000) vcan0 100#6C1B000000000000
(1790000015.520000) vcan0 101#1032000000000000
(1790000015.540000) vcan0 100#791B000000000000
(1790000015.540000) vcan0 101#5032000000000000
(1790000015.550000) vcan0 102#8403000000000000
(1790000015.560000) vcan0 100#871B000000000000
(1790000015.560000) vcan0 101#9032000000000000
(1790000015.580000) vcan0 100#941B000000000000
(1790000015.580000) vcan0 101#D032000000000000
(1790000015.600000) vcan0 100#A11B000000000000
(1790000015.600000) vcan0 101#1033000000000000
(1790000015.600000) vcan0 102#8403000000000000
(1790000015.600000) vcan0 110#0400000000000000
(1790000015.600000) vcan0 120#0300000000000000
(1790000015.600000) vcan0 121#0200000000000000
(1790000015.600000) vcan0 203#4400000000000000
(1790000015.620000) vcan0 100#AF1B000000000000
(1790000015.620000) vcan0 101#5033000000000000
(1790000015.640000) vcan0 100#BC1B000000000000
(1790000015.640000) vcan0 101#9033000000000000
(1790000015.650000) vcan0 102#8403000000000000
(1790000015.660000) vcan0 100#C91B000000000000
(1790000015.660000) vcan0 101#D033000000000000
(1790000015.680000) vcan0 100#D71B000000000000
(1790000015.680000) vcan0 101#1034000000000000
(1790000015.700000) vcan0 100#E41B000000000000
(1790000015.700000) vcan0 101#5034000000000000
(1790000015.700000) vcan0 102#8403000000000000
(1790000015.700000) vcan0 110#0400000000000000
(1790000015.700000) vcan0 120#0300000000000000
(1790000015.700000) vcan0 203#4500000000000000
(1790000015.720000) vcan0 100#F11B000000000000
(1790000015.720000) vcan0 101#9034000000000000
(1790000015.740000) vcan0 100#FF1B000000000000
(1790000015.740000) vcan0 101#D034000000000000
(1790000015.750000) vcan0 102#8403000000000000
(1790000015.760000) vcan0 100#0C1C000000000000
(1790000015.760000) vcan0 101#1035000000000000
(1790000015.780000) vcan0 100#191C000000000000
(1790000015.780000) vcan0 101#5035000000000000
(1790000015.800000) vcan0 100#271C000000000000
(1790000015.800000) vcan0 101#9035000000000000
(1790000015.800000) vcan0 102#8403000000000000
(1790000015.800000) vcan0 110#0400000000000000
(1790000015.800000) vcan0 120#0300000000000000
(1790000015.800000) vcan0 121#0200000000000000
(1790000015.800000) vcan0 203#4600000000000000
(1790000015.820000) vcan0 100#341C000000000000
(1790000015.820000) vcan0 101#D035000000000000
(1790000015.840000) vcan0 100#411C000000000000
(1790000015.840000) vcan0 101#1036000000000000
(1790000015.850000) vcan0 102#8403000000000000
(1790000015.860000) vcan0 100#4F1C000000000000
(1790000015.860000) vcan0 101#5036000000000000
(1790000015.880000) vcan0 100#5C1C000000000000
(1790000015.880000) vcan0 101#9036000000000000
(1790000015.900000) vcan0 100#691C000000000000
(1790000015.900000) vcan0 101#D036000000000000
(1790000015.900000) vcan0 102#8403000000000000
(1790000015.900000) vcan0 110#0400000000000000
(1790000015.900000) vcan0 120#0300000000000000
(1790000015.900000) vcan0 203#4700000000000000
(1790000015.920000) vcan0 100#771C000000000000
(1790000015.920000) vcan0 101#1037000000000000
(1790000015.940000) vcan0 100#841C000000000000
(1790000015.940000) vcan0 101#5037000000000000
(1790000015.950000) vcan0 102#8403000000000000
(1790000015.960000) vcan0 100#911C000000000000
(1790000015.960000) vcan0 101#9037000000000000
(1790000015.980000) vcan0 100#9F1C000000000000
(1790000015.980000) vcan0 101#D037000000000000
(1790000016.000000) vcan0 100#AC1C000000000000
(1790000016.000000) vcan0 101#1038000000000000
(1790000016.000000) vcan0 102#8403000000000000
(1790000016.000000) vcan0 110#0400000000000000
(1790000016.000000) vcan0 120#0300000000000000
(1790000016.000000) vcan0 121#0200000000000000
(1790000016.000000) vcan0 200#8000000000000000
(1790000016.000000) vcan0 201#8400000000000000
(1790000016.000000) vcan0 202#7C00000000000000
(1790000016.000000) vcan0 203#4800000000000000
(1790000016.000000) vcan0 210#8E00000000000000
(1790000016.000000) vcan0 220#7C00000000000000
(1790000016.000000) vcan0 221#B501000000000000
(1790000016.000000) vcan0 222#4E00000000000000
(1790000016.000000) vcan0 230#95991C0000000000
(1790000016.000000) vcan0 231#B601000000000000
(1790000016.000000) vcan0 232#0019000000000000
(1790000016.000000) vcan0 240#7300000000000000
(1790000016.000000) vcan0 241#7300000000000000
(1790000016.000000) vcan0 242#6E00000000000000
(1790000016.000000) vcan0 243#6E00000000000000
(1790000016.000000) vcan0 18FF0100#7000000000000000
(1790000016.020000) vcan0 100#B91C000000000000
(1790000016.020000) vcan0 101#5038000000000000
(1790000016.040000) vcan0 100#C71C000000000000
(1790000016.040000) vcan0 101#9038000000000000
(1790000016.050000) vcan0 102#8403000000000000
(1790000016.060000) vcan0 100#D41C000000000000
(1790000016.060000) vcan0 101#D038000000000000
(1790000016.080000) vcan0 100#E11C000000000000
(1790000016.080000) vcan0 101#1039000000000000
(1790000016.100000) vcan0 100#EF1C000000000000
(1790000016.100000) vcan0 101#5039000000000000
(1790000016.100000) vcan0 102#8403000000000000
(1790000016.100000) vcan0 110#0400000000000000
(1790000016.100000) vcan0 120#0300000000000000
(1790000016.100000) vcan0 203#4900000000000000
(1790000016.120000) vcan0 100#FC1C000000000000
(1790000016.120000) vcan0 101#9039000000000000
(1790000016.140000) vcan0 100#091D000000000000
(1790000016.140000) vcan0 101#D039000000000000
(1790000016.150000) vcan0 102#8403000000000000
(1790000016.160000) vcan0 100#171D000000000000
(1790000016.160000) vcan0 101#103A000000000000
(1790000016.180000) vcan0 100#241D000000000000
(1790000016.180000) vcan0 101#503A000000000000
(1790000016.200000) vcan0 100#311D000000000000
(1790000016.200000) vcan0 101#903A000000000000
(1790000016.200000) vcan0 102#8403000000000000
(1790000016.200000) vcan0 110#0400000000000000
(1790000016.200000) vcan0 120#0300000000000000
(1790000016.200000) vcan0 121#0200000000000000
(1790000016.200000) vcan0 203#4A00000000000000
(1790000016.220000) vcan0 100#3F1D000000000000
(1790000016.220000) vcan0 101#D03A000000000000
(1790000016.240000) vcan0 100#4C1D000000000000
(1790000016.240000) vcan0 101#103B000000000000
(1790000016.250000) vcan0 102#8403000000000000
(1790000016.260000) vcan0 100#591D000000000000
(1790000016.260000) vcan0 101#503B000000000000
(1790000016.280000) vcan0 100#671D000000000000
(1790000016.280000) vcan0 101#903B000000000000
(1790000016.300000) vcan0 100#741D000000000000
(1790000016.300000) vcan0 101#D03B000000000000
(1790000016.300000) vcan0 102#8403000000000000
(1790000016.300000) vcan0 110#0400000000000000
(1790000016.300000) vcan0 120#0300000000000000
(1790000016.300000) vcan0 203#4B00000000000000
(1790000016.320000) vcan0 100#811D000000000000
(1790000016.320000) vcan0 101#103C000000000000
(1790000016.340000) vcan0 100#8F1D000000000000
(1790000016.340000) vcan0 101#503C000000000000
(1790000016.350000) vcan0 102#8403000000000000
(1790000016.360000) vcan0 100#9C1D000000000000
(1790000016.360000) vcan0 101#903C000000000000
(1790000016.380000) vcan0 100#A91D000000000000
(1790000016.380000) vcan0 101#D03C000000000000
(1790000016.400000) vcan0 100#B71D000000000000
(1790000016.400000) vcan0 101#103D000000000000
(1790000016.400000) vcan0 102#8403000000000000
(1790000016.400000) vcan0 110#0400000000000000
(1790000016.400000) vcan0 120#0300000000000000
(1790000016.400000) vcan0 121#0200000000000000
(1790000016.400000) vcan0 203#4C00000000000000
(1790000016.420000) vcan0 100#C41D000000000000
(1790000016.420000) vcan0 101#503D000000000000
(1790000016.440000) vcan0 100#D11D000000000000
(1790000016.440000) vcan0 101#903D000000000000
(1790000016.450000) vcan0 102#8403000000000000
(1790000016.460000) vcan0 100#DF1D000000000000
(1790000016.460000) vcan0 101#D03D000000000000
(1790000016.480000) vcan0 100#EC1D000000000000
(1790000016.480000) vcan0 101#103E000000000000
(1790000016.500000) vcan0 100#F91D000000000000
(1790000016.500000) vcan0 101#503E000000000000
(1790000016.500000) vcan0 102#8403000000000000
(1790000016.500000) vcan0 110#0400000000000000
(1790000016.500000) vcan0 120#0300000000000000
(1790000016.500000) vcan0 200#8000000000000000
(1790000016.500000) vcan0 201#8400000000000000
(1790000016.500000) vcan0 203#4D00000000000000
(1790000016.500000) vcan0 210#8E00000000000000
(1790000016.520000) vcan0 100#071E000000000000
(1790000016.520000) vcan0 101#903E000000000000
(1790000016.540000) vcan0 100#141E000000000000
(1790000016.540000) vcan0 101#D03E000000000000
(1790000016.550000) vcan0 102#8403000000000000
(1790000016.560000) vcan0 100#211E000000000000
(1790000016.560000) vcan0 101#103F000000000000
(1790000016.580000) vcan0 100#2F1E000000000000
(1790000016.580000) vcan0 101#503F000000000000
(1790000016.600000) vcan0 100#3C1E000000000000
(1790000016.600000) vcan0 101#903F000000000000
(1790000016.600000) vcan0 102#8403000000000000
(1790000016.600000) vcan0 110#0400000000000000
(1790000016.600000) vcan0 120#0300000000000000
(1790000016.600000) vcan0 121#0200000000000000
(1790000016.600000) vcan0 203#4E00000000000000
(1790000016.620000) vcan0 100#491E000000000000
(1790000016.620000) vcan0 101#D03F000000000000
(1790000016.640000) vcan0 100#571E000000000000
(1790000016.640000) vcan0 101#1040000000000000
(1790000016.650000) vcan0 102#8403000000000000
(1790000016.660000) vcan0 100#641E000000000000
(1790000016.660000) vcan0 101#5040000000000000
(1790000016.680000) vcan0 100#711E000000000000
(1790000016.680000) vcan0 101#9040000000000000
(1790000016.700000) vcan0 100#7F1E000000000000
(1790000016.700000) vcan0 101#D040000000000000
(1790000016.700000) vcan0 102#8403000000000000
(1790000016.700000) vcan0 110#0400000000000000
(1790000016.700000) vcan0 120#0300000000000000
(1790000016.700000) vcan0 203#4F00000000000000
(1790000016.720000) vcan0 100#8C1E000000000000
(1790000016.720000) vcan0 101#1041000000000000
(1790000016.740000) vcan0 100#991E000000000000
(1790000016.740000) vcan0 101#5041000000000000
(1790000016.750000) vcan0 102#8403000000000000
(1790000016.760000) vcan0 100#A71E000000000000
(1790000016.760000) vcan0 101#9041000000000000
(1790000016.780000) vcan0 100#B41E000000000000
(1790000016.780000) vcan0 101#D041000000000000
(1790000016.800000) vcan0 100#C11E000000000000
(1790000016.800000) vcan0 101#1042000000000000
(1790000016.800000) vcan0 102#8403000000000000
(1790000016.800000) vcan0 110#0400000000000000
(1790000016.800000) vcan0 120#0300000000000000
(1790000016.800000) vcan0 121#0200000000000000
(1790000016.800000) vcan0 203#5000000000000000
(1790000016.820000) vcan0 100#CF1E000000000000
(1790000016.820000) vcan0 101#5042000000000000
(1790000016.840000) vcan0 100#DC1E000000000000
(1790000016.840000) vcan0 101#9042000000000000
(1790000016.850000) vcan0 102#8403000000000000
(1790000016.860000) vcan0 100#E91E000000000000
(1790000016.860000) vcan0 101#D042000000000000
(1790000016.880000) vcan0 100#F71E000000000000
(1790000016.880000) vcan0 101#1043000000000000
(1790000016.900000) vcan0 100#041F000000000000
(1790000016.900000) vcan0 101#5043000000000000
(1790000016.900000) vcan0 102#8403000000000000
(1790000016.900000) vcan0 110#0400000000000000
(1790000016.900000) vcan0 120#0300000000000000
(1790000016.900000) vcan0 203#5100000000000000
(1790000016.920000) vcan0 100#111F000000000000
(1790000016.920000) vcan0 101#9043000000000000
(1790000016.940000) vcan0 100#1F1F000000000000
(1790000016.940000) vcan0 101#D043000000000000
(1790000016.950000) vcan0 102#8403000000000000
(1790000016.960000) vcan0 100#2C1F000000000000
(1790000016.960000) vcan0 101#1044000000000000
(1790000016.980000) vcan0 100#391F000000000000
(1790000016.980000) vcan0 101#5044000000000000
(1790000017.000000) vcan0 100#471F000000000000
(1790000017.000000) vcan0 101#9044000000000000
(1790000017.000000) vcan0 102#8403000000000000
(1790000017.000000) vcan0 110#0400000000000000
(1790000017.000000) vcan0 120#0300000000000000
(1790000017.000000) vcan0 121#0200000000000000
(1790000017.000000) vcan0 200#8000000000000000
(1790000017.000000) vcan0 201#8400000000000000
(1790000017.000000) vcan0 202#7C00000000000000
(1790000017.000000) vcan0 203#5300000000000000
(1790000017.000000) vcan0 210#8E00000000000000
(1790000017.000000) vcan0 220#7C00000000000000
(1790000017.000000) vcan0 221#B501000000000000
(1790000017.000000) vcan0 222#4E00000000000000
(1790000017.000000) vcan0 230#95991C0000000000
(1790000017.000000) vcan0 231#B601000000000000
(1790000017.000000) vcan0 232#0019000000000000
(1790000017.000000) vcan0 240#7300000000000000
(1790000017.000000) vcan0 241#7300000000000000
(1790000017.000000) vcan0 242#6E00000000000000
(1790000017.000000) vcan0 243#6E00000000000000
(1790000017.000000) vcan0 18FF0100#7000000000000000
(1790000017.020000) vcan0 100#541F000000000000
(1790000017.020000) vcan0 101#D044000000000000
(1790000017.040000) vcan0 100#611F000000000000
(1790000017.040000) vcan0 101#1045000000000000
(1790000017.050000) vcan0 102#8403000000000000
(1790000017.060000) vcan0 100#6F1F000000000000
(1790000017.060000) vcan0 101#5045000000000000
(1790000017.080000) vcan0 100#7C1F000000000000
(1790000017.080000) vcan0 101#9045000000000000
(1790000017.100000) vcan0 100#891F000000000000
(1790000017.100000) vcan0 101#D045000000000000
(1790000017.100000) vcan0 102#8403000000000000
(1790000017.100000) vcan0 110#0400000000000000
(1790000017.100000) vcan0 120#0300000000000000
(1790000017.100000) vcan0 203#5400000000000000
(1790000017.120000) vcan0 100#971F000000000000
(1790000017.120000) vcan0 101#1046000000000000
(1790000017.140000) vcan0 100#A41F000000000000
(1790000017.140000) vcan0 101#5046000000000000
(1790000017.150000) vcan0 102#8403000000000000
(1790000017.160000) vcan0 100#B11F000000000000
(1790000017.160000) vcan0 101#9046000000000000
(1790000017.180000) vcan0 100#BF1F000000000000
(1790000017.180000) vcan0 101#D046000000000000
(1790000017.200000) vcan0 100#CC1F000000000000
(1790000017.200000) vcan0 101#1047000000000000
(1790000017.200000) vcan0 102#8403000000000000
(1790000017.200000) vcan0 110#0400000000000000
(1790000017.200000) vcan0 120#0300000000000000
(1790000017.200000) vcan0 121#0200000000000000
(1790000017.200000) vcan0 203#5500000000000000
(1790000017.220000) vcan0 100#D91F000000000000
(1790000017.220000) vcan0 101#5047000000000000
(1790000017.240000) vcan0 100#E71F000000000000
(1790000017.240000) vcan0 101#9047000000000000
(1790000017.250000) vcan0 102#8403000000000000
(1790000017.260000) vcan0 100#F41F000000000000
(1790000017.260000) vcan0 101#D047000000000000
(1790000017.280000) vcan0 100#0120000000000000
(1790000017.280000) vcan0 101#1048000000000000
(1790000017.300000) vcan0 100#0F20000000000000
(1790000017.300000) vcan0 101#5048000000000000
(1790000017.300000) vcan0 102#8403000000000000
(1790000017.300000) vcan0 110#0400000000000000
(1790000017.300000) vcan0 120#0300000000000000
(1790000017.300000) vcan0 203#5600000000000000
(1790000017.320000) vcan0 100#1C20000000000000
(1790000017.320000) vcan0 101#9048000000000000
(1790000017.340000) vcan0 100#2920000000000000
(1790000017.340000) vcan0 101#D048000000000000
(1790000017.350000) vcan0 102#8403000000000000
(1790000017.360000) vcan0 100#3720000000000000
(1790000017.360000) vcan0 101#1049000000000000
(1790000017.380000) vcan0 100#4420000000000000
(1790000017.380000) vcan0 101#5049000000000000
(1790000017.400000) vcan0 100#5120000000000000
(1790000017.400000) vcan0 101#9049000000000000
(1790000017.400000) vcan0 102#8403000000000000
(1790000017.400000) vcan0 110#0400000000000000
(1790000017.400000) vcan0 120#0300000000000000
(1790000017.400000) vcan0 121#0200000000000000
(1790000017.400000) vcan0 203#5700000000000000
(1790000017.420000) vcan0 100#5F20000000000000
(1790000017.420000) vcan0 101#D049000000000000
(1790000017.440000) vcan0 100#6C20000000000000
(1790000017.440000) vcan0 101#104A000000000000
(1790000017.450000) vcan0 102#8403000000000000
(1790000017.460000) vcan0 100#7920000000000000
(1790000017.460000) vcan0 101#504A000000000000
(1790000017.480000) vcan0 100#8720000000000000
(1790000017.480000) vcan0 101#904A000000000000
(1790000017.500000) vcan0 100#9420000000000000
(1790000017.500000) vcan0 101#D04A000000000000
(1790000017.500000) vcan0 102#8403000000000000
(1790000017.500000) vcan0 110#0400000000000000
(1790000017.500000) vcan0 120#0300000000000000
(1790000017.500000) vcan0 200#8000000000000000
(1790000017.500000) vcan0 201#8400000000000000
(1790000017.500000) vcan0 203#5800000000000000
(1790000017.500000) vcan0 210#8E00000000000000
(1790000017.520000) vcan0 100#A120000000000000
(1790000017.520000) vcan0 101#104B000000000000
(1790000017.540000) vcan0 100#AF20000000000000
(1790000017.540000) vcan0 101#504B000000000000
(1790000017.550000) vcan0 102#8403000000000000
(1790000017.560000) vcan0 100#BC20000000000000
(1790000017.560000) vcan0 101#904B000000000000
(1790000017.580000) vcan0 100#C920000000000000
(1790000017.580000) vcan0 101#D04B000000000000
(1790000017.600000) vcan0 100#D720000000000000
(1790000017.600000) vcan0 101#104C000000000000
(1790000017.600000) vcan0 102#8403000000000000
(1790000017.600000) vcan0 110#0400000000000000
(1790000017.600000) vcan0 120#0300000000000000
(1790000017.600000) vcan0 121#0200000000000000
(1790000017.600000) vcan0 203#5900000000000000
(1790000017.620000) vcan0 100#E420000000000000
(1790000017.620000) vcan0 101#504C000000000000
(1790000017.640000) vcan0 100#F120000000000000
(1790000017.640000) vcan0 101#904C000000000000
(1790000017.650000) vcan0 102#8403000000000000
(1790000017.660000) vcan0 100#FF20000000000000
(1790000017.660000) vcan0 101#D04C000000000000
(1790000017.680000) vcan0 100#0C21000000000000
(1790000017.680000) vcan0 101#104D000000000000
(1790000017.700000) vcan0 100#1921000000000000
(1790000017.700000) vcan0 101#504D000000000000
(1790000017.700000) vcan0 102#8403000000000000
(1790000017.700000) vcan0 110#0400000000000000
(1790000017.700000) vcan0 120#0300000000000000
(1790000017.700000) vcan0 203#5A00000000000000
(1790000017.720000) vcan0 100#2721000000000000
(1790000017.720000) vcan0 101#904D000000000000
(1790000017.740000) vcan0 100#3421000000000000
(1790000017.740000) vcan0 101#D04D000000000000
(1790000017.750000) vcan0 102#8403000000000000
(1790000017.760000) vcan0 100#4121000000000000
(1790000017.760000) vcan0 101#104E000000000000
(1790000017.780000) vcan0 100#4F21000000000000
(1790000017.780000) vcan0 101#504E000000000000
(1790000017.800000) vcan0 100#5C21000000000000
(1790000017.800000) vcan0 101#904E000000000000
(1790000017.800000) vcan0 102#8403000000000000
(1790000017.800000) vcan0 110#0400000000000000
(1790000017.800000) vcan0 120#0300000000000000
(1790000017.800000) vcan0 121#0200000000000000
(1790000017.800000) vcan0 203#5B00000000000000
(1790000017.820000) vcan0 100#6921000000000000
(1790000017.820000) vcan0 101#D04E000000000000
(1790000017.840000) vcan0 100#7721000000000000
(1790000017.840000) vcan0 101#104F000000000000
(1790000017.850000) vcan0 102#8403000000000000
(1790000017.860000) vcan0 100#8421000000000000
(1790000017.860000) vcan0 101#504F000000000000
(1790000017.880000) vcan0 100#9121000000000000
(1790000017.880000) vcan0 101#904F000000000000
(1790000017.900000) vcan0 100#9F21000000000000
(1790000017.900000) vcan0 101#D04F000000000000
(1790000017.900000) vcan0 102#8403000000000000
(1790000017.900000) vcan0 110#0400000000000000
(1790000017.900000) vcan0 120#0300000000000000
(1790000017.900000) vcan0 203#5C00000000000000
(1790000017.920000) vcan0 100#AC21000000000000
(1790000017.920000) vcan0 101#1050000000000000
(1790000017.940000) vcan0 100#B921000000000000
(1790000017.940000) vcan0 101#5050000000000000
(1790000017.950000) vcan0 102#8403000000000000
(1790000017.960000) vcan0 100#C721000000000000
(1790000017.960000) vcan0 101#9050000000000000
(1790000017.980000) vcan0 100#D421000000000000
(1790000017.980000) vcan0 101#D050000000000000
(1790000018.000000) vcan0 100#E121000000000000
(1790000018.000000) vcan0 101#1051000000000000
(1790000018.000000) vcan0 102#8403000000000000
(1790000018.000000) vcan0 110#0400000000000000
(1790000018.000000) vcan0 120#0300000000000000
(1790000018.000000) vcan0 121#0200000000000000
(1790000018.000000) vcan0 200#8000000000000000
(1790000018.000000) vcan0 201#8400000000000000
(1790000018.000000) vcan0 202#7C00000000000000
(1790000018.000000) vcan0 203#5D00000000000000
(1790000018.000000) vcan0 210#8E00000000000000
(1790000018.000000) vcan0 220#7C00000000000000
(1790000018.000000) vcan0 221#B501000000000000
(1790000018.000000) vcan0 222#4E00000000000000
(1790000018.000000) vcan0 230#96991C0000000000
(1790000018.000000) vcan0 231#B701000000000000
(1790000018.000000) vcan0 232#0019000000000000
(1790000018.000000) vcan0 240#7300000000000000
(1790000018.000000) vcan0 241#7300000000000000
(1790000018.000000) vcan0 242#6E00000000000000
(1790000018.000000) vcan0 243#6E00000000000000
(1790000018.000000) vcan0 18FF0100#7000000000000000
(1790000018.020000) vcan0 100#EF21000000000000
(1790000018.020000) vcan0 101#5051000000000000
(1790000018.040000) vcan0 100#FC21000000000000
(1790000018.040000) vcan0 101#9051000000000000
(1790000018.050000) vcan0 102#8403000000000000
(1790000018.060000) vcan0 100#0922000000000000
(1790000018.060000) vcan0 101#D051000000000000
(1790000018.080000) vcan0 100#1722000000000000
(1790000018.080000) vcan0 101#1052000000000000
(1790000018.100000) vcan0 100#2422000000000000
(1790000018.100000) vcan0 101#5052000000000000
(1790000018.100000) vcan0 102#8403000000000000
(1790000018.100000) vcan0 110#0400000000000000
(1790000018.100000) vcan0 120#0300000000000000
(1790000018.100000) vcan0 203#5E00000000000000
(1790000018.120000) vcan0 100#3122000000000000
(1790000018.120000) vcan0 101#9052000000000000
(1790000018.140000) vcan0 100#3F22000000000000
(1790000018.140000) vcan0 101#D052000000000000
(1790000018.150000) vcan0 102#8403000000000000
(1790000018.160000) vcan0 100#4C22000000000000
(1790000018.160000) vcan0 101#1053000000000000
(1790000018.180000) vcan0 100#5922000000000000
(1790000018.180000) vcan0 101#5053000000000000
(1790000018.200000) vcan0 100#6722000000000000
(1790000018.200000) vcan0 101#502A000000000000
(1790000018.200000) vcan0 102#8403000000000000
(1790000018.200000) vcan0 110#0500000000000000
(1790000018.200000) vcan0 120#0300000000000000
(1790000018.200000) vcan0 121#0200000000000000
(1790000018.200000) vcan0 203#3C00000000000000
(1790000018.220000) vcan0 100#7422000000000000
(1790000018.220000) vcan0 101#902A000000000000
(1790000018.240000) vcan0 100#8122000000000000
(1790000018.240000) vcan0 101#D02A000000000000
(1790000018.250000) vcan0 102#8403000000000000
(1790000018.260000) vcan0 100#8F22000000000000
(1790000018.260000) vcan0 101#102B000000000000
(1790000018.280000) vcan0 100#9C22000000000000
(1790000018.280000) vcan0 101#502B000000000000
(1790000018.300000) vcan0 100#A922000000000000
(1790000018.300000) vcan0 101#902B000000000000
(1790000018.300000) vcan0 102#8403000000000000
(1790000018.300000) vcan0 110#0500000000000000
(1790000018.300000) vcan0 120#0300000000000000
(1790000018.300000) vcan0 203#3D00000000000000
(1790000018.320000) vcan0 100#B722000000000000
(1790000018.320000) vcan0 101#D02B000000000000
(1790000018.340000) vcan0 100#C422000000000000
(1790000018.340000) vcan0 101#102C000000000000
(1790000018.350000) vcan0 102#8403000000000000
(1790000018.360000) vcan0 100#D122000000000000
(1790000018.360000) vcan0 101#502C000000000000
(1790000018.380000) vcan0 100#DF22000000000000
(1790000018.380000) vcan0 101#902C000000000000
(1790000018.400000) vcan0 100#EC22000000000000
(1790000018.400000) vcan0 101#D02C000000000000
(1790000018.400000) vcan0 102#8403000000000000
(1790000018.400000) vcan0 110#0500000000000000
(1790000018.400000) vcan0 120#0300000000000000
(1790000018.400000) vcan0 121#0200000000000000
(1790000018.400000) vcan0 203#3E00000000000000
(1790000018.420000) vcan0 100#F922000000000000
(1790000018.420000) vcan0 101#102D000000000000
(1790000018.440000) vcan0 100#0723000000000000
(1790000018.440000) vcan0 101#502D000000000000
(1790000018.450000) vcan0 102#8403000000000000
(1790000018.460000) vcan0 100#1423000000000000
(1790000018.460000) vcan0 101#902D000000000000
(1790000018.480000) vcan0 100#2123000000000000
(1790000018.480000) vcan0 101#D02D000000000000
(1790000018.500000) vcan0 100#2F23000000000000
(1790000018.500000) vcan0 101#102E000000000000
(1790000018.500000) vcan0 102#8403000000000000
(1790000018.500000) vcan0 110#0500000000000000
(1790000018.500000) vcan0 120#0300000000000000
(1790000018.500000) vcan0 200#8000000000000000
(1790000018.500000) vcan0 201#8400000000000000
(1790000018.500000) vcan0 203#3F00000000000000
(1790000018.500000) vcan0 210#8E00000000000000
(1790000018.520000) vcan0 100#3C23000000000000
(1790000018.520000) vcan0 101#502E000000000000
(1790000018.540000) vcan0 100#4923000000000000
(1790000018.540000) vcan0 101#902E000000000000
(1790000018.550000) vcan0 102#8403000000000000
(1790000018.560000) vcan0 100#5723000000000000
(1790000018.560000) vcan0 101#D02E000000000000
(1790000018.580000) vcan0 100#6423000000000000
(1790000018.580000) vcan0 101#102F000000000000
(1790000018.600000) vcan0 100#7123000000000000
(1790000018.600000) vcan0 101#502F000000000000
(1790000018.600000) vcan0 102#8403000000000000
(1790000018.600000) vcan0 110#0500000000000000
(1790000018.600000) vcan0 120#0300000000000000
(1790000018.600000) vcan0 121#0200000000000000
(1790000018.600000) vcan0 203#4000000000000000
(1790000018.620000) vcan0 100#7F23000000000000
(1790000018.620000) vcan0 101#902F000000000000
(1790000018.640000) vcan0 100#8C23000000000000
(1790000018.640000) vcan0 101#D02F000000000000
(1790000018.650000) vcan0 102#8403000000000000
(1790000018.660000) vcan0 100#9923000000000000
(1790000018.660000) vcan0 101#1030000000000000
(1790000018.680000) vcan0 100#A723000000000000
(1790000018.680000) vcan0 101#5030000000000000
(1790000018.700000) vcan0 100#B423000000000000
(1790000018.700000) vcan0 101#9030000000000000
(1790000018.700000) vcan0 102#8403000000000000
(1790000018.700000) vcan0 110#0500000000000000
(1790000018.700000) vcan0 120#0300000000000000
(1790000018.700000) vcan0 203#4100000000000000
(1790000018.720000) vcan0 100#C123000000000000
(1790000018.720000) vcan0 101#D030000000000000
(1790000018.740000) vcan0 100#CF23000000000000
(1790000018.740000) vcan0 101#1031000000000000
(1790000018.750000) vcan0 102#8403000000000000
(1790000018.760000) vcan0 100#DC23000000000000
(1790000018.760000) vcan0 101#5031000000000000
(1790000018.780000) vcan0 100#E923000000000000
(1790000018.780000) vcan0 101#9031000000000000
(1790000018.800000) vcan0 100#F723000000000000
(1790000018.800000) vcan0 101#D031000000000000
(1790000018.800000) vcan0 102#8403000000000000
(1790000018.800000) vcan0 110#0500000000000000
(1790000018.800000) vcan0 120#0300000000000000
(1790000018.800000) vcan0 121#0200000000000000
(1790000018.800000) vcan0 203#4300000000000000
(1790000018.820000) vcan0 100#0424000000000000
(1790000018.820000) vcan0 101#1032000000000000
(1790000018.840000) vcan0 100#1124000000000000
(1790000018.840000) vcan0 101#5032000000000000
(1790000018.850000) vcan0 102#8403000000000000
(1790000018.860000) vcan0 100#1F24000000000000
(1790000018.860000) vcan0 101#9032000000000000
(1790000018.880000) vcan0 100#2C24000000000000
(1790000018.880000) vcan0 101#D032000000000000
(1790000018.900000) vcan0 100#3924000000000000
(1790000018.900000) vcan0 101#1033000000000000
(1790000018.900000) vcan0 102#8403000000000000
(1790000018.900000) vcan0 110#0500000000000000
(1790000018.900000) vcan0 120#0300000000000000
(1790000018.900000) vcan0 203#4400000000000000
(1790000018.920000) vcan0 100#4724000000000000
(1790000018.920000) vcan0 101#5033000000000000
(1790000018.940000) vcan0 100#5424000000000000
(1790000018.940000) vcan0 101#9033000000000000
(1790000018.950000) vcan0 102#8403000000000000
(1790000018.960000) vcan0 100#6124000000000000
(1790000018.960000) vcan0 101#D033000000000000
(1790000018.980000) vcan0 100#6F24000000000000
(1790000018.980000) vcan0 101#1034000000000000
(1790000019.000000) vcan0 100#7C24000000000000
(1790000019.000000) vcan0 101#5034000000000000
(1790000019.000000) vcan0 102#8403000000000000
(1790000019.000000) vcan0 110#0500000000000000
(1790000019.000000) vcan0 120#0300000000000000
(1790000019.000000) vcan0 121#0200000000000000
(1790000019.000000) vcan0 200#8000000000000000
(1790000019.000000) vcan0 201#8400000000000000
(1790000019.000000) vcan0 202#7C00000000000000
(1790000019.000000) vcan0 203#4500000000000000
(1790000019.000000) vcan0 210#8E00000000000000
(1790000019.000000) vcan0 220#7C00000000000000
(1790000019.000000) vcan0 221#B501000000000000
(1790000019.000000) vcan0 222#4E00000000000000
(1790000019.000000) vcan0 230#96991C0000000000
(1790000019.000000) vcan0 231#B701000000000000
(1790000019.000000) vcan0 232#0019000000000000
(1790000019.000000) vcan0 240#7300000000000000
(1790000019.000000) vcan0 241#7300000000000000
(1790000019.000000) vcan0 242#6E00000000000000
(1790000019.000000) vcan0 243#6E00000000000000
(1790000019.000000) vcan0 18FF0100#7000000000000000
(1790000019.020000) vcan0 100#8924000000000000
(1790000019.020000) vcan0 101#9034000000000000
(1790000019.040000) vcan0 100#9724000000000000
(1790000019.040000) vcan0 101#D034000000000000
(1790000019.050000) vcan0 102#8403000000000000
(1790000019.060000) vcan0 100#A424000000000000
(1790000019.060000) vcan0 101#1035000000000000
(1790000019.080000) vcan0 100#B124000000000000
(1790000019.080000) vcan0 101#5035000000000000
(1790000019.100000) vcan0 100#BF24000000000000
(1790000019.100000) vcan0 101#9035000000000000
(1790000019.100000) vcan0 102#8403000000000000
(1790000019.100000) vcan0 110#0500000000000000
(1790000019.100000) vcan0 120#0300000000000000
(1790000019.100000) vcan0 203#4600000000000000
(1790000019.120000) vcan0 100#CC24000000000000
(1790000019.120000) vcan0 101#D035000000000000
(1790000019.140000) vcan0 100#D924000000000000
(1790000019.140000) vcan0 101#1036000000000000
(1790000019.150000) vcan0 102#8403000000000000
(1790000019.160000) vcan0 100#E724000000000000
(1790000019.160000) vcan0 101#5036000000000000
(1790000019.180000) vcan0 100#F424000000000000
(1790000019.180000) vcan0 101#9036000000000000
(1790000019.200000) vcan0 100#0125000000000000
(1790000019.200000) vcan0 101#D036000000000000
(1790000019.200000) vcan0 102#8403000000000000
(1790000019.200000) vcan0 110#0500000000000000
(1790000019.200000) vcan0 120#0300000000000000
(1790000019.200000) vcan0 121#0200000000000000
(1790000019.200000) vcan0 203#4700000000000000
(1790000019.220000) vcan0 100#0F25000000000000
(1790000019.220000) vcan0 101#1037000000000000
(1790000019.240000) vcan0 100#1C25000000000000
(1790000019.240000) vcan0 101#5037000000000000
(1790000019.250000) vcan0 102#8403000000000000
(1790000019.260000) vcan0 100#2925000000000000
(1790000019.260000) vcan0 101#9037000000000000
(1790000019.280000) vcan0 100#3725000000000000
(1790000019.280000) vcan0 101#D037000000000000
(1790000019.300000) vcan0 100#4425000000000000
(1790000019.300000) vcan0 101#1038000000000000
(1790000019.300000) vcan0 102#8403000000000000
(1790000019.300000) vcan0 110#0500000000000000
(1790000019.300000) vcan0 120#0300000000000000
(1790000019.300000) vcan0 203#4800000000000000
(1790000019.320000) vcan0 100#5125000000000000
(1790000019.320000) vcan0 101#5038000000000000
(1790000019.340000) vcan0 100#5F25000000000000
(1790000019.340000) vcan0 101#9038000000000000
(1790000019.350000) vcan0 102#8403000000000000
(1790000019.360000) vcan0 100#6C25000000000000
(1790000019.360000) vcan0 101#D038000000000000
(1790000019.380000) vcan0 100#7925000000000000
(1790000019.380000) vcan0 101#1039000000000000
(1790000019.400000) vcan0 100#8725000000000000
(1790000019.400000) vcan0 101#5039000000000000
(1790000019.400000) vcan0 102#8403000000000000
(1790000019.400000) vcan0 110#0500000000000000
(1790000019.400000) vcan0 120#0300000000000000
(1790000019.400000) vcan0 121#0200000000000000
(1790000019.400000) vcan0 203#4900000000000000
(1790000019.420000) vcan0 100#9425000000000000
(1790000019.420000) vcan0 101#9039000000000000
(1790000019.440000) vcan0 100#A125000000000000
(1790000019.440000) vcan0 101#D039000000000000
(1790000019.450000) vcan0 102#8403000000000000
(1790000019.460000) vcan0 100#AF25000000000000
(1790000019.460000) vcan0 101#103A000000000000
(1790000019.480000) vcan0 100#BC25000000000000
(1790000019.480000) vcan0 101#503A000000000000
(1790000019.500000) vcan0 100#C925000000000000
(1790000019.500000) vcan0 101#903A000000000000
(1790000019.500000) vcan0 102#8403000000000000
(1790000019.500000) vcan0 110#0500000000000000
(1790000019.500000) vcan0 120#0300000000000000
(1790000019.500000) vcan0 200#8000000000000000
(1790000019.500000) vcan0 201#8400000000000000
(1790000019.500000) vcan0 203#4A00000000000000
(1790000019.500000) vcan0 210#8E00000000000000
(1790000019.520000) vcan0 100#D725000000000000
(1790000019.520000) vcan0 101#D03A000000000000
(1790000019.540000) vcan0 100#E425000000000000
(1790000019.540000) vcan0 101#103B000000000000
(1790000019.550000) vcan0 102#8403000000000000
(1790000019.560000) vcan0 100#F125000000000000
(1790000019.560000) vcan0 101#503B000000000000
(1790000019.580000) vcan0 100#FF25000000000000
(1790000019.580000) vcan0 101#903B000000000000
(1790000019.600000) vcan0 100#0C26000000000000
(1790000019.600000) vcan0 101#D03B000000000000
(1790000019.600000) vcan0 102#8403000000000000
(1790000019.600000) vcan0 110#0500000000000000
(1790000019.600000) vcan0 120#0300000000000000
(1790000019.600000) vcan0 121#0200000000000000
(1790000019.600000) vcan0 203#4B00000000000000
(1790000019.620000) vcan0 100#1926000000000000
(1790000019.620000) vcan0 101#103C000000000000
(1790000019.640000) vcan0 100#2726000000000000
(1790000019.640000) vcan0 101#503C000000000000
(1790000019.650000) vcan0 102#8403000000000000
(1790000019.660000) vcan0 100#3426000000000000
(1790000019.660000) vcan0 101#903C000000000000
(1790000019.680000) vcan0 100#4126000000000000
(1790000019.680000) vcan0 101#D03C000000000000
(1790000019.700000) vcan0 100#4F26000000000000
(1790000019.700000) vcan0 101#103D000000000000
(1790000019.700000) vcan0 102#8403000000000000
(1790000019.700000) vcan0 110#0500000000000000
(1790000019.700000) vcan0 120#0300000000000000
(1790000019.700000) vcan0 203#4C00000000000000
(1790000019.720000) vcan0 100#5C26000000000000
(1790000019.720000) vcan0 101#503D000000000000
(1790000019.740000) vcan0 100#6926000000000000
(1790000019.740000) vcan0 101#903D000000000000
(1790000019.750000) vcan0 102#8403000000000000
(1790000019.760000) vcan0 100#7726000000000000
(1790000019.760000) vcan0 101#D03D000000000000
(1790000019.780000) vcan0 100#8426000000000000
(1790000019.780000) vcan0 101#103E000000000000
(1790000019.800000) vcan0 100#9126000000000000
(1790000019.800000) vcan0 101#503E000000000000
(1790000019.800000) vcan0 102#8403000000000000
(1790000019.800000) vcan0 110#0500000000000000
(1790000019.800000) vcan0 120#0300000000000000
(1790000019.800000) vcan0 121#0200000000000000
(1790000019.800000) vcan0 203#4D00000000000000
(1790000019.820000) vcan0 100#9F26000000000000
(1790000019.820000) vcan0 101#903E000000000000
(1790000019.840000) vcan0 100#AC26000000000000
(1790000019.840000) vcan0 101#D03E000000000000
(1790000019.850000) vcan0 102#8403000000000000
(1790000019.860000) vcan0 100#B926000000000000
(1790000019.860000) vcan0 101#103F000000000000
(1790000019.880000) vcan0 100#C726000000000000
(1790000019.880000) vcan0 101#503F000000000000
(1790000019.900000) vcan0 100#D426000000000000
(1790000019.900000) vcan0 101#903F000000000000
(1790000019.900000) vcan0 102#8403000000000000
(1790000019.900000) vcan0 110#0500000000000000
(1790000019.900000) vcan0 120#0300000000000000
(1790000019.900000) vcan0 203#4E00000000000000
(1790000019.920000) vcan0 100#E126000000000000
(1790000019.920000) vcan0 101#D03F000000000000
(1790000019.940000) vcan0 100#EF26000000000000
(1790000019.940000) vcan0 101#1040000000000000
(1790000019.950000) vcan0 102#8403000000000000
(1790000019.960000) vcan0 100#FC26000000000000
(1790000019.960000) vcan0 101#5040000000000000
(1790000019.980000) vcan0 100#0927000000000000
(1790000019.980000) vcan0 101#9040000000000000
(1790000020.000000) vcan0 100#DA28000000000000
(1790000020.000000) vcan0 101#D931000000000000
(1790000020.000000) vcan0 102#C800000000000000
(1790000020.000000) vcan0 110#0500000000000000
(1790000020.000000) vcan0 120#0300000000000000
(1790000020.000000) vcan0 121#0200000000000000
(1790000020.000000) vcan0 200#8000000000000000
(1790000020.000000) vcan0 201#8400000000000000
(1790000020.000000) vcan0 202#7C00000000000000
(1790000020.000000) vcan0 203#4300000000000000
(1790000020.000000) vcan0 210#8E00000000000000
(1790000020.000000) vcan0 220#7C00000000000000
(1790000020.000000) vcan0 221#B501000000000000
(1790000020.000000) vcan0 222#4E00000000000000
(1790000020.000000) vcan0 230#96991C0000000000
(1790000020.000000) vcan0 231#B701000000000000
(1790000020.000000) vcan0 232#0019000000000000
(1790000020.000000) vcan0 240#7300000000000000
(1790000020.000000) vcan0 241#7300000000000000
(1790000020.000000) vcan0 242#6E00000000000000
(1790000020.000000) vcan0 243#6E00000000000000
(1790000020.000000) vcan0 18FF0100#7000000000000000
(1790000020.020000) vcan0 100#DE28000000000000
(1790000020.020000) vcan0 101#EB31000000000000
(1790000020.040000) vcan0 100#E228000000000000
(1790000020.040000) vcan0 101#FD31000000000000
(1790000020.050000) vcan0 102#C800000000000000
(1790000020.060000) vcan0 100#E628000000000000
(1790000020.060000) vcan0 101#0E32000000000000
(1790000020.080000) vcan0 100#E928000000000000
(1790000020.080000) vcan0 101#1E32000000000000
(1790000020.100000) vcan0 100#EC28000000000000
(1790000020.100000) vcan0 101#2D32000000000000
(1790000020.100000) vcan0 102#C800000000000000
(1790000020.100000) vcan0 110#0500000000000000
(1790000020.100000) vcan0 120#0300000000000000
(1790000020.100000) vcan0 203#4300000000000000
(1790000020.120000) vcan0 100#EF28000000000000
(1790000020.120000) vcan0 101#3C32000000000000
(1790000020.140000) vcan0 100#F228000000000000
(1790000020.140000) vcan0 101#4932000000000000
(1790000020.150000) vcan0 102#C800000000000000
(1790000020.160000) vcan0 100#F428000000000000
(1790000020.160000) vcan0 101#5532000000000000
(1790000020.180000) vcan0 100#F728000000000000
(1790000020.180000) vcan0 101#6132000000000000
(1790000020.200000) vcan0 100#F928000000000000
(1790000020.200000) vcan0 101#6B32000000000000
(1790000020.200000) vcan0 102#C800000000000000
(1790000020.200000) vcan0 110#0500000000000000
(1790000020.200000) vcan0 120#0300000000000000
(1790000020.200000) vcan0 121#0200000000000000
(1790000020.200000) vcan0 203#4300000000000000
(1790000020.220000) vcan0 100#FB28000000000000
(1790000020.220000) vcan0 101#7532000000000000
(1790000020.240000) vcan0 100#FD28000000000000
(1790000020.240000) vcan0 101#7D32000000000000
(1790000020.250000) vcan0 102#C800000000000000
(1790000020.260000) vcan0 100#FE28000000000000
(1790000020.260000) vcan0 101#8532000000000000
(1790000020.280000) vcan0 100#0029000000000000
(1790000020.280000) vcan0 101#8C32000000000000
(1790000020.300000) vcan0 100#0129000000000000
(1790000020.300000) vcan0 101#9132000000000000
(1790000020.300000) vcan0 102#C800000000000000
(1790000020.300000) vcan0 110#0500000000000000
(1790000020.300000) vcan0 120#0300000000000000
(1790000020.300000) vcan0 203#4300000000000000
(1790000020.320000) vcan0 100#0229000000000000
(1790000020.320000) vcan0 101#9632000000000000
(1790000020.340000) vcan0 100#0329000000000000
(1790000020.340000) vcan0 101#9A32000000000000
(1790000020.350000) vcan0 102#C800000000000000
(1790000020.360000) vcan0 100#0329000000000000
(1790000020.360000) vcan0 101#9D32000000000000
(1790000020.380000) vcan0 100#0429000000000000
(1790000020.380000) vcan0 101#9F32000000000000
(1790000020.400000) vcan0 100#0429000000000000
(1790000020.400000) vcan0 101#A032000000000000
(1790000020.400000) vcan0 102#C800000000000000
(1790000020.400000) vcan0 110#0500000000000000
(1790000020.400000) vcan0 120#0300000000000000
(1790000020.400000) vcan0 121#0200000000000000
(1790000020.400000) vcan0 203#4300000000000000
(1790000020.420000) vcan0 100#0429000000000000
(1790000020.420000) vcan0 101#A032000000000000
(1790000020.440000) vcan0 100#0429000000000000
(1790000020.440000) vcan0 101#9F32000000000000
(1790000020.450000) vcan0 102#C800000000000000
(1790000020.460000) vcan0 100#0329000000000000
(1790000020.460000) vcan0 101#9D32000000000000
(1790000020.480000) vcan0 100#0329000000000000
(1790000020.480000) vcan0 101#9A32000000000000
(1790000020.500000) vcan0 100#0229000000000000
(1790000020.500000) vcan0 101#9632000000000000
(1790000020.500000) vcan0 102#C800000000000000
(1790000020.500000) vcan0 110#0500000000000000
(1790000020.500000) vcan0 120#0300000000000000
(1790000020.500000) vcan0 200#8000000000000000
(1790000020.500000) vcan0 201#8400000000000000
(1790000020.500000) vcan0 203#4300000000000000
(1790000020.500000) vcan0 210#8E00000000000000
(1790000020.520000) vcan0 100#0129000000000000
(1790000020.520000) vcan0 101#9232000000000000
(1790000020.540000) vcan0 100#0029000000000000
(1790000020.540000) vcan0 101#8C32000000000000
(1790000020.550000) vcan0 102#C800000000000000
(1790000020.560000) vcan0 100#FE28000000000000
(1790000020.560000) vcan0 101#8532000000000000
(1790000020.580000) vcan0 100#FD28000000000000
(1790000020.580000) vcan0 101#7E32000000000000
(1790000020.600000) vcan0 100#FB28000000000000
(1790000020.600000) vcan0 101#7532000000000000
(1790000020.600000) vcan0 102#C800000000000000
(1790000020.600000) vcan0 110#0500000000000000
(1790000020.600000) vcan0 120#0300000000000000
(1790000020.600000) vcan0 121#0200000000000000
(1790000020.600000) vcan0 203#4300000000000000
(1790000020.620000) vcan0 100#F928000000000000
(1790000020.620000) vcan0 101#6B32000000000000
(1790000020.640000) vcan0 100#F728000000000000
(1790000020.640000) vcan0 101#6132000000000000
(1790000020.650000) vcan0 102#C800000000000000
(1790000020.660000) vcan0 100#F428000000000000
(1790000020.660000) vcan0 101#5632000000000000
(1790000020.680000) vcan0 100#F228000000000000
(1790000020.680000) vcan0 101#4932000000000000
(1790000020.700000) vcan0 100#EF28000000000000
(1790000020.700000) vcan0 101#3C32000000000000
(1790000020.700000) vcan0 102#C800000000000000
(1790000020.700000) vcan0 110#0500000000000000
(1790000020.700000) vcan0 120#0300000000000000
(1790000020.700000) vcan0 203#4300000000000000
(1790000020.720000) vcan0 100#EC28000000000000
(1790000020.720000) vcan0 101#2E32000000000000
(1790000020.740000) vcan0 100#E928000000000000
(1790000020.740000) vcan0 101#1F32000000000000
(1790000020.750000) vcan0 102#C800000000000000
(1790000020.760000) vcan0 100#E628000000000000
(1790000020.760000) vcan0 101#0F32000000000000
(1790000020.780000) vcan0 100#E228000000000000
(1790000020.780000) vcan0 101#FE31000000000000
(1790000020.800000) vcan0 100#DF28000000000000
(1790000020.800000) vcan0 101#EC31000000000000
(1790000020.800000) vcan0 102#C800000000000000
(1790000020.800000) vcan0 110#0500000000000000
(1790000020.800000) vcan0 120#0300000000000000
(1790000020.800000) vcan0 121#0200000000000000
(1790000020.800000) vcan0 203#4300000000000000
(1790000020.820000) vcan0 100#DB28000000000000
(1790000020.820000) vcan0 101#D931000000000000
(1790000020.840000) vcan0 100#D728000000000000
(1790000020.840000) vcan0 101#C631000000000000
(1790000020.850000) vcan0 102#C800000000000000
(1790000020.860000) vcan0 100#D228000000000000
(1790000020.860000) vcan0 101#B131000000000000
(1790000020.880000) vcan0 100#CE28000000000000
(1790000020.880000) vcan0 101#9C31000000000000
(1790000020.900000) vcan0 100#C928000000000000
(1790000020.900000) vcan0 101#8631000000000000
(1790000020.900000) vcan0 102#C800000000000000
(1790000020.900000) vcan0 110#0500000000000000
(1790000020.900000) vcan0 120#0300000000000000
(1790000020.900000) vcan0 203#4200000000000000
(1790000020.920000) vcan0 100#C428000000000000
(1790000020.920000) vcan0 101#6F31000000000000
(1790000020.940000) vcan0 100#BF28000000000000
(1790000020.940000) vcan0 101#5731000000000000
(1790000020.950000) vcan0 102#C800000000000000
(1790000020.960000) vcan0 100#BA28000000000000
(1790000020.960000) vcan0 101#3F31000000000000
(1790000020.980000) vcan0 100#B528000000000000
(1790000020.980000) vcan0 101#2531000000000000
(1790000021.000000) vcan0 100#B028000000000000
(1790000021.000000) vcan0 101#0B31000000000000
(1790000021.000000) vcan0 102#C800000000000000
(1790000021.000000) vcan0 110#0500000000000000
(1790000021.000000) vcan0 120#0300000000000000
(1790000021.000000) vcan0 121#0200000000000000
(1790000021.000000) vcan0 200#8000000000000000
(1790000021.000000) vcan0 201#8400000000000000
(1790000021.000000) vcan0 202#7C00000000000000
(1790000021.000000) vcan0 203#4200000000000000
(1790000021.000000) vcan0 210#8E00000000000000
(1790000021.000000) vcan0 220#7C00000000000000
(1790000021.000000) vcan0 221#B501000000000000
(1790000021.000000) vcan0 222#4E00000000000000
(1790000021.000000) vcan0 230#96991C0000000000
(1790000021.000000) vcan0 231#B701000000000000
(1790000021.000000) vcan0 232#0019000000000000
(1790000021.000000) vcan0 240#7300000000000000
(1790000021.000000) vcan0 241#7300000000000000
(1790000021.000000) vcan0 242#6E00000000000000
(1790000021.000000) vcan0 243#6E00000000000000
(1790000021.000000) vcan0 18FF0100#7000000000000000
(1790000021.020000) vcan0 100#AA28000000000000
(1790000021.020000) vcan0 101#F030000000000000
(1790000021.040000) vcan0 100#A428000000000000
(1790000021.040000) vcan0 101#D430000000000000
(1790000021.050000) vcan0 102#C800000000000000
(1790000021.060000) vcan0 100#9E28000000000000
(1790000021.060000) vcan0 101#B730000000000000
(1790000021.080000) vcan0 100#9828000000000000
(1790000021.080000) vcan0 101#9A30000000000000
(1790000021.100000) vcan0 100#9228000000000000
(1790000021.100000) vcan0 101#7C30000000000000
(1790000021.100000) vcan0 102#C800000000000000
(1790000021.100000) vcan0 110#0500000000000000
(1790000021.100000) vcan0 120#0300000000000000
(1790000021.100000) vcan0 203#4100000000000000
(1790000021.120000) vcan0 100#8B28000000000000
(1790000021.120000) vcan0 101#5D30000000000000
(1790000021.140000) vcan0 100#8528000000000000
(1790000021.140000) vcan0 101#3D30000000000000
(1790000021.150000) vcan0 102#C800000000000000
(1790000021.160000) vcan0 100#7E28000000000000
(1790000021.160000) vcan0 101#1D30000000000000
(1790000021.180000) vcan0 100#7728000000000000
(1790000021.180000) vcan0 101#FC2F000000000000
(1790000021.200000) vcan0 100#7028000000000000
(1790000021.200000) vcan0 101#DA2F000000000000
(1790000021.200000) vcan0 102#C800000000000000
(1790000021.200000) vcan0 110#0500000000000000
(1790000021.200000) vcan0 120#0300000000000000
(1790000021.200000) vcan0 121#0200000000000000
(1790000021.200000) vcan0 203#4100000000000000
(1790000021.220000) vcan0 100#6928000000000000
(1790000021.220000) vcan0 101#B72F000000000000
(1790000021.240000) vcan0 100#6228000000000000
(1790000021.240000) vcan0 101#942F000000000000
(1790000021.250000) vcan0 102#C800000000000000
(1790000021.260000) vcan0 100#5A28000000000000
(1790000021.260000) vcan0 101#712F000000000000
(1790000021.280000) vcan0 100#5328000000000000
(1790000021.280000) vcan0 101#4C2F000000000000
(1790000021.300000) vcan0 100#4B28000000000000
(1790000021.300000) vcan0 101#272F000000000000
(1790000021.300000) vcan0 102#C800000000000000
(1790000021.300000) vcan0 110#0500000000000000
(1790000021.300000) vcan0 120#0300000000000000
(1790000021.300000) vcan0 203#4000000000000000
(1790000021.320000) vcan0 100#4328000000000000
(1790000021.320000) vcan0 101#022F000000000000
(1790000021.340000) vcan0 100#3B28000000000000
(1790000021.340000) vcan0 101#DB2E000000000000
(1790000021.350000) vcan0 102#C800000000000000
(1790000021.360000) vcan0 100#3328000000000000
(1790000021.360000) vcan0 101#B52E000000000000
(1790000021.380000) vcan0 100#2B28000000000000
(1790000021.380000) vcan0 101#8D2E000000000000
(1790000021.400000) vcan0 100#2228000000000000
(1790000021.400000) vcan0 101#662E000000000000
(1790000021.400000) vcan0 102#C800000000000000
(1790000021.400000) vcan0 110#0500000000000000
(1790000021.400000) vcan0 120#0300000000000000
(1790000021.400000) vcan0 121#0200000000000000
(1790000021.400000) vcan0 203#4000000000000000
(1790000021.420000) vcan0 100#1A28000000000000
(1790000021.420000) vcan0 101#3D2E000000000000
(1790000021.440000) vcan0 100#1228000000000000
(1790000021.440000) vcan0 101#142E000000000000
(1790000021.450000) vcan0 102#C800000000000000
(1790000021.460000) vcan0 100#0928000000000000
(1790000021.460000) vcan0 101#EB2D000000000000
(1790000021.480000) vcan0 100#0028000000000000
(1790000021.480000) vcan0 101#C12D000000000000
(1790000021.500000) vcan0 100#F727000000000000
(1790000021.500000) vcan0 101#972D000000000000
(1790000021.500000) vcan0 102#C800000000000000
(1790000021.500000) vcan0 110#0500000000000000
(1790000021.500000) vcan0 120#0300000000000000
(1790000021.500000) vcan0 200#8000000000000000
(1790000021.500000) vcan0 201#8400000000000000
(1790000021.500000) vcan0 203#3F00000000000000
(1790000021.500000) vcan0 210#8E00000000000000
(1790000021.520000) vcan0 100#EE27000000000000
(1790000021.520000) vcan0 101#6C2D000000000000
(1790000021.540000) vcan0 100#E527000000000000
(1790000021.540000) vcan0 101#412D000000000000
(1790000021.550000) vcan0 102#C800000000000000
(1790000021.560000) vcan0 100#DC27000000000000
(1790000021.560000) vcan0 101#152D000000000000
(1790000021.580000) vcan0 100#D327000000000000
(1790000021.580000) vcan0 101#E92C000000000000
(1790000021.600000) vcan0 100#CA27000000000000
(1790000021.600000) vcan0 101#BD2C000000000000
(1790000021.600000) vcan0 102#C800000000000000
(1790000021.600000) vcan0 110#0500000000000000
(1790000021.600000) vcan0 120#0300000000000000
(1790000021.600000) vcan0 121#0200000000000000
(1790000021.600000) vcan0 203#3E00000000000000
(1790000021.620000) vcan0 100#C127000000000000
(1790000021.620000) vcan0 101#902C000000000000
(1790000021.640000) vcan0 100#B727000000000000
(1790000021.640000) vcan0 101#632C000000000000
(1790000021.650000) vcan0 102#C800000000000000
(1790000021.660000) vcan0 100#AE27000000000000
(1790000021.660000) vcan0 101#362C000000000000
(1790000021.680000) vcan0 100#A427000000000000
(1790000021.680000) vcan0 101#082C000000000000
(1790000021.700000) vcan0 100#9B27000000000000
(1790000021.700000) vcan0 101#DA2B000000000000
(1790000021.700000) vcan0 102#C800000000000000
(1790000021.700000) vcan0 110#0500000000000000
(1790000021.700000) vcan0 120#0300000000000000
(1790000021.700000) vcan0 203#3D00000000000000
(1790000021.720000) vcan0 100#9127000000000000
(1790000021.720000) vcan0 101#AC2B000000000000
(1790000021.740000) vcan0 100#8727000000000000
(1790000021.740000) vcan0 101#7D2B000000000000
(1790000021.750000) vcan0 102#C800000000000000
(1790000021.760000) vcan0 100#7E27000000000000
(1790000021.760000) vcan0 101#4E2B000000000000
(1790000021.780000) vcan0 100#7427000000000000
(1790000021.780000) vcan0 101#202B000000000000
(1790000021.800000) vcan0 100#6A27000000000000
(1790000021.800000) vcan0 101#F02A000000000000
(1790000021.800000) vcan0 102#C800000000000000
(1790000021.800000) vcan0 110#0500000000000000
(1790000021.800000) vcan0 120#0300000000000000
(1790000021.800000) vcan0 121#0200000000000000
(1790000021.800000) vcan0 203#3D00000000000000
(1790000021.820000) vcan0 100#6027000000000000
(1790000021.820000) vcan0 101#C12A000000000000
(1790000021.840000) vcan0 100#5627000000000000
(1790000021.840000) vcan0 101#922A000000000000
(1790000021.850000) vcan0 102#C800000000000000
(1790000021.860000) vcan0 100#4C27000000000000
(1790000021.860000) vcan0 101#622A000000000000
(1790000021.880000) vcan0 100#4227000000000000
(1790000021.880000) vcan0 101#322A000000000000
(1790000021.900000) vcan0 100#3927000000000000
(1790000021.900000) vcan0 101#032A000000000000
(1790000021.900000) vcan0 102#C800000000000000
(1790000021.900000) vcan0 110#0500000000000000
(1790000021.900000) vcan0 120#0300000000000000
(1790000021.900000) vcan0 203#3C00000000000000
(1790000021.920000) vcan0 100#2F27000000000000
(1790000021.920000) vcan0 101#D329000000000000
(1790000021.940000) vcan0 100#2527000000000000
(1790000021.940000) vcan0 101#A329000000000000
(1790000021.950000) vcan0 102#C800000000000000
(1790000021.960000) vcan0 100#1B27000000000000
(1790000021.960000) vcan0 101#7329000000000000
(1790000021.980000) vcan0 100#1127000000000000
(1790000021.980000) vcan0 101#4329000000000000
(1790000022.000000) vcan0 100#0727000000000000
(1790000022.000000) vcan0 101#1329000000000000
(1790000022.000000) vcan0 102#C800000000000000
(1790000022.000000) vcan0 110#0500000000000000
(1790000022.000000) vcan0 120#0300000000000000
(1790000022.000000) vcan0 121#0200000000000000
(1790000022.000000) vcan0 200#8000000000000000
(1790000022.000000) vcan0 201#8400000000000000
(1790000022.000000) vcan0 202#7C00000000000000
(1790000022.000000) vcan0 203#3B00000000000000
(1790000022.000000) vcan0 210#8E00000000000000
(1790000022.000000) vcan0 220#7C00000000000000
(1790000022.000000) vcan0 221#B501000000000000
(1790000022.000000) vcan0 222#4E00000000000000
(1790000022.000000) vcan0 230#97991C0000000000
(1790000022.000000) vcan0 231#B801000000000000
(1790000022.000000) vcan0 232#0019000000000000
(1790000022.000000) vcan0 240#7300000000000000
(1790000022.000000) vcan0 241#7300000000000000
(1790000022.000000) vcan0 242#6E00000000000000
(1790000022.000000) vcan0 243#6E00000000000000
(1790000022.000000) vcan0 18FF0100#7000000000000000
(1790000022.020000) vcan0 100#FD26000000000000
(1790000022.020000) vcan0 101#E328000000000000
(1790000022.040000) vcan0 100#F326000000000000
(1790000022.040000) vcan0 101#B328000000000000
(1790000022.050000) vcan0 102#C800000000000000
(1790000022.060000) vcan0 100#E926000000000000
(1790000022.060000) vcan0 101#8328000000000000
(1790000022.080000) vcan0 100#DF26000000000000
(1790000022.080000) vcan0 101#5328000000000000
(1790000022.100000) vcan0 100#D526000000000000
(1790000022.100000) vcan0 101#2328000000000000
(1790000022.100000) vcan0 102#C800000000000000
(1790000022.100000) vcan0 110#0500000000000000
(1790000022.100000) vcan0 120#0300000000000000
(1790000022.100000) vcan0 203#3A00000000000000
(1790000022.120000) vcan0 100#CB26000000000000
(1790000022.120000) vcan0 101#F427000000000000
(1790000022.140000) vcan0 100#C126000000000000
(1790000022.140000) vcan0 101#C427000000000000
(1790000022.150000) vcan0 102#C800000000000000
(1790000022.160000) vcan0 100#B726000000000000
(1790000022.160000) vcan0 101#9527000000000000
(1790000022.180000) vcan0 100#AD26000000000000
(1790000022.180000) vcan0 101#6627000000000000
(1790000022.200000) vcan0 100#A326000000000000
(1790000022.200000) vcan0 101#3727000000000000
(1790000022.200000) vcan0 102#C800000000000000
(1790000022.200000) vcan0 110#0500000000000000
(1790000022.200000) vcan0 120#0300000000000000
(1790000022.200000) vcan0 121#0200000000000000
(1790000022.200000) vcan0 203#3900000000000000
(1790000022.220000) vcan0 100#9A26000000000000
(1790000022.220000) vcan0 101#0827000000000000
(1790000022.240000) vcan0 100#9026000000000000
(1790000022.240000) vcan0 101#DA26000000000000
(1790000022.250000) vcan0 102#C800000000000000
(1790000022.260000) vcan0 100#8626000000000000
(1790000022.260000) vcan0 101#AB26000000000000
(1790000022.280000) vcan0 100#7D26000000000000
(1790000022.280000) vcan0 101#7D26000000000000
(1790000022.300000) vcan0 100#7326000000000000
(1790000022.300000) vcan0 101#5026000000000000
(1790000022.300000) vcan0 102#C800000000000000
(1790000022.300000) vcan0 110#0500000000000000
(1790000022.300000) vcan0 120#0300000000000000
(1790000022.300000) vcan0 203#3900000000000000
(1790000022.320000) vcan0 100#6A26000000000000
(1790000022.320000) vcan0 101#2226000000000000
(1790000022.340000) vcan0 100#6026000000000000
(1790000022.340000) vcan0 101#F525000000000000
(1790000022.350000) vcan0 102#C800000000000000
(1790000022.360000) vcan0 100#5726000000000000
(1790000022.360000) vcan0 101#C825000000000000
(1790000022.380000) vcan0 100#4E26000000000000
(1790000022.380000) vcan0 101#9C25000000000000
(1790000022.400000) vcan0 100#4526000000000000
(1790000022.400000) vcan0 101#7025000000000000
(1790000022.400000) vcan0 102#C800000000000000
(1790000022.400000) vcan0 110#0500000000000000
(1790000022.400000) vcan0 120#0300000000000000
(1790000022.400000) vcan0 121#0200000000000000
(1790000022.400000) vcan0 203#3800000000000000
(1790000022.420000) vcan0 100#3C26000000000000
(1790000022.420000) vcan0 101#4425000000000000
(1790000022.440000) vcan0 100#3326000000000000
(1790000022.440000) vcan0 101#1925000000000000
(1790000022.450000) vcan0 102#C800000000000000
(1790000022.460000) vcan0 100#2A26000000000000
(1790000022.460000) vcan0 101#EE24000000000000
(1790000022.480000) vcan0 100#2126000000000000
(1790000022.480000) vcan0 101#C424000000000000
(1790000022.500000) vcan0 100#1826000000000000
(1790000022.500000) vcan0 101#9A24000000000000
(1790000022.500000) vcan0 102#C800000000000000
(1790000022.500000) vcan0 110#0500000000000000
(1790000022.500000) vcan0 120#0300000000000000
(1790000022.500000) vcan0 200#8000000000000000
(1790000022.500000) vcan0 201#8400000000000000
(1790000022.500000) vcan0 203#3700000000000000
(1790000022.500000) vcan0 210#8E00000000000000
(1790000022.520000) vcan0 100#0F26000000000000
(1790000022.520000) vcan0 101#7024000000000000
(1790000022.540000) vcan0 100#0726000000000000
(1790000022.540000) vcan0 101#4724000000000000
(1790000022.550000) vcan0 102#C800000000000000
(1790000022.560000) vcan0 100#FE25000000000000
(1790000022.560000) vcan0 101#1F24000000000000
(1790000022.580000) vcan0 100#F625000000000000
(1790000022.580000) vcan0 101#F723000000000000
(1790000022.600000) vcan0 100#EE25000000000000
(1790000022.600000) vcan0 101#D023000000000000
(1790000022.600000) vcan0 102#C800000000000000
(1790000022.600000) vcan0 110#0500000000000000
(1790000022.600000) vcan0 120#0300000000000000
(1790000022.600000) vcan0 121#0200000000000000
(1790000022.600000) vcan0 203#3700000000000000
(1790000022.620000) vcan0 100#E625000000000000
(1790000022.620000) vcan0 101#A923000000000000
(1790000022.640000) vcan0 100#DE25000000000000
(1790000022.640000) vcan0 101#8323000000000000
(1790000022.650000) vcan0 102#C800000000000000
(1790000022.660000) vcan0 100#D625000000000000
(1790000022.660000) vcan0 101#5D23000000000000
(1790000022.680000) vcan0 100#CE25000000000000
(1790000022.680000) vcan0 101#3823000000000000
(1790000022.700000) vcan0 100#C725000000000000
(1790000022.700000) vcan0 101#1423000000000000
(1790000022.700000) vcan0 102#C800000000000000
(1790000022.700000) vcan0 110#0500000000000000
(1790000022.700000) vcan0 120#0300000000000000
(1790000022.700000) vcan0 203#3600000000000000
(1790000022.720000) vcan0 100#BF25000000000000
(1790000022.720000) vcan0 101#F022000000000000
(1790000022.740000) vcan0 100#B825000000000000
(1790000022.740000) vcan0 101#CD22000000000000
(1790000022.750000) vcan0 102#C800000000000000
(1790000022.760000) vcan0 100#B125000000000000
(1790000022.760000) vcan0 101#AA22000000000000
(1790000022.780000) vcan0 100#AA25000000000000
(1790000022.780000) vcan0 101#8822000000000000
(1790000022.800000) vcan0 100#A325000000000000
(1790000022.800000) vcan0 101#6722000000000000
(1790000022.800000) vcan0 102#C800000000000000
(1790000022.800000) vcan0 110#0500000000000000
(1790000022.800000) vcan0 120#0300000000000000
(1790000022.800000) vcan0 121#0200000000000000
(1790000022.800000) vcan0 203#3500000000000000
(1790000022.820000) vcan0 100#9C25000000000000
(1790000022.820000) vcan0 101#4722000000000000
(1790000022.840000) vcan0 100#9525000000000000
(1790000022.840000) vcan0 101#2722000000000000
(1790000022.850000) vcan0 102#C800000000000000
(1790000022.860000) vcan0 100#8F25000000000000
(1790000022.860000) vcan0 101#0822000000000000
(1790000022.880000) vcan0 100#8925000000000000
(1790000022.880000) vcan0 101#EA21000000000000
(1790000022.900000) vcan0 100#8325000000000000
(1790000022.900000) vcan0 101#CC21000000000000
(1790000022.900000) vcan0 102#C800000000000000
(1790000022.900000) vcan0 110#0500000000000000
(1790000022.900000) vcan0 120#0300000000000000
(1790000022.900000) vcan0 203#3500000000000000
(1790000022.920000) vcan0 100#7D25000000000000
(1790000022.920000) vcan0 101#AF21000000000000
(1790000022.940000) vcan0 100#7725000000000000
(1790000022.940000) vcan0 101#9421000000000000
(1790000022.950000) vcan0 102#C800000000000000
(1790000022.960000) vcan0 100#7125000000000000
(1790000022.960000) vcan0 101#7821000000000000
(1790000022.980000) vcan0 100#6C25000000000000
(1790000022.980000) vcan0 101#5E21000000000000
(1790000023.000000) vcan0 100#6625000000000000
(1790000023.000000) vcan0 101#4421000000000000
(1790000023.000000) vcan0 102#C800000000000000
(1790000023.000000) vcan0 110#0500000000000000
(1790000023.000000) vcan0 120#0300000000000000
(1790000023.000000) vcan0 121#0200000000000000
(1790000023.000000) vcan0 200#8000000000000000
(1790000023.000000) vcan0 201#8400000000000000
(1790000023.000000) vcan0 202#7C00000000000000
(1790000023.000000) vcan0 203#3400000000000000
(1790000023.000000) vcan0 210#8E00000000000000
(1790000023.000000) vcan0 220#7C00000000000000
(1790000023.000000) vcan0 221#B501000000000000
(1790000023.000000) vcan0 222#4E00000000000000
(1790000023.000000) vcan0 230#97991C0000000000
(1790000023.000000) vcan0 231#B801000000000000
(1790000023.000000) vcan0 232#0019000000000000
(1790000023.000000) vcan0 240#7300000000000000
(1790000023.000000) vcan0 241#7300000000000000
(1790000023.000000) vcan0 242#6E00000000000000
(1790000023.000000) vcan0 243#6E00000000000000
(1790000023.000000) vcan0 18FF0100#7000000000000000
(1790000023.020000) vcan0 100#6125000000000000
(1790000023.020000) vcan0 101#2C21000000000000
(1790000023.040000) vcan0 100#5C25000000000000
(1790000023.040000) vcan0 101#1421000000000000
(1790000023.050000) vcan0 102#C800000000000000
(1790000023.060000) vcan0 100#5725000000000000
(1790000023.060000) vcan0 101#FD20000000000000
(1790000023.080000) vcan0 100#5325000000000000
(1790000023.080000) vcan0 101#E620000000000000
(1790000023.100000) vcan0 100#4E25000000000000
(1790000023.100000) vcan0 101#D120000000000000
(1790000023.100000) vcan0 102#C800000000000000
(1790000023.100000) vcan0 110#0500000000000000
(1790000023.100000) vcan0 120#0300000000000000
(1790000023.100000) vcan0 203#3400000000000000
(1790000023.120000) vcan0 100#4A25000000000000
(1790000023.120000) vcan0 101#BC20000000000000
(1790000023.140000) vcan0 100#4625000000000000
(1790000023.140000) vcan0 101#A920000000000000
(1790000023.150000) vcan0 102#C800000000000000
(1790000023.160000) vcan0 100#4225000000000000
(1790000023.160000) vcan0 101#9620000000000000
(1790000023.180000) vcan0 100#3E25000000000000
(1790000023.180000) vcan0 101#8420000000000000
(1790000023.200000) vcan0 100#3B25000000000000
(1790000023.200000) vcan0 101#7320000000000000
(1790000023.200000) vcan0 102#C800000000000000
(1790000023.200000) vcan0 110#0500000000000000
(1790000023.200000) vcan0 120#0300000000000000
(1790000023.200000) vcan0 121#0200000000000000
(1790000023.200000) vcan0 203#3400000000000000
(1790000023.220000) vcan0 100#3725000000000000
(1790000023.220000) vcan0 101#6320000000000000
(1790000023.240000) vcan0 100#3425000000000000
(1790000023.240000) vcan0 101#5420000000000000
(1790000023.250000) vcan0 102#C800000000000000
(1790000023.260000) vcan0 100#3125000000000000
(1790000023.260000) vcan0 101#4620000000000000
(1790000023.280000) vcan0 100#2E25000000000000
(1790000023.280000) vcan0 101#3820000000000000
(1790000023.300000) vcan0 100#2C25000000000000
(1790000023.300000) vcan0 101#2C20000000000000
(1790000023.300000) vcan0 102#C800000000000000
(1790000023.300000) vcan0 110#0500000000000000
(1790000023.300000) vcan0 120#0300000000000000
(1790000023.300000) vcan0 203#3300000000000000
(1790000023.320000) vcan0 100#2925000000000000
(1790000023.320000) vcan0 101#2020000000000000
(1790000023.340000) vcan0 100#2725000000000000
(1790000023.340000) vcan0 101#1620000000000000
(1790000023.350000) vcan0 102#C800000000000000
(1790000023.360000) vcan0 100#2525000000000000
(1790000023.360000) vcan0 101#0C20000000000000
(1790000023.380000) vcan0 100#2325000000000000
(1790000023.380000) vcan0 101#0320000000000000
(1790000023.400000) vcan0 100#2225000000000000
(1790000023.400000) vcan0 101#FC1F000000000000
(1790000023.400000) vcan0 102#C800000000000000
(1790000023.400000) vcan0 110#0500000000000000
(1790000023.400000) vcan0 120#0300000000000000
(1790000023.400000) vcan0 121#0200000000000000
(1790000023.400000) vcan0 203#3300000000000000
(1790000023.420000) vcan0 100#2025000000000000
(1790000023.420000) vcan0 101#F51F000000000000
(1790000023.440000) vcan0 100#1F25000000000000
(1790000023.440000) vcan0 101#EF1F000000000000
(1790000023.450000) vcan0 102#C800000000000000
(1790000023.460000) vcan0 100#1E25000000000000
(1790000023.460000) vcan0 101#EA1F000000000000
(1790000023.480000) vcan0 100#1D25000000000000
(1790000023.480000) vcan0 101#E61F000000000000
(1790000023.500000) vcan0 100#1D25000000000000
(1790000023.500000) vcan0 101#E31F000000000000
(1790000023.500000) vcan0 102#C800000000000000
(1790000023.500000) vcan0 110#0500000000000000
(1790000023.500000) vcan0 120#0300000000000000
(1790000023.500000) vcan0 200#8000000000000000
(1790000023.500000) vcan0 201#8400000000000000
(1790000023.500000) vcan0 203#3300000000000000
(1790000023.500000) vcan0 210#8E00000000000000
(1790000023.520000) vcan0 100#1C25000000000000
(1790000023.520000) vcan0 101#E11F000000000000
(1790000023.540000) vcan0 100#1C25000000000000
(1790000023.540000) vcan0 101#E01F000000000000
(1790000023.550000) vcan0 102#C800000000000000
(1790000023.560000) vcan0 100#1C25000000000000
(1790000023.560000) vcan0 101#E01F000000000000
(1790000023.580000) vcan0 100#1C25000000000000
(1790000023.580000) vcan0 101#E11F000000000000
(1790000023.600000) vcan0 100#1D25000000000000
(1790000023.600000) vcan0 101#E31F000000000000
(1790000023.600000) vcan0 102#C800000000000000
(1790000023.600000) vcan0 110#0500000000000000
(1790000023.600000) vcan0 120#0300000000000000
(1790000023.600000) vcan0 121#0200000000000000
(1790000023.600000) vcan0 203#3300000000000000
(1790000023.620000) vcan0 100#1D25000000000000
(1790000023.620000) vcan0 101#E61F000000000000
(1790000023.640000) vcan0 100#1E25000000000000
(1790000023.640000) vcan0 101#E91F000000000000
(1790000023.650000) vcan0 102#C800000000000000
(1790000023.660000) vcan0 100#1F25000000000000
(1790000023.660000) vcan0 101#EE1F000000000000
(1790000023.680000) vcan0 100#2025000000000000
(1790000023.680000) vcan0 101#F41F000000000000
(1790000023.700000) vcan0 100#2125000000000000
(1790000023.700000) vcan0 101#FA1F000000000000
(1790000023.700000) vcan0 102#C800000000000000
(1790000023.700000) vcan0 110#0500000000000000
(1790000023.700000) vcan0 120#0300000000000000
(1790000023.700000) vcan0 203#3300000000000000
(1790000023.720000) vcan0 100#2325000000000000
(1790000023.720000) vcan0 101#0220000000000000
(1790000023.740000) vcan0 100#2525000000000000
(1790000023.740000) vcan0 101#0A20000000000000
(1790000023.750000) vcan0 102#C800000000000000
(1790000023.760000) vcan0 100#2725000000000000
(1790000023.760000) vcan0 101#1420000000000000
(1790000023.780000) vcan0 100#2925000000000000
(1790000023.780000) vcan0 101#1E20000000000000
(1790000023.800000) vcan0 100#2B25000000000000
(1790000023.800000) vcan0 101#2920000000000000
(1790000023.800000) vcan0 102#C800000000000000
(1790000023.800000) vcan0 110#0500000000000000
(1790000023.800000) vcan0 120#0300000000000000
(1790000023.800000) vcan0 121#0200000000000000
(1790000023.800000) vcan0 203#3300000000000000
(1790000023.820000) vcan0 100#2E25000000000000
(1790000023.820000) vcan0 101#3620000000000000
(1790000023.840000) vcan0 100#3125000000000000
(1790000023.840000) vcan0 101#4320000000000000
(1790000023.850000) vcan0 102#C800000000000000
(1790000023.860000) vcan0 100#3425000000000000
(1790000023.860000) vcan0 101#5120000000000000
(1790000023.880000) vcan0 100#3725000000000000
(1790000023.880000) vcan0 101#6020000000000000
(1790000023.900000) vcan0 100#3A25000000000000
(1790000023.900000) vcan0 101#7020000000000000
(1790000023.900000) vcan0 102#C800000000000000
(1790000023.900000) vcan0 110#0500000000000000
(1790000023.900000) vcan0 120#0300000000000000
(1790000023.900000) vcan0 203#3400000000000000
(1790000023.920000) vcan0 100#3D25000000000000
(1790000023.920000) vcan0 101#8120000000000000
(1790000023.940000) vcan0 100#4125000000000000
(1790000023.940000) vcan0 101#9220000000000000
(1790000023.950000) vcan0 102#C800000000000000
(1790000023.960000) vcan0 100#4525000000000000
(1790000023.960000) vcan0 101#A520000000000000
(1790000023.980000) vcan0 100#4925000000000000
(1790000023.980000) vcan0 101#B920000000000000
(1790000024.000000) vcan0 100#4D25000000000000
(1790000024.000000) vcan0 101#CD20000000000000
(1790000024.000000) vcan0 102#C800000000000000
(1790000024.000000) vcan0 110#0500000000000000
(1790000024.000000) vcan0 120#0300000000000000
(1790000024.000000) vcan0 121#0200000000000000
(1790000024.000000) vcan0 200#8000000000000000
(1790000024.000000) vcan0 201#8400000000000000
(1790000024.000000) vcan0 202#7C00000000000000
(1790000024.000000) vcan0 203#3400000000000000
(1790000024.000000) vcan0 210#8E00000000000000
(1790000024.000000) vcan0 220#7C00000000000000
(1790000024.000000) vcan0 221#B501000000000000
(1790000024.000000) vcan0 222#4E00000000000000
(1790000024.000000) vcan0 230#97991C0000000000
(1790000024.000000) vcan0 231#B801000000000000
(1790000024.000000) vcan0 232#0019000000000000
(1790000024.000000) vcan0 240#7300000000000000
(1790000024.000000) vcan0 241#7300000000000000
(1790000024.000000) vcan0 242#6E00000000000000
(1790000024.000000) vcan0 243#6E00000000000000
(1790000024.000000) vcan0 18FF0100#7000000000000000
(1790000024.020000) vcan0 100#5225000000000000
(1790000024.020000) vcan0 101#E220000000000000
(1790000024.040000) vcan0 100#5625000000000000
(1790000024.040000) vcan0 101#F820000000000000
(1790000024.050000) vcan0 102#C800000000000000
(1790000024.060000) vcan0 100#5B25000000000000
(1790000024.060000) vcan0 101#0F21000000000000
(1790000024.080000) vcan0 100#6025000000000000
(1790000024.080000) vcan0 101#2721000000000000
(1790000024.100000) vcan0 100#6525000000000000
(1790000024.100000) vcan0 101#4021000000000000
(1790000024.100000) vcan0 102#C800000000000000
(1790000024.100000) vcan0 110#0500000000000000
(1790000024.100000) vcan0 120#0300000000000000
(1790000024.100000) vcan0 203#3400000000000000
(1790000024.120000) vcan0 100#6B25000000000000
(1790000024.120000) vcan0 101#5921000000000000
(1790000024.140000) vcan0 100#7025000000000000
(1790000024.140000) vcan0 101#7321000000000000
(1790000024.150000) vcan0 102#C800000000000000
(1790000024.160000) vcan0 100#7625000000000000
(1790000024.160000) vcan0 101#8E21000000000000
(1790000024.180000) vcan0 100#7B25000000000000
(1790000024.180000) vcan0 101#AA21000000000000
(1790000024.200000) vcan0 100#8125000000000000
(1790000024.200000) vcan0 101#C721000000000000
(1790000024.200000) vcan0 102#C800000000000000
(1790000024.200000) vcan0 110#0500000000000000
(1790000024.200000) vcan0 120#0300000000000000
(1790000024.200000) vcan0 121#0200000000000000
(1790000024.200000) vcan0 203#3500000000000000
(1790000024.220000) vcan0 100#8725000000000000
(1790000024.220000) vcan0 101#E421000000000000
(1790000024.240000) vcan0 100#8E25000000000000
(1790000024.240000) vcan0 101#0222000000000000
(1790000024.250000) vcan0 102#C800000000000000
(1790000024.260000) vcan0 100#9425000000000000
(1790000024.260000) vcan0 101#2122000000000000
(1790000024.280000) vcan0 100#9B25000000000000
(1790000024.280000) vcan0 101#4022000000000000
(1790000024.300000) vcan0 100#A125000000000000
(1790000024.300000) vcan0 101#6122000000000000
(1790000024.300000) vcan0 102#C800000000000000
(1790000024.300000) vcan0 110#0500000000000000
(1790000024.300000) vcan0 120#0300000000000000
(1790000024.300000) vcan0 203#3500000000000000
(1790000024.320000) vcan0 100#A825000000000000
(1790000024.320000) vcan0 101#8222000000000000
(1790000024.340000) vcan0 100#AF25000000000000
(1790000024.340000) vcan0 101#A322000000000000
(1790000024.350000) vcan0 102#C800000000000000
(1790000024.360000) vcan0 100#B725000000000000
(1790000024.360000) vcan0 101#C622000000000000
(1790000024.380000) vcan0 100#BE25000000000000
(1790000024.380000) vcan0 101#E922000000000000
(1790000024.400000) vcan0 100#C525000000000000
(1790000024.400000) vcan0 101#0D23000000000000
(1790000024.400000) vcan0 102#C800000000000000
(1790000024.400000) vcan0 110#0500000000000000
(1790000024.400000) vcan0 120#0300000000000000
(1790000024.400000) vcan0 121#0200000000000000
(1790000024.400000) vcan0 203#3600000000000000
(1790000024.420000) vcan0 100#CD25000000000000
(1790000024.420000) vcan0 101#3123000000000000
(1790000024.440000) vcan0 100#D525000000000000
(1790000024.440000) vcan0 101#5623000000000000
(1790000024.450000) vcan0 102#C800000000000000
(1790000024.460000) vcan0 100#DC25000000000000
(1790000024.460000) vcan0 101#7B23000000000000
(1790000024.480000) vcan0 100#E425000000000000
(1790000024.480000) vcan0 101#A123000000000000
(1790000024.500000) vcan0 100#EC25000000000000
(1790000024.500000) vcan0 101#C823000000000000
(1790000024.500000) vcan0 102#C800000000000000
(1790000024.500000) vcan0 110#0500000000000000
(1790000024.500000) vcan0 120#0300000000000000
(1790000024.500000) vcan0 200#8000000000000000
(1790000024.500000) vcan0 201#8400000000000000
(1790000024.500000) vcan0 203#3700000000000000
(1790000024.500000) vcan0 210#8E00000000000000
(1790000024.520000) vcan0 100#F525000000000000
(1790000024.520000) vcan0 101#EF23000000000000
(1790000024.540000) vcan0 100#FD25000000000000
(1790000024.540000) vcan0 101#1724000000000000
(1790000024.550000) vcan0 102#C800000000000000
(1790000024.560000) vcan0 100#0526000000000000
(1790000024.560000) vcan0 101#4024000000000000
(1790000024.580000) vcan0 100#0E26000000000000
(1790000024.580000) vcan0 101#6824000000000000
(1790000024.600000) vcan0 100#1626000000000000
(1790000024.600000) vcan0 101#9224000000000000
(1790000024.600000) vcan0 102#C800000000000000
(1790000024.600000) vcan0 110#0500000000000000
(1790000024.600000) vcan0 120#0300000000000000
(1790000024.600000) vcan0 121#0200000000000000
(1790000024.600000) vcan0 203#3700000000000000
(1790000024.620000) vcan0 100#1F26000000000000
(1790000024.620000) vcan0 101#BC24000000000000
(1790000024.640000) vcan0 100#2826000000000000
(1790000024.640000) vcan0 101#E624000000000000
(1790000024.650000) vcan0 102#C800000000000000
(1790000024.660000) vcan0 100#3126000000000000
(1790000024.660000) vcan0 101#1125000000000000
(1790000024.680000) vcan0 100#3A26000000000000
(1790000024.680000) vcan0 101#3C25000000000000
(1790000024.700000) vcan0 100#4326000000000000
(1790000024.700000) vcan0 101#6725000000000000
(1790000024.700000) vcan0 102#C800000000000000
(1790000024.700000) vcan0 110#0500000000000000
(1790000024.700000) vcan0 120#0300000000000000
(1790000024.700000) vcan0 203#3800000000000000
(1790000024.720000) vcan0 100#4C26000000000000
(1790000024.720000) vcan0 101#9325000000000000
(1790000024.740000) vcan0 100#5526000000000000
(1790000024.740000) vcan0 101#C025000000000000
(1790000024.750000) vcan0 102#C800000000000000
(1790000024.760000) vcan0 100#5F26000000000000
(1790000024.760000) vcan0 101#EC25000000000000
(1790000024.780000) vcan0 100#6826000000000000
(1790000024.780000) vcan0 101#1926000000000000
(1790000024.800000) vcan0 100#7126000000000000
(1790000024.800000) vcan0 101#4726000000000000
(1790000024.800000) vcan0 102#C800000000000000
(1790000024.800000) vcan0 110#0500000000000000
(1790000024.800000) vcan0 120#0300000000000000
(1790000024.800000) vcan0 121#0200000000000000
(1790000024.800000) vcan0 203#3900000000000000
(1790000024.820000) vcan0 100#7B26000000000000
(1790000024.820000) vcan0 101#7426000000000000
(1790000024.840000) vcan0 100#8526000000000000
(1790000024.840000) vcan0 101#A226000000000000
(1790000024.850000) vcan0 102#C800000000000000
(1790000024.860000) vcan0 100#8E26000000000000
(1790000024.860000) vcan0 101#D126000000000000
(1790000024.880000) vcan0 100#9826000000000000
(1790000024.880000) vcan0 101#FF26000000000000
(1790000024.900000) vcan0 100#A226000000000000
(1790000024.900000) vcan0 101#2E27000000000000
(1790000024.900000) vcan0 102#C800000000000000
(1790000024.900000) vcan0 110#0500000000000000
(1790000024.900000) vcan0 120#0300000000000000
(1790000024.900000) vcan0 203#3900000000000000
(1790000024.920000) vcan0 100#AB26000000000000
(1790000024.920000) vcan0 101#5D27000000000000
(1790000024.940000) vcan0 100#B526000000000000
(1790000024.940000) vcan0 101#8C27000000000000
(1790000024.950000) vcan0 102#C800000000000000
(1790000024.960000) vcan0 100#BF26000000000000
(1790000024.960000) vcan0 101#BB27000000000000
(1790000024.980000) vcan0 100#C926000000000000
(1790000024.980000) vcan0 101#EB27000000000000
(1790000025.000000) vcan0 100#D326000000000000
(1790000025.000000) vcan0 101#1A28000000000000
(1790000025.000000) vcan0 102#C800000000000000
(1790000025.000000) vcan0 110#0500000000000000
(1790000025.000000) vcan0 120#0300000000000000
(1790000025.000000) vcan0 121#0200000000000000
(1790000025.000000) vcan0 200#8000000000000000
(1790000025.000000) vcan0 201#8400000000000000
(1790000025.000000) vcan0 202#7C00000000000000
(1790000025.000000) vcan0 203#3A00000000000000
(1790000025.000000) vcan0 210#8E00000000000000
(1790000025.000000) vcan0 220#7C00000000000000
(1790000025.000000) vcan0 221#B501000000000000
(1790000025.000000) vcan0 222#4E00000000000000
(1790000025.000000) vcan0 230#97991C0000000000
(1790000025.000000) vcan0 231#B801000000000000
(1790000025.000000) vcan0 232#0019000000000000
(1790000025.000000) vcan0 240#7300000000000000
(1790000025.000000) vcan0 241#7300000000000000
(1790000025.000000) vcan0 242#6E00000000000000
(1790000025.000000) vcan0 243#6E00000000000000
(1790000025.000000) vcan0 18FF0100#7000000000000000
(1790000025.020000) vcan0 100#DD26000000000000
(1790000025.020000) vcan0 101#4A28000000000000
(1790000025.040000) vcan0 100#E726000000000000
(1790000025.040000) vcan0 101#7A28000000000000
(1790000025.050000) vcan0 102#C800000000000000
(1790000025.060000) vcan0 100#F126000000000000
(1790000025.060000) vcan0 101#AA28000000000000
(1790000025.080000) vcan0 100#FB26000000000000
(1790000025.080000) vcan0 101#D928000000000000
(1790000025.100000) vcan0 100#0527000000000000
(1790000025.100000) vcan0 101#0929000000000000
(1790000025.100000) vcan0 102#C800000000000000
(1790000025.100000) vcan0 110#0500000000000000
(1790000025.100000) vcan0 120#0300000000000000
(1790000025.100000) vcan0 203#3B00000000000000
(1790000025.120000) vcan0 100#0F27000000000000
(1790000025.120000) vcan0 101#3929000000000000
(1790000025.140000) vcan0 100#1927000000000000
(1790000025.140000) vcan0 101#6929000000000000
(1790000025.150000) vcan0 102#C800000000000000
(1790000025.160000) vcan0 100#2327000000000000
(1790000025.160000) vcan0 101#9929000000000000
(1790000025.180000) vcan0 100#2D27000000000000
(1790000025.180000) vcan0 101#C929000000000000
(1790000025.200000) vcan0 100#3727000000000000
(1790000025.200000) vcan0 101#F929000000000000
(1790000025.200000) vcan0 102#C800000000000000
(1790000025.200000) vcan0 110#0500000000000000
(1790000025.200000) vcan0 120#0300000000000000
(1790000025.200000) vcan0 121#0200000000000000
(1790000025.200000) vcan0 203#3C00000000000000
(1790000025.220000) vcan0 100#4127000000000000
(1790000025.220000) vcan0 101#292A000000000000
(1790000025.240000) vcan0 100#4A27000000000000
(1790000025.240000) vcan0 101#592A000000000000
(1790000025.250000) vcan0 102#C800000000000000
(1790000025.260000) vcan0 100#5427000000000000
(1790000025.260000) vcan0 101#882A000000000000
(1790000025.280000) vcan0 100#5E27000000000000
(1790000025.280000) vcan0 101#B82A000000000000
(1790000025.300000) vcan0 100#6827000000000000
(1790000025.300000) vcan0 101#E72A000000000000
(1790000025.300000) vcan0 102#C800000000000000
(1790000025.300000) vcan0 110#0500000000000000
(1790000025.300000) vcan0 120#0300000000000000
(1790000025.300000) vcan0 203#3D00000000000000
(1790000025.320000) vcan0 100#7227000000000000
(1790000025.320000) vcan0 101#162B000000000000
(1790000025.340000) vcan0 100#7C27000000000000
(1790000025.340000) vcan0 101#452B000000000000
(1790000025.350000) vcan0 102#C800000000000000
(1790000025.360000) vcan0 100#8627000000000000
(1790000025.360000) vcan0 101#742B000000000000
(1790000025.380000) vcan0 100#8F27000000000000
(1790000025.380000) vcan0 101#A32B000000000000
(1790000025.400000) vcan0 100#9927000000000000
(1790000025.400000) vcan0 101#D12B000000000000
(1790000025.400000) vcan0 102#C800000000000000
(1790000025.400000) vcan0 110#0500000000000000
(1790000025.400000) vcan0 120#0300000000000000
(1790000025.400000) vcan0 121#0200000000000000
(1790000025.400000) vcan0 203#3D00000000000000
(1790000025.420000) vcan0 100#A227000000000000
(1790000025.420000) vcan0 101#FF2B000000000000
(1790000025.440000) vcan0 100#AC27000000000000
(1790000025.440000) vcan0 101#2D2C000000000000
(1790000025.450000) vcan0 102#C800000000000000
(1790000025.460000) vcan0 100#B527000000000000
(1790000025.460000) vcan0 101#5A2C000000000000
(1790000025.480000) vcan0 100#BF27000000000000
(1790000025.480000) vcan0 101#872C000000000000
(1790000025.500000) vcan0 100#C827000000000000
(1790000025.500000) vcan0 101#B42C000000000000
(1790000025.500000) vcan0 102#C800000000000000
(1790000025.500000) vcan0 110#0500000000000000
(1790000025.500000) vcan0 120#0300000000000000
(1790000025.500000) vcan0 200#8000000000000000
(1790000025.500000) vcan0 201#8400000000000000
(1790000025.500000) vcan0 203#3E00000000000000
(1790000025.500000) vcan0 210#8E00000000000000
(1790000025.520000) vcan0 100#D127000000000000
(1790000025.520000) vcan0 101#E12C000000000000
(1790000025.540000) vcan0 100#DB27000000000000
(1790000025.540000) vcan0 101#0D2D000000000000
(1790000025.550000) vcan0 102#C800000000000000
(1790000025.560000) vcan0 100#E427000000000000
(1790000025.560000) vcan0 101#382D000000000000
(1790000025.580000) vcan0 100#ED27000000000000
(1790000025.580000) vcan0 101#642D000000000000
(1790000025.600000) vcan0 100#F627000000000000
(1790000025.600000) vcan0 101#8E2D000000000000
(1790000025.600000) vcan0 102#C800000000000000
(1790000025.600000) vcan0 110#0500000000000000
(1790000025.600000) vcan0 120#0300000000000000
(1790000025.600000) vcan0 121#0200000000000000
(1790000025.600000) vcan0 203#3F00000000000000
(1790000025.620000) vcan0 100#FF27000000000000
(1790000025.620000) vcan0 101#B92D000000000000
(1790000025.640000) vcan0 100#0728000000000000
(1790000025.640000) vcan0 101#E32D000000000000
(1790000025.650000) vcan0 102#C800000000000000
(1790000025.660000) vcan0 100#1028000000000000
(1790000025.660000) vcan0 101#0C2E000000000000
(1790000025.680000) vcan0 100#1828000000000000
(1790000025.680000) vcan0 101#352E000000000000
(1790000025.700000) vcan0 100#2128000000000000
(1790000025.700000) vcan0 101#5E2E000000000000
(1790000025.700000) vcan0 102#C800000000000000
(1790000025.700000) vcan0 110#0500000000000000
(1790000025.700000) vcan0 120#0300000000000000
(1790000025.700000) vcan0 203#4000000000000000
(1790000025.720000) vcan0 100#2928000000000000
(1790000025.720000) vcan0 101#862E000000000000
(1790000025.740000) vcan0 100#3128000000000000
(1790000025.740000) vcan0 101#AD2E000000000000
(1790000025.750000) vcan0 102#C800000000000000
(1790000025.760000) vcan0 100#3928000000000000
(1790000025.760000) vcan0 101#D42E000000000000
(1790000025.780000) vcan0 100#4128000000000000
(1790000025.780000) vcan0 101#FA2E000000000000
(1790000025.800000) vcan0 100#4928000000000000
(1790000025.800000) vcan0 101#202F000000000000
(1790000025.800000) vcan0 102#C800000000000000
(1790000025.800000) vcan0 110#0500000000000000
(1790000025.800000) vcan0 120#0300000000000000
(1790000025.800000) vcan0 121#0200000000000000
(1790000025.800000) vcan0 203#4000000000000000
(1790000025.820000) vcan0 100#5128000000000000
(1790000025.820000) vcan0 101#452F000000000000
(1790000025.840000) vcan0 100#5928000000000000
(1790000025.840000) vcan0 101#6A2F000000000000
(1790000025.850000) vcan0 102#C800000000000000
(1790000025.860000) vcan0 100#6028000000000000
(1790000025.860000) vcan0 101#8D2F000000000000
(1790000025.880000) vcan0 100#6728000000000000
(1790000025.880000) vcan0 101#B12F000000000000
(1790000025.900000) vcan0 100#6F28000000000000
(1790000025.900000) vcan0 101#D32F000000000000
(1790000025.900000) vcan0 102#C800000000000000
(1790000025.900000) vcan0 110#0500000000000000
(1790000025.900000) vcan0 120#0300000000000000
(1790000025.900000) vcan0 203#4100000000000000
(1790000025.920000) vcan0 100#7628000000000000
(1790000025.920000) vcan0 101#F52F000000000000
(1790000025.940000) vcan0 100#7D28000000000000
(1790000025.940000) vcan0 101#1630000000000000
(1790000025.950000) vcan0 102#C800000000000000
(1790000025.960000) vcan0 100#8328000000000000
(1790000025.960000) vcan0 101#3730000000000000
(1790000025.980000) vcan0 100#8A28000000000000
(1790000025.980000) vcan0 101#5730000000000000
(1790000026.000000) vcan0 100#9028000000000000
(1790000026.000000) vcan0 101#7630000000000000
(1790000026.000000) vcan0 102#C800000000000000
(1790000026.000000) vcan0 110#0500000000000000
(1790000026.000000) vcan0 120#0300000000000000
(1790000026.000000) vcan0 121#0200000000000000
(1790000026.000000) vcan0 200#8000000000000000
(1790000026.000000) vcan0 201#8400000000000000
(1790000026.000000) vcan0 202#7C00000000000000
(1790000026.000000) vcan0 203#4100000000000000
(1790000026.000000) vcan0 210#8E00000000000000
(1790000026.000000) vcan0 220#7C00000000000000
(1790000026.000000) vcan0 221#B501000000000000
(1790000026.000000) vcan0 222#4E00000000000000
(1790000026.000000) vcan0 230#98991C0000000000
(1790000026.000000) vcan0 231#B901000000000000
(1790000026.000000) vcan0 232#0019000000000000
(1790000026.000000) vcan0 240#7300000000000000
(1790000026.000000) vcan0 241#7300000000000000
(1790000026.000000) vcan0 242#6E00000000000000
(1790000026.000000) vcan0 243#6E00000000000000
(1790000026.000000) vcan0 18FF0100#7000000000000000
(1790000026.020000) vcan0 100#9728000000000000
(1790000026.020000) vcan0 101#9430000000000000
(1790000026.040000) vcan0 100#9D28000000000000
(1790000026.040000) vcan0 101#B130000000000000
(1790000026.050000) vcan0 102#C800000000000000
(1790000026.060000) vcan0 100#A328000000000000
(1790000026.060000) vcan0 101#CE30000000000000
(1790000026.080000) vcan0 100#A928000000000000
(1790000026.080000) vcan0 101#EA30000000000000
(1790000026.100000) vcan0 100#AE28000000000000
(1790000026.100000) vcan0 101#0631000000000000
(1790000026.100000) vcan0 102#C800000000000000
(1790000026.100000) vcan0 110#0500000000000000
(1790000026.100000) vcan0 120#0300000000000000
(1790000026.100000) vcan0 203#4200000000000000
(1790000026.120000) vcan0 100#B428000000000000
(1790000026.120000) vcan0 101#2031000000000000
(1790000026.140000) vcan0 100#B928000000000000
(1790000026.140000) vcan0 101#3A31000000000000
(1790000026.150000) vcan0 102#C800000000000000
(1790000026.160000) vcan0 100#BF28000000000000
(1790000026.160000) vcan0 101#5231000000000000
(1790000026.180000) vcan0 100#C428000000000000
(1790000026.180000) vcan0 101#6A31000000000000
(1790000026.200000) vcan0 100#C828000000000000
(1790000026.200000) vcan0 101#8231000000000000
(1790000026.200000) vcan0 102#C800000000000000
(1790000026.200000) vcan0 110#0500000000000000
(1790000026.200000) vcan0 120#0300000000000000
(1790000026.200000) vcan0 121#0200000000000000
(1790000026.200000) vcan0 203#4200000000000000
(1790000026.220000) vcan0 100#CD28000000000000
(1790000026.220000) vcan0 101#9831000000000000
(1790000026.240000) vcan0 100#D128000000000000
(1790000026.240000) vcan0 101#AD31000000000000
(1790000026.250000) vcan0 102#C800000000000000
(1790000026.260000) vcan0 100#D628000000000000
(1790000026.260000) vcan0 101#C231000000000000
(1790000026.280000) vcan0 100#DA28000000000000
(1790000026.280000) vcan0 101#D631000000000000
(1790000026.300000) vcan0 100#DE28000000000000
(1790000026.300000) vcan0 101#E931000000000000
(1790000026.300000) vcan0 102#C800000000000000
(1790000026.300000) vcan0 110#0500000000000000
(1790000026.300000) vcan0 120#0300000000000000
(1790000026.300000) vcan0 203#4300000000000000
(1790000026.320000) vcan0 100#E228000000000000
(1790000026.320000) vcan0 101#FB31000000000000
(1790000026.340000) vcan0 100#E528000000000000
(1790000026.340000) vcan0 101#0C32000000000000
(1790000026.350000) vcan0 102#C800000000000000
(1790000026.360000) vcan0 100#E828000000000000
(1790000026.360000) vcan0 101#1C32000000000000
(1790000026.380000) vcan0 100#EC28000000000000
(1790000026.380000) vcan0 101#2B32000000000000
(1790000026.400000) vcan0 100#EF28000000000000
(1790000026.400000) vcan0 101#3932000000000000
(1790000026.400000) vcan0 102#C800000000000000
(1790000026.400000) vcan0 110#0500000000000000
(1790000026.400000) vcan0 120#0300000000000000
(1790000026.400000) vcan0 121#0200000000000000
(1790000026.400000) vcan0 203#4300000000000000
(1790000026.420000) vcan0 100#F128000000000000
(1790000026.420000) vcan0 101#4732000000000000
(1790000026.440000) vcan0 100#F428000000000000
(1790000026.440000) vcan0 101#5332000000000000
(1790000026.450000) vcan0 102#C800000000000000
(1790000026.460000) vcan0 100#F628000000000000
(1790000026.460000) vcan0 101#5F32000000000000
(1790000026.480000) vcan0 100#F928000000000000
(1790000026.480000) vcan0 101#6932000000000000
(1790000026.500000) vcan0 100#FB28000000000000
(1790000026.500000) vcan0 101#7332000000000000
(1790000026.500000) vcan0 102#C800000000000000
(1790000026.500000) vcan0 110#0500000000000000
(1790000026.500000) vcan0 120#0300000000000000
(1790000026.500000) vcan0 200#8000000000000000
(1790000026.500000) vcan0 201#8400000000000000
(1790000026.500000) vcan0 203#4300000000000000
(1790000026.500000) vcan0 210#8E00000000000000
(1790000026.520000) vcan0 100#FC28000000000000
(1790000026.520000) vcan0 101#7C32000000000000
(1790000026.540000) vcan0 100#FE28000000000000
(1790000026.540000) vcan0 101#8432000000000000
(1790000026.550000) vcan0 102#C800000000000000
(1790000026.560000) vcan0 100#0029000000000000
(1790000026.560000) vcan0 101#8B32000000000000
(1790000026.580000) vcan0 100#0129000000000000
(1790000026.580000) vcan0 101#9132000000000000
(1790000026.600000) vcan0 100#0229000000000000
(1790000026.600000) vcan0 101#9632000000000000
(1790000026.600000) vcan0 102#C800000000000000
(1790000026.600000) vcan0 110#0500000000000000
(1790000026.600000) vcan0 120#0300000000000000
(1790000026.600000) vcan0 121#0200000000000000
(1790000026.600000) vcan0 203#4300000000000000
(1790000026.620000) vcan0 100#0329000000000000
(1790000026.620000) vcan0 101#9A32000000000000
(1790000026.640000) vcan0 100#0329000000000000
(1790000026.640000) vcan0 101#9D32000000000000
(1790000026.650000) vcan0 102#C800000000000000
(1790000026.660000) vcan0 100#0429000000000000
(1790000026.660000) vcan0 101#9F32000000000000
(1790000026.680000) vcan0 100#0429000000000000
(1790000026.680000) vcan0 101#A032000000000000
(1790000026.700000) vcan0 100#0429000000000000
(1790000026.700000) vcan0 101#A032000000000000
(1790000026.700000) vcan0 102#C800000000000000
(1790000026.700000) vcan0 110#0500000000000000
(1790000026.700000) vcan0 120#0300000000000000
(1790000026.700000) vcan0 203#4300000000000000
(1790000026.720000) vcan0 100#0429000000000000
(1790000026.720000) vcan0 101#9F32000000000000
(1790000026.740000) vcan0 100#0329000000000000
(1790000026.740000) vcan0 101#9D32000000000000
(1790000026.750000) vcan0 102#C800000000000000
(1790000026.760000) vcan0 100#0329000000000000
(1790000026.760000) vcan0 101#9B32000000000000
(1790000026.780000) vcan0 100#0229000000000000
(1790000026.780000) vcan0 101#9732000000000000
(1790000026.800000) vcan0 100#0129000000000000
(1790000026.800000) vcan0 101#9232000000000000
(1790000026.800000) vcan0 102#C800000000000000
(1790000026.800000) vcan0 110#0500000000000000
(1790000026.800000) vcan0 120#0300000000000000
(1790000026.800000) vcan0 121#0200000000000000
(1790000026.800000) vcan0 203#4300000000000000
(1790000026.820000) vcan0 100#0029000000000000
(1790000026.820000) vcan0 101#8D32000000000000
(1790000026.840000) vcan0 100#FF28000000000000
(1790000026.840000) vcan0 101#8632000000000000
(1790000026.850000) vcan0 102#C800000000000000
(1790000026.860000) vcan0 100#FD28000000000000
(1790000026.860000) vcan0 101#7F32000000000000
(1790000026.880000) vcan0 100#FB28000000000000
(1790000026.880000) vcan0 101#7632000000000000
(1790000026.900000) vcan0 100#F928000000000000
(1790000026.900000) vcan0 101#6D32000000000000
(1790000026.900000) vcan0 102#C800000000000000
(1790000026.900000) vcan0 110#0500000000000000
(1790000026.900000) vcan0 120#0300000000000000
(1790000026.900000) vcan0 203#4300000000000000
(1790000026.920000) vcan0 100#F728000000000000
(1790000026.920000) vcan0 101#6332000000000000
(1790000026.940000) vcan0 100#F528000000000000
(1790000026.940000) vcan0 101#5732000000000000
(1790000026.950000) vcan0 102#C800000000000000
(1790000026.960000) vcan0 100#F228000000000000
(1790000026.960000) vcan0 101#4B32000000000000
(1790000026.980000) vcan0 100#F028000000000000
(1790000026.980000) vcan0 101#3E32000000000000
(1790000027.000000) vcan0 100#ED28000000000000
(1790000027.000000) vcan0 101#3032000000000000
(1790000027.000000) vcan0 102#C800000000000000
(1790000027.000000) vcan0 110#0500000000000000
(1790000027.000000) vcan0 120#0300000000000000
(1790000027.000000) vcan0 121#0200000000000000
(1790000027.000000) vcan0 200#8000000000000000
(1790000027.000000) vcan0 201#8400000000000000
(1790000027.000000) vcan0 202#7C00000000000000
(1790000027.000000) vcan0 203#4300000000000000
(1790000027.000000) vcan0 210#8E00000000000000
(1790000027.000000) vcan0 220#7C00000000000000
(1790000027.000000) vcan0 221#B501000000000000
(1790000027.000000) vcan0 222#4E00000000000000
(1790000027.000000) vcan0 230#98991C0000000000
(1790000027.000000) vcan0 231#B901000000000000
(1790000027.000000) vcan0 232#0019000000000000
(1790000027.000000) vcan0 240#7300000000000000
(1790000027.000000) vcan0 241#7300000000000000
(1790000027.000000) vcan0 242#6E00000000000000
(1790000027.000000) vcan0 243#6E00000000000000
(1790000027.000000) vcan0 18FF0100#7000000000000000
(1790000027.020000) vcan0 100#EA28000000000000
(1790000027.020000) vcan0 101#2132000000000000
(1790000027.040000) vcan0 100#E628000000000000
(1790000027.040000) vcan0 101#1132000000000000
(1790000027.050000) vcan0 102#C800000000000000
(1790000027.060000) vcan0 100#E328000000000000
(1790000027.060000) vcan0 101#0132000000000000
(1790000027.080000) vcan0 100#DF28000000000000
(1790000027.080000) vcan0 101#EF31000000000000
(1790000027.100000) vcan0 100#DB28000000000000
(1790000027.100000) vcan0 101#DC31000000000000
(1790000027.100000) vcan0 102#C800000000000000
(1790000027.100000) vcan0 110#0500000000000000
(1790000027.100000) vcan0 120#0300000000000000
(1790000027.100000) vcan0 203#4300000000000000
(1790000027.120000) vcan0 100#D728000000000000
(1790000027.120000) vcan0 101#C931000000000000
(1790000027.140000) vcan0 100#D328000000000000
(1790000027.140000) vcan0 101#B531000000000000
(1790000027.150000) vcan0 102#C800000000000000
(1790000027.160000) vcan0 100#CF28000000000000
(1790000027.160000) vcan0 101#A031000000000000
(1790000027.180000) vcan0 100#CA28000000000000
(1790000027.180000) vcan0 101#8A31000000000000
(1790000027.200000) vcan0 100#C528000000000000
(1790000027.200000) vcan0 101#7331000000000000
(1790000027.200000) vcan0 102#C800000000000000
(1790000027.200000) vcan0 110#0500000000000000
(1790000027.200000) vcan0 120#0300000000000000
(1790000027.200000) vcan0 121#0200000000000000
(1790000027.200000) vcan0 203#4200000000000000
(1790000027.220000) vcan0 100#C028000000000000
(1790000027.220000) vcan0 101#5B31000000000000
(1790000027.240000) vcan0 100#BB28000000000000
(1790000027.240000) vcan0 101#4231000000000000
(1790000027.250000) vcan0 102#C800000000000000
(1790000027.260000) vcan0 100#B628000000000000
(1790000027.260000) vcan0 101#2931000000000000
(1790000027.280000) vcan0 100#B028000000000000
(1790000027.280000) vcan0 101#0F31000000000000
(1790000027.300000) vcan0 100#AB28000000000000
(1790000027.300000) vcan0 101#F430000000000000
(1790000027.300000) vcan0 102#C800000000000000
(1790000027.300000) vcan0 110#0500000000000000
(1790000027.300000) vcan0 120#0300000000000000
(1790000027.300000) vcan0 203#4200000000000000
(1790000027.320000) vcan0 100#A528000000000000
(1790000027.320000) vcan0 101#D830000000000000
(1790000027.340000) vcan0 100#9F28000000000000
(1790000027.340000) vcan0 101#BC30000000000000
(1790000027.350000) vcan0 102#C800000000000000
(1790000027.360000) vcan0 100#9928000000000000
(1790000027.360000) vcan0 101#9E30000000000000
(1790000027.380000) vcan0 100#9328000000000000
(1790000027.380000) vcan0 101#8030000000000000
(1790000027.400000) vcan0 100#8C28000000000000
(1790000027.400000) vcan0 101#6230000000000000
(1790000027.400000) vcan0 102#C800000000000000
(1790000027.400000) vcan0 110#0500000000000000
(1790000027.400000) vcan0 120#0300000000000000
(1790000027.400000) vcan0 121#0200000000000000
(1790000027.400000) vcan0 203#4100000000000000
(1790000027.420000) vcan0 100#8628000000000000
(1790000027.420000) vcan0 101#4230000000000000
(1790000027.440000) vcan0 100#7F28000000000000
(1790000027.440000) vcan0 101#2230000000000000
(1790000027.450000) vcan0 102#C800000000000000
(1790000027.460000) vcan0 100#7828000000000000
(1790000027.460000) vcan0 101#0130000000000000
(1790000027.480000) vcan0 100#7128000000000000
(1790000027.480000) vcan0 101#DF2F000000000000
(1790000027.500000) vcan0 100#6A28000000000000
(1790000027.500000) vcan0 101#BD2F000000000000
(1790000027.500000) vcan0 102#C800000000000000
(1790000027.500000) vcan0 110#0500000000000000
(1790000027.500000) vcan0 120#0300000000000000
(1790000027.500000) vcan0 200#8000000000000000
(1790000027.500000) vcan0 201#8400000000000000
(1790000027.500000) vcan0 203#4100000000000000
(1790000027.500000) vcan0 210#8E00000000000000
(1790000027.520000) vcan0 100#6328000000000000
(1790000027.520000) vcan0 101#9A2F000000000000
(1790000027.540000) vcan0 100#5B28000000000000
(1790000027.540000) vcan0 101#762F000000000000
(1790000027.550000) vcan0 102#C800000000000000
(1790000027.560000) vcan0 100#5428000000000000
(1790000027.560000) vcan0 101#522F000000000000
(1790000027.580000) vcan0 100#4C28000000000000
(1790000027.580000) vcan0 101#2D2F000000000000
(1790000027.600000) vcan0 100#4428000000000000
(1790000027.600000) vcan0 101#082F000000000000
(1790000027.600000) vcan0 102#C800000000000000
(1790000027.600000) vcan0 110#0500000000000000
(1790000027.600000) vcan0 120#0300000000000000
(1790000027.600000) vcan0 121#0200000000000000
(1790000027.600000) vcan0 203#4000000000000000
(1790000027.620000) vcan0 100#3C28000000000000
(1790000027.620000) vcan0 101#E22E000000000000
(1790000027.640000) vcan0 100#3428000000000000
(1790000027.640000) vcan0 101#BB2E000000000000
(1790000027.650000) vcan0 102#C800000000000000
(1790000027.660000) vcan0 100#2C28000000000000
(1790000027.660000) vcan0 101#942E000000000000
(1790000027.680000) vcan0 100#2428000000000000
(1790000027.680000) vcan0 101#6C2E000000000000
(1790000027.700000) vcan0 100#1B28000000000000
(1790000027.700000) vcan0 101#442E000000000000
(1790000027.700000) vcan0 102#C800000000000000
(1790000027.700000) vcan0 110#0500000000000000
(1790000027.700000) vcan0 120#0300000000000000
(1790000027.700000) vcan0 203#3F00000000000000
(1790000027.720000) vcan0 100#1328000000000000
(1790000027.720000) vcan0 101#1B2E000000000000
(1790000027.740000) vcan0 100#0A28000000000000
(1790000027.740000) vcan0 101#F22D000000000000
(1790000027.750000) vcan0 102#C800000000000000
(1790000027.760000) vcan0 100#0228000000000000
(1790000027.760000) vcan0 101#C82D000000000000
(1790000027.780000) vcan0 100#F927000000000000
(1790000027.780000) vcan0 101#9D2D000000000000
(1790000027.800000) vcan0 100#F027000000000000
(1790000027.800000) vcan0 101#732D000000000000
(1790000027.800000) vcan0 102#C800000000000000
(1790000027.800000) vcan0 110#0500000000000000
(1790000027.800000) vcan0 120#0300000000000000
(1790000027.800000) vcan0 121#0200000000000000
(1790000027.800000) vcan0 203#3F00000000000000
(1790000027.820000) vcan0 100#E727000000000000
(1790000027.820000) vcan0 101#482D000000000000
(1790000027.840000) vcan0 100#DE27000000000000
(1790000027.840000) vcan0 101#1C2D000000000000
(1790000027.850000) vcan0 102#C800000000000000
(1790000027.860000) vcan0 100#D527000000000000
(1790000027.860000) vcan0 101#F02C000000000000
(1790000027.880000) vcan0 100#CB27000000000000
(1790000027.880000) vcan0 101#C42C000000000000
(1790000027.900000) vcan0 100#C227000000000000
(1790000027.900000) vcan0 101#972C000000000000
(1790000027.900000) vcan0 102#C800000000000000
(1790000027.900000) vcan0 110#0500000000000000
(1790000027.900000) vcan0 120#0300000000000000
(1790000027.900000) vcan0 203#3E00000000000000
(1790000027.920000) vcan0 100#B927000000000000
(1790000027.920000) vcan0 101#6A2C000000000000
(1790000027.940000) vcan0 100#AF27000000000000
(1790000027.940000) vcan0 101#3D2C000000000000
(1790000027.950000) vcan0 102#C800000000000000
(1790000027.960000) vcan0 100#A627000000000000
(1790000027.960000) vcan0 101#0F2C000000000000
(1790000027.980000) vcan0 100#9C27000000000000
(1790000027.980000) vcan0 101#E12B000000000000
(1790000028.000000) vcan0 100#9327000000000000
(1790000028.000000) vcan0 101#B32B000000000000
(1790000028.000000) vcan0 102#C800000000000000
(1790000028.000000) vcan0 110#0500000000000000
(1790000028.000000) vcan0 120#0300000000000000
(1790000028.000000) vcan0 121#0200000000000000
(1790000028.000000) vcan0 200#8000000000000000
(1790000028.000000) vcan0 201#8400000000000000
(1790000028.000000) vcan0 202#7C00000000000000
(1790000028.000000) vcan0 203#3D00000000000000
(1790000028.000000) vcan0 210#8E00000000000000
(1790000028.000000) vcan0 220#7C00000000000000
(1790000028.000000) vcan0 221#B501000000000000
(1790000028.000000) vcan0 222#4E00000000000000
(1790000028.000000) vcan0 230#98991C0000000000
(1790000028.000000) vcan0 231#B901000000000000
(1790000028.000000) vcan0 232#0019000000000000
(1790000028.000000) vcan0 240#7300000000000000
(1790000028.000000) vcan0 241#7300000000000000
(1790000028.000000) vcan0 242#6E00000000000000
(1790000028.000000) vcan0 243#6E00000000000000
(1790000028.000000) vcan0 18FF0100#7000000000000000
(1790000028.020000) vcan0 100#8927000000000000
(1790000028.020000) vcan0 101#852B000000000000
(1790000028.040000) vcan0 100#7F27000000000000
(1790000028.040000) vcan0 101#562B000000000000
(1790000028.050000) vcan0 102#C800000000000000
(1790000028.060000) vcan0 100#7527000000000000
(1790000028.060000) vcan0 101#272B000000000000
(1790000028.080000) vcan0 100#6C27000000000000
(1790000028.080000) vcan0 101#F82A000000000000
(1790000028.100000) vcan0 100#6227000000000000
(1790000028.100000) vcan0 101#C92A000000000000
(1790000028.100000) vcan0 102#C800000000000000
(1790000028.100000) vcan0 110#0500000000000000
(1790000028.100000) vcan0 120#0300000000000000
(1790000028.100000) vcan0 203#3D00000000000000
(1790000028.120000) vcan0 100#5827000000000000
(1790000028.120000) vcan0 101#992A000000000000
(1790000028.140000) vcan0 100#4E27000000000000
(1790000028.140000) vcan0 101#6A2A000000000000
(1790000028.150000) vcan0 102#C800000000000000
(1790000028.160000) vcan0 100#4427000000000000
(1790000028.160000) vcan0 101#3A2A000000000000
(1790000028.180000) vcan0 100#3A27000000000000
(1790000028.180000) vcan0 101#0A2A000000000000
(1790000028.200000) vcan0 100#3027000000000000
(1790000028.200000) vcan0 101#DA29000000000000
(1790000028.200000) vcan0 102#C800000000000000
(1790000028.200000) vcan0 110#0500000000000000
(1790000028.200000) vcan0 120#0300000000000000
(1790000028.200000) vcan0 121#0200000000000000
(1790000028.200000) vcan0 203#3C00000000000000
(1790000028.220000) vcan0 100#2627000000000000
(1790000028.220000) vcan0 101#AA29000000000000
(1790000028.240000) vcan0 100#1C27000000000000
(1790000028.240000) vcan0 101#7A29000000000000
(1790000028.250000) vcan0 102#C800000000000000
(1790000028.260000) vcan0 100#1227000000000000
(1790000028.260000) vcan0 101#4A29000000000000
(1790000028.280000) vcan0 100#0827000000000000
(1790000028.280000) vcan0 101#1A29000000000000
(1790000028.300000) vcan0 100#FE26000000000000
(1790000028.300000) vcan0 101#EA28000000000000
(1790000028.300000) vcan0 102#C800000000000000
(1790000028.300000) vcan0 110#0500000000000000
(1790000028.300000) vcan0 120#0300000000000000
(1790000028.300000) vcan0 203#3B00000000000000
(1790000028.320000) vcan0 100#F426000000000000
(1790000028.320000) vcan0 101#BA28000000000000
(1790000028.340000) vcan0 100#EA26000000000000
(1790000028.340000) vcan0 101#8B28000000000000
(1790000028.350000) vcan0 102#C800000000000000
(1790000028.360000) vcan0 100#E026000000000000
(1790000028.360000) vcan0 101#5B28000000000000
(1790000028.380000) vcan0 100#D626000000000000
(1790000028.380000) vcan0 101#2B28000000000000
(1790000028.400000) vcan0 100#CC26000000000000
(1790000028.400000) vcan0 101#FB27000000000000
(1790000028.400000) vcan0 102#C800000000000000
(1790000028.400000) vcan0 110#0500000000000000
(1790000028.400000) vcan0 120#0300000000000000
(1790000028.400000) vcan0 121#0200000000000000
(1790000028.400000) vcan0 203#3A00000000000000
(1790000028.420000) vcan0 100#C226000000000000
(1790000028.420000) vcan0 101#CC27000000000000
(1790000028.440000) vcan0 100#B926000000000000
(1790000028.440000) vcan0 101#9D27000000000000
(1790000028.450000) vcan0 102#C800000000000000
(1790000028.460000) vcan0 100#AF26000000000000
(1790000028.460000) vcan0 101#6D27000000000000
(1790000028.480000) vcan0 100#A526000000000000
(1790000028.480000) vcan0 101#3E27000000000000
(1790000028.500000) vcan0 100#9B26000000000000
(1790000028.500000) vcan0 101#1027000000000000
(1790000028.500000) vcan0 102#C800000000000000
(1790000028.500000) vcan0 110#0500000000000000
(1790000028.500000) vcan0 120#0300000000000000
(1790000028.500000) vcan0 200#8000000000000000
(1790000028.500000) vcan0 201#8400000000000000
(1790000028.500000) vcan0 203#3900000000000000
(1790000028.500000) vcan0 210#8E00000000000000
(1790000028.520000) vcan0 100#9226000000000000
(1790000028.520000) vcan0 101#E126000000000000
(1790000028.540000) vcan0 100#8826000000000000
(1790000028.540000) vcan0 101#B326000000000000
(1790000028.550000) vcan0 102#C800000000000000
(1790000028.560000) vcan0 100#7E26000000000000
(1790000028.560000) vcan0 101#8526000000000000
(1790000028.580000) vcan0 100#7526000000000000
(1790000028.580000) vcan0 101#5726000000000000
(1790000028.600000) vcan0 100#6B26000000000000
(1790000028.600000) vcan0 101#2926000000000000
(1790000028.600000) vcan0 102#C800000000000000
(1790000028.600000) vcan0 110#0500000000000000
(1790000028.600000) vcan0 120#0300000000000000
(1790000028.600000) vcan0 121#0200000000000000
(1790000028.600000) vcan0 203#3900000000000000
(1790000028.620000) vcan0 100#6226000000000000
(1790000028.620000) vcan0 101#FC25000000000000
(1790000028.640000) vcan0 100#5926000000000000
(1790000028.640000) vcan0 101#CF25000000000000
(1790000028.650000) vcan0 102#C800000000000000
(1790000028.660000) vcan0 100#4F26000000000000
(1790000028.660000) vcan0 101#A325000000000000
(1790000028.680000) vcan0 100#4626000000000000
(1790000028.680000) vcan0 101#7725000000000000
(1790000028.700000) vcan0 100#3D26000000000000
(1790000028.700000) vcan0 101#4B25000000000000
(1790000028.700000) vcan0 102#C800000000000000
(1790000028.700000) vcan0 110#0500000000000000
(1790000028.700000) vcan0 120#0300000000000000
(1790000028.700000) vcan0 203#3800000000000000
(1790000028.720000) vcan0 100#3426000000000000
(1790000028.720000) vcan0 101#2025000000000000
(1790000028.740000) vcan0 100#2B26000000000000
(1790000028.740000) vcan0 101#F524000000000000
(1790000028.750000) vcan0 102#C800000000000000
(1790000028.760000) vcan0 100#2226000000000000
(1790000028.760000) vcan0 101#CB24000000000000
(1790000028.780000) vcan0 100#1926000000000000
(1790000028.780000) vcan0 101#A124000000000000
(1790000028.800000) vcan0 100#1126000000000000
(1790000028.800000) vcan0 101#7724000000000000
(1790000028.800000) vcan0 102#C800000000000000
(1790000028.800000) vcan0 110#0500000000000000
(1790000028.800000) vcan0 120#0300000000000000
(1790000028.800000) vcan0 121#0200000000000000
(1790000028.800000) vcan0 203#3700000000000000
(1790000028.820000) vcan0 100#0826000000000000
(1790000028.820000) vcan0 101#4E24000000000000
(1790000028.840000) vcan0 100#0026000000000000
(1790000028.840000) vcan0 101#2524000000000000
(1790000028.850000) vcan0 102#C800000000000000
(1790000028.860000) vcan0 100#F725000000000000
(1790000028.860000) vcan0 101#FD23000000000000
(1790000028.880000) vcan0 100#EF25000000000000
(1790000028.880000) vcan0 101#D623000000000000
(1790000028.900000) vcan0 100#E725000000000000
(1790000028.900000) vcan0 101#AF23000000000000
(1790000028.900000) vcan0 102#C800000000000000
(1790000028.900000) vcan0 110#0500000000000000
(1790000028.900000) vcan0 120#0300000000000000
(1790000028.900000) vcan0 203#3600000000000000
(1790000028.920000) vcan0 100#DF25000000000000
(1790000028.920000) vcan0 101#8923000000000000
(1790000028.940000) vcan0 100#D725000000000000
(1790000028.940000) vcan0 101#6323000000000000
(1790000028.950000) vcan0 102#C800000000000000
(1790000028.960000) vcan0 100#D025000000000000
(1790000028.960000) vcan0 101#3E23000000000000
(1790000028.980000) vcan0 100#C825000000000000
(1790000028.980000) vcan0 101#1923000000000000
(1790000029.000000) vcan0 100#C025000000000000
(1790000029.000000) vcan0 101#F522000000000000
(1790000029.000000) vcan0 102#C800000000000000
(1790000029.000000) vcan0 110#0500000000000000
(1790000029.000000) vcan0 120#0300000000000000
(1790000029.000000) vcan0 121#0200000000000000
(1790000029.000000) vcan0 200#8000000000000000
(1790000029.000000) vcan0 201#8400000000000000
(1790000029.000000) vcan0 202#7C00000000000000
(1790000029.000000) vcan0 203#3600000000000000
(1790000029.000000) vcan0 210#8E00000000000000
(1790000029.000000) vcan0 220#7C00000000000000
(1790000029.000000) vcan0 221#B501000000000000
(1790000029.000000) vcan0 222#4E00000000000000
(1790000029.000000) vcan0 230#99991C0000000000
(1790000029.000000) vcan0 231#BA01000000000000
(1790000029.000000) vcan0 232#0019000000000000
(1790000029.000000) vcan0 240#7300000000000000
(1790000029.000000) vcan0 241#7300000000000000
(1790000029.000000) vcan0 242#6E00000000000000
(1790000029.000000) vcan0 243#6E00000000000000
(1790000029.000000) vcan0 18FF0100#7000000000000000
(1790000029.020000) vcan0 100#B925000000000000
(1790000029.020000) vcan0 101#D222000000000000
(1790000029.040000) vcan0 100#B225000000000000
(1790000029.040000) vcan0 101#B022000000000000
(1790000029.050000) vcan0 102#C800000000000000
(1790000029.060000) vcan0 100#AB25000000000000
(1790000029.060000) vcan0 101#8E22000000000000
(1790000029.080000) vcan0 100#A425000000000000
(1790000029.080000) vcan0 101#6C22000000000000
(1790000029.100000) vcan0 100#9D25000000000000
(1790000029.100000) vcan0 101#4C22000000000000
(1790000029.100000) vcan0 102#C800000000000000
(1790000029.100000) vcan0 110#0500000000000000
(1790000029.100000) vcan0 120#0300000000000000
(1790000029.100000) vcan0 203#3500000000000000
(1790000029.120000) vcan0 100#9625000000000000
(1790000029.120000) vcan0 101#2C22000000000000
(1790000029.140000) vcan0 100#9025000000000000
(1790000029.140000) vcan0 101#0D22000000000000
(1790000029.150000) vcan0 102#C800000000000000
(1790000029.160000) vcan0 100#8A25000000000000
(1790000029.160000) vcan0 101#EE21000000000000
(1790000029.180000) vcan0 100#8425000000000000
(1790000029.180000) vcan0 101#D121000000000000
(1790000029.200000) vcan0 100#7E25000000000000
(1790000029.200000) vcan0 101#B421000000000000
(1790000029.200000) vcan0 102#C800000000000000
(1790000029.200000) vcan0 110#0500000000000000
(1790000029.200000) vcan0 120#0300000000000000
(1790000029.200000) vcan0 121#0200000000000000
(1790000029.200000) vcan0 203#3500000000000000
(1790000029.220000) vcan0 100#7825000000000000
(1790000029.220000) vcan0 101#9821000000000000
(1790000029.240000) vcan0 100#7225000000000000
(1790000029.240000) vcan0 101#7D21000000000000
(1790000029.250000) vcan0 102#C800000000000000
(1790000029.260000) vcan0 100#6C25000000000000
(1790000029.260000) vcan0 101#6221000000000000
(1790000029.280000) vcan0 100#6725000000000000
(1790000029.280000) vcan0 101#4821000000000000
(1790000029.300000) vcan0 100#6225000000000000
(1790000029.300000) vcan0 101#3021000000000000
(1790000029.300000) vcan0 102#C800000000000000
(1790000029.300000) vcan0 110#0500000000000000
(1790000029.300000) vcan0 120#0300000000000000
(1790000029.300000) vcan0 203#3400000000000000
(1790000029.320000) vcan0 100#5D25000000000000
(1790000029.320000) vcan0 101#1721000000000000
(1790000029.340000) vcan0 100#5825000000000000
(1790000029.340000) vcan0 101#0021000000000000
(1790000029.350000) vcan0 102#C800000000000000
(1790000029.360000) vcan0 100#5325000000000000
(1790000029.360000) vcan0 101#EA20000000000000
(1790000029.380000) vcan0 100#4F25000000000000
(1790000029.380000) vcan0 101#D420000000000000
(1790000029.400000) vcan0 100#4B25000000000000
(1790000029.400000) vcan0 101#C020000000000000
(1790000029.400000) vcan0 102#C800000000000000
(1790000029.400000) vcan0 110#0500000000000000
(1790000029.400000) vcan0 120#0300000000000000
(1790000029.400000) vcan0 121#0200000000000000
(1790000029.400000) vcan0 203#3400000000000000
(1790000029.420000) vcan0 100#4625000000000000
(1790000029.420000) vcan0 101#AC20000000000000
(1790000029.440000) vcan0 100#4325000000000000
(1790000029.440000) vcan0 101#9920000000000000
(1790000029.450000) vcan0 102#C800000000000000
(1790000029.460000) vcan0 100#3F25000000000000
(1790000029.460000) vcan0 101#8720000000000000
(1790000029.480000) vcan0 100#3B25000000000000
(1790000029.480000) vcan0 101#7620000000000000
(1790000029.500000) vcan0 100#3825000000000000
(1790000029.500000) vcan0 101#6620000000000000
(1790000029.500000) vcan0 102#C800000000000000
(1790000029.500000) vcan0 110#0500000000000000
(1790000029.500000) vcan0 120#0300000000000000
(1790000029.500000) vcan0 200#8000000000000000
(1790000029.500000) vcan0 201#8400000000000000
(1790000029.500000) vcan0 203#3400000000000000
(1790000029.500000) vcan0 210#8E00000000000000
(1790000029.520000) vcan0 100#3525000000000000
(1790000029.520000) vcan0 101#5620000000000000
(1790000029.540000) vcan0 100#3225000000000000
(1790000029.540000) vcan0 101#4820000000000000
(1790000029.550000) vcan0 102#C800000000000000
(1790000029.560000) vcan0 100#2F25000000000000
(1790000029.560000) vcan0 101#3A20000000000000
(1790000029.580000) vcan0 100#2C25000000000000
(1790000029.580000) vcan0 101#2E20000000000000
(1790000029.600000) vcan0 100#2A25000000000000
(1790000029.600000) vcan0 101#2220000000000000
(1790000029.600000) vcan0 102#C800000000000000
(1790000029.600000) vcan0 110#0500000000000000
(1790000029.600000) vcan0 120#0300000000000000
(1790000029.600000) vcan0 121#0200000000000000
(1790000029.600000) vcan0 203#3300000000000000
(1790000029.620000) vcan0 100#2825000000000000
(1790000029.620000) vcan0 101#1720000000000000
(1790000029.640000) vcan0 100#2525000000000000
(1790000029.640000) vcan0 101#0E20000000000000
(1790000029.650000) vcan0 102#C800000000000000
(1790000029.660000) vcan0 100#2425000000000000
(1790000029.660000) vcan0 101#0520000000000000
(1790000029.680000) vcan0 100#2225000000000000
(1790000029.680000) vcan0 101#FD1F000000000000
(1790000029.700000) vcan0 100#2125000000000000
(1790000029.700000) vcan0 101#F61F000000000000
(1790000029.700000) vcan0 102#C800000000000000
(1790000029.700000) vcan0 110#0500000000000000
(1790000029.700000) vcan0 120#0300000000000000
(1790000029.700000) vcan0 203#3300000000000000
(1790000029.720000) vcan0 100#1F25000000000000
(1790000029.720000) vcan0 101#F01F000000000000
(1790000029.740000) vcan0 100#1E25000000000000
(1790000029.740000) vcan0 101#EB1F000000000000
(1790000029.750000) vcan0 102#C800000000000000
(1790000029.760000) vcan0 100#1D25000000000000
(1790000029.760000) vcan0 101#E71F000000000000
(1790000029.780000) vcan0 100#1D25000000000000
(1790000029.780000) vcan0 101#E41F000000000000
(1790000029.800000) vcan0 100#1C25000000000000
(1790000029.800000) vcan0 101#E11F000000000000
(1790000029.800000) vcan0 102#C800000000000000
(1790000029.800000) vcan0 110#0500000000000000
(1790000029.800000) vcan0 120#0300000000000000
(1790000029.800000) vcan0 121#0200000000000000
(1790000029.800000) vcan0 203#3300000000000000
(1790000029.820000) vcan0 100#1C25000000000000
(1790000029.820000) vcan0 101#E01F000000000000
(1790000029.840000) vcan0 100#1C25000000000000
(1790000029.840000) vcan0 101#E01F000000000000
(1790000029.850000) vcan0 102#C800000000000000
(1790000029.860000) vcan0 100#1C25000000000000
(1790000029.860000) vcan0 101#E11F000000000000
(1790000029.880000) vcan0 100#1D25000000000000
(1790000029.880000) vcan0 101#E21F000000000000
(1790000029.900000) vcan0 100#1D25000000000000
(1790000029.900000) vcan0 101#E51F000000000000
(1790000029.900000) vcan0 102#C800000000000000
(1790000029.900000) vcan0 110#0500000000000000
(1790000029.900000) vcan0 120#0300000000000000
(1790000029.900000) vcan0 203#3300000000000000
(1790000029.920000) vcan0 100#1E25000000000000
(1790000029.920000) vcan0 101#E91F000000000000
(1790000029.940000) vcan0 100#1F25000000000000
(1790000029.940000) vcan0 101#ED1F000000000000
(1790000029.950000) vcan0 102#C800000000000000
(1790000029.960000) vcan0 100#2025000000000000
(1790000029.960000) vcan0 101#F31F000000000000
(1790000029.980000) vcan0 100#2125000000000000
(1790000029.980000) vcan0 101#F91F000000000000
(1790000030.000000) vcan0 100#2325000000000000
(1790000030.000000) vcan0 101#0120000000000000
(1790000030.000000) vcan0 102#C800000000000000
(1790000030.000000) vcan0 110#0500000000000000
(1790000030.000000) vcan0 120#0300000000000000
(1790000030.000000) vcan0 121#0200000000000000
(1790000030.000000) vcan0 200#8000000000000000
(1790000030.000000) vcan0 201#8400000000000000
(1790000030.000000) vcan0 202#7C00000000000000
(1790000030.000000) vcan0 203#3300000000000000
(1790000030.000000) vcan0 210#8E00000000000000
(1790000030.000000) vcan0 220#7C00000000000000
(1790000030.000000) vcan0 221#B501000000000000
(1790000030.000000) vcan0 222#4E00000000000000
(1790000030.000000) vcan0 230#99991C0000000000
(1790000030.000000) vcan0 231#BA01000000000000
(1790000030.000000) vcan0 232#0019000000000000
(1790000030.000000) vcan0 240#7300000000000000
(1790000030.000000) vcan0 241#7300000000000000
(1790000030.000000) vcan0 242#6E00000000000000
(1790000030.000000) vcan0 243#6E00000000000000
(1790000030.000000) vcan0 18FF0100#7000000000000000
(1790000030.020000) vcan0 100#2525000000000000
(1790000030.020000) vcan0 101#0920000000000000
(1790000030.040000) vcan0 100#2625000000000000
(1790000030.040000) vcan0 101#1220000000000000
(1790000030.050000) vcan0 102#C800000000000000
(1790000030.060000) vcan0 100#2925000000000000
(1790000030.060000) vcan0 101#1C20000000000000
(1790000030.080000) vcan0 100#2B25000000000000
(1790000030.080000) vcan0 101#2820000000000000
(1790000030.100000) vcan0 100#2D25000000000000
(1790000030.100000) vcan0 101#3420000000000000
(1790000030.100000) vcan0 102#C800000000000000
(1790000030.100000) vcan0 110#0500000000000000
(1790000030.100000) vcan0 120#0300000000000000
(1790000030.100000) vcan0 203#3300000000000000
(1790000030.120000) vcan0 100#3025000000000000
(1790000030.120000) vcan0 101#4120000000000000
(1790000030.140000) vcan0 100#3325000000000000
(1790000030.140000) vcan0 101#4F20000000000000
(1790000030.150000) vcan0 102#C800000000000000
(1790000030.160000) vcan0 100#3625000000000000
(1790000030.160000) vcan0 101#5E20000000000000
(1790000030.180000) vcan0 100#3925000000000000
(1790000030.180000) vcan0 101#6D20000000000000
(1790000030.200000) vcan0 100#3D25000000000000
(1790000030.200000) vcan0 101#7E20000000000000
(1790000030.200000) vcan0 102#C800000000000000
(1790000030.200000) vcan0 110#0500000000000000
(1790000030.200000) vcan0 120#0300000000000000
(1790000030.200000) vcan0 121#0200000000000000
(1790000030.200000) vcan0 203#3400000000000000
(1790000030.220000) vcan0 100#4125000000000000
(1790000030.220000) vcan0 101#9020000000000000
(1790000030.240000) vcan0 100#4425000000000000
(1790000030.240000) vcan0 101#A220000000000000
(1790000030.250000) vcan0 102#C800000000000000
(1790000030.260000) vcan0 100#4825000000000000
(1790000030.260000) vcan0 101#B520000000000000
(1790000030.280000) vcan0 100#4D25000000000000
(1790000030.280000) vcan0 101#CA20000000000000
(1790000030.300000) vcan0 100#5125000000000000
(1790000030.300000) vcan0 101#DF20000000000000
(1790000030.300000) vcan0 102#C800000000000000
(1790000030.300000) vcan0 110#0500000000000000
(1790000030.300000) vcan0 120#0300000000000000
(1790000030.300000) vcan0 203#3400000000000000
(1790000030.320000) vcan0 100#5625000000000000
(1790000030.320000) vcan0 101#F520000000000000
(1790000030.340000) vcan0 100#5A25000000000000
(1790000030.340000) vcan0 101#0B21000000000000
(1790000030.350000) vcan0 102#C800000000000000
(1790000030.360000) vcan0 100#5F25000000000000
(1790000030.360000) vcan0 101#2321000000000000
(1790000030.380000) vcan0 100#6425000000000000
(1790000030.380000) vcan0 101#3C21000000000000
(1790000030.400000) vcan0 100#6A25000000000000
(1790000030.400000) vcan0 101#5521000000000000
(1790000030.400000) vcan0 102#C800000000000000
(1790000030.400000) vcan0 110#0500000000000000
(1790000030.400000) vcan0 120#0300000000000000
(1790000030.400000) vcan0 121#0200000000000000
(1790000030.400000) vcan0 203#3400000000000000
(1790000030.420000) vcan0 100#6F25000000000000
(1790000030.420000) vcan0 101#6F21000000000000
(1790000030.440000) vcan0 100#7525000000000000
(1790000030.440000) vcan0 101#8A21000000000000
(1790000030.450000) vcan0 102#C800000000000000
(1790000030.460000) vcan0 100#7A25000000000000
(1790000030.460000) vcan0 101#A621000000000000
(1790000030.480000) vcan0 100#8025000000000000
(1790000030.480000) vcan0 101#C221000000000000
(1790000030.500000) vcan0 100#8725000000000000
(1790000030.500000) vcan0 101#DF21000000000000
(1790000030.500000) vcan0 102#C800000000000000
(1790000030.500000) vcan0 110#0500000000000000
(1790000030.500000) vcan0 120#0300000000000000
(1790000030.500000) vcan0 200#8000000000000000
(1790000030.500000) vcan0 201#8400000000000000
(1790000030.500000) vcan0 203#3500000000000000
(1790000030.500000) vcan0 210#8E00000000000000
(1790000030.520000) vcan0 100#8D25000000000000
(1790000030.520000) vcan0 101#FD21000000000000
(1790000030.540000) vcan0 100#9325000000000000
(1790000030.540000) vcan0 101#1C22000000000000
(1790000030.550000) vcan0 102#C800000000000000
(1790000030.560000) vcan0 100#9A25000000000000
(1790000030.560000) vcan0 101#3B22000000000000
(1790000030.580000) vcan0 100#A025000000000000
(1790000030.580000) vcan0 101#5C22000000000000
(1790000030.600000) vcan0 100#A725000000000000
(1790000030.600000) vcan0 101#7C22000000000000
(1790000030.600000) vcan0 102#C800000000000000
(1790000030.600000) vcan0 110#0500000000000000
(1790000030.600000) vcan0 120#0300000000000000
(1790000030.600000) vcan0 121#0200000000000000
(1790000030.600000) vcan0 203#3500000000000000
(1790000030.620000) vcan0 100#AE25000000000000
(1790000030.620000) vcan0 101#9E22000000000000
(1790000030.640000) vcan0 100#B525000000000000
(1790000030.640000) vcan0 101#C022000000000000
(1790000030.650000) vcan0 102#C800000000000000
(1790000030.660000) vcan0 100#BD25000000000000
(1790000030.660000) vcan0 101#E322000000000000
(1790000030.680000) vcan0 100#C425000000000000
(1790000030.680000) vcan0 101#0723000000000000
(1790000030.700000) vcan0 100#CC25000000000000
(1790000030.700000) vcan0 101#2B23000000000000
(1790000030.700000) vcan0 102#C800000000000000
(1790000030.700000) vcan0 110#0500000000000000
(1790000030.700000) vcan0 120#0300000000000000
(1790000030.700000) vcan0 203#3600000000000000
(1790000030.720000) vcan0 100#D325000000000000
(1790000030.720000) vcan0 101#5023000000000000
(1790000030.740000) vcan0 100#DB25000000000000
(1790000030.740000) vcan0 101#7523000000000000
(1790000030.750000) vcan0 102#C800000000000000
(1790000030.760000) vcan0 100#E325000000000000
(1790000030.760000) vcan0 101#9B23000000000000
(1790000030.780000) vcan0 100#EB25000000000000
(1790000030.780000) vcan0 101#C223000000000000
(1790000030.800000) vcan0 100#F325000000000000
(1790000030.800000) vcan0 101#E923000000000000
(1790000030.800000) vcan0 102#C800000000000000
(1790000030.800000) vcan0 110#0500000000000000
(1790000030.800000) vcan0 120#0300000000000000
(1790000030.800000) vcan0 121#0200000000000000
(1790000030.800000) vcan0 203#3700000000000000
(1790000030.820000) vcan0 100#FC25000000000000
(1790000030.820000) vcan0 101#1124000000000000
(1790000030.840000) vcan0 100#0426000000000000
(1790000030.840000) vcan0 101#3924000000000000
(1790000030.850000) vcan0 102#C800000000000000
(1790000030.860000) vcan0 100#0C26000000000000
(1790000030.860000) vcan0 101#6224000000000000
(1790000030.880000) vcan0 100#1526000000000000
(1790000030.880000) vcan0 101#8B24000000000000
(1790000030.900000) vcan0 100#1E26000000000000
(1790000030.900000) vcan0 101#B524000000000000
(1790000030.900000) vcan0 102#C800000000000000
(1790000030.900000) vcan0 110#0500000000000000
(1790000030.900000) vcan0 120#0300000000000000
(1790000030.900000) vcan0 203#3700000000000000
(1790000030.920000) vcan0 100#2626000000000000
(1790000030.920000) vcan0 101#DF24000000000000
(1790000030.940000) vcan0 100#2F26000000000000
(1790000030.940000) vcan0 101#0A25000000000000
(1790000030.950000) vcan0 102#C800000000000000
(1790000030.960000) vcan0 100#3826000000000000
(1790000030.960000) vcan0 101#3525000000000000
(1790000030.980000) vcan0 100#4126000000000000
(1790000030.980000) vcan0 101#6025000000000000
(1790000031.000000) vcan0 100#4B26000000000000
(1790000031.000000) vcan0 101#8C25000000000000
(1790000031.000000) vcan0 102#C800000000000000
(1790000031.000000) vcan0 110#0500000000000000
(1790000031.000000) vcan0 120#0300000000000000
(1790000031.000000) vcan0 121#0200000000000000
(1790000031.000000) vcan0 200#8000000000000000
(1790000031.000000) vcan0 201#8400000000000000
(1790000031.000000) vcan0 202#7C00000000000000
(1790000031.000000) vcan0 203#3800000000000000
(1790000031.000000) vcan0 210#8E00000000000000
(1790000031.000000) vcan0 220#7C00000000000000
(1790000031.000000) vcan0 221#B501000000000000
(1790000031.000000) vcan0 222#4E00000000000000
(1790000031.000000) vcan0 230#99991C0000000000
(1790000031.000000) vcan0 231#BA01000000000000
(1790000031.000000) vcan0 232#0019000000000000
(1790000031.000000) vcan0 240#7300000000000000
(1790000031.000000) vcan0 241#7300000000000000
(1790000031.000000) vcan0 242#6E00000000000000
(1790000031.000000) vcan0 243#6E00000000000000
(1790000031.000000) vcan0 18FF0100#7000000000000000
(1790000031.020000) vcan0 100#5426000000000000
(1790000031.020000) vcan0 101#B925000000000000
(1790000031.040000) vcan0 100#5D26000000000000
(1790000031.040000) vcan0 101#E525000000000000
(1790000031.050000) vcan0 102#C800000000000000
(1790000031.060000) vcan0 100#6626000000000000
(1790000031.060000) vcan0 101#1226000000000000
(1790000031.080000) vcan0 100#7026000000000000
(1790000031.080000) vcan0 101#4026000000000000
(1790000031.100000) vcan0 100#7926000000000000
(1790000031.100000) vcan0 101#6D26000000000000
(1790000031.100000) vcan0 102#C800000000000000
(1790000031.100000) vcan0 110#0500000000000000
(1790000031.100000) vcan0 120#0300000000000000
(1790000031.100000) vcan0 203#3900000000000000
(1790000031.120000) vcan0 100#8326000000000000
(1790000031.120000) vcan0 101#9B26000000000000
(1790000031.140000) vcan0 100#8D26000000000000
(1790000031.140000) vcan0 101#C926000000000000
(1790000031.150000) vcan0 102#C800000000000000
(1790000031.160000) vcan0 100#9626000000000000
(1790000031.160000) vcan0 101#F826000000000000
(1790000031.180000) vcan0 100#A026000000000000
(1790000031.180000) vcan0 101#2627000000000000
(1790000031.200000) vcan0 100#AA26000000000000
(1790000031.200000) vcan0 101#5527000000000000
(1790000031.200000) vcan0 102#C800000000000000
(1790000031.200000) vcan0 110#0500000000000000
(1790000031.200000) vcan0 120#0300000000000000
(1790000031.200000) vcan0 121#0200000000000000
(1790000031.200000) vcan0 203#3A00000000000000
(1790000031.220000) vcan0 100#B426000000000000
(1790000031.220000) vcan0 101#8427000000000000
(1790000031.240000) vcan0 100#BD26000000000000
(1790000031.240000) vcan0 101#B427000000000000
(1790000031.250000) vcan0 102#C800000000000000
(1790000031.260000) vcan0 100#C726000000000000
(1790000031.260000) vcan0 101#E327000000000000
(1790000031.280000) vcan0 100#D126000000000000
(1790000031.280000) vcan0 101#1328000000000000
(1790000031.300000) vcan0 100#DB26000000000000
(1790000031.300000) vcan0 101#4228000000000000
(1790000031.300000) vcan0 102#C800000000000000
(1790000031.300000) vcan0 110#0500000000000000
(1790000031.300000) vcan0 120#0300000000000000
(1790000031.300000) vcan0 203#3A00000000000000
(1790000031.320000) vcan0 100#E526000000000000
(1790000031.320000) vcan0 101#7228000000000000
(1790000031.340000) vcan0 100#EF26000000000000
(1790000031.340000) vcan0 101#A228000000000000
(1790000031.350000) vcan0 102#C800000000000000
(1790000031.360000) vcan0 100#F926000000000000
(1790000031.360000) vcan0 101#D228000000000000
(1790000031.380000) vcan0 100#0327000000000000
(1790000031.380000) vcan0 101#0229000000000000
(1790000031.400000) vcan0 100#0D27000000000000
(1790000031.400000) vcan0 101#3229000000000000
(1790000031.400000) vcan0 102#C800000000000000
(1790000031.400000) vcan0 110#0500000000000000
(1790000031.400000) vcan0 120#0300000000000000
(1790000031.400000) vcan0 121#0200000000000000
(1790000031.400000) vcan0 203#3B00000000000000
(1790000031.420000) vcan0 100#1727000000000000
(1790000031.420000) vcan0 101#6229000000000000
(1790000031.440000) vcan0 100#2127000000000000
(1790000031.440000) vcan0 101#9229000000000000
(1790000031.450000) vcan0 102#C800000000000000
(1790000031.460000) vcan0 100#2B27000000000000
(1790000031.460000) vcan0 101#C229000000000000
(1790000031.480000) vcan0 100#3527000000000000
(1790000031.480000) vcan0 101#F229000000000000
(1790000031.500000) vcan0 100#3F27000000000000
(1790000031.500000) vcan0 101#212A000000000000
(1790000031.500000) vcan0 102#C800000000000000
(1790000031.500000) vcan0 110#0500000000000000
(1790000031.500000) vcan0 120#0300000000000000
(1790000031.500000) vcan0 200#8000000000000000
(1790000031.500000) vcan0 201#8400000000000000
(1790000031.500000) vcan0 203#3C00000000000000
(1790000031.500000) vcan0 210#8E00000000000000
(1790000031.520000) vcan0 100#4927000000000000
(1790000031.520000) vcan0 101#512A000000000000
(1790000031.540000) vcan0 100#5327000000000000
(1790000031.540000) vcan0 101#812A000000000000
(1790000031.550000) vcan0 102#C800000000000000
(1790000031.560000) vcan0 100#5D27000000000000
(1790000031.560000) vcan0 101#B02A000000000000
(1790000031.580000) vcan0 100#6727000000000000
(1790000031.580000) vcan0 101#E02A000000000000
(1790000031.600000) vcan0 100#7027000000000000
(1790000031.600000) vcan0 101#0F2B000000000000
(1790000031.600000) vcan0 102#C800000000000000
(1790000031.600000) vcan0 110#0500000000000000
(1790000031.600000) vcan0 120#0300000000000000
(1790000031.600000) vcan0 121#0200000000000000
(1790000031.600000) vcan0 203#3D00000000000000
(1790000031.620000) vcan0 100#7A27000000000000
(1790000031.620000) vcan0 101#3E2B000000000000
(1790000031.640000) vcan0 100#8427000000000000
(1790000031.640000) vcan0 101#6D2B000000000000
(1790000031.650000) vcan0 102#C800000000000000
(1790000031.660000) vcan0 100#8E27000000000000
(1790000031.660000) vcan0 101#9B2B000000000000
(1790000031.680000) vcan0 100#9727000000000000
(1790000031.680000) vcan0 101#CA2B000000000000
(1790000031.700000) vcan0 100#A127000000000000
(1790000031.700000) vcan0 101#F82B000000000000
(1790000031.700000) vcan0 102#C800000000000000
(1790000031.700000) vcan0 110#0500000000000000
(1790000031.700000) vcan0 120#0300000000000000
(1790000031.700000) vcan0 203#3E00000000000000
(1790000031.720000) vcan0 100#AA27000000000000
(1790000031.720000) vcan0 101#252C000000000000
(1790000031.740000) vcan0 100#B427000000000000
(1790000031.740000) vcan0 101#532C000000000000
(1790000031.750000) vcan0 102#C800000000000000
(1790000031.760000) vcan0 100#BD27000000000000
(1790000031.760000) vcan0 101#802C000000000000
(1790000031.780000) vcan0 100#C727000000000000
(1790000031.780000) vcan0 101#AD2C000000000000
(1790000031.800000) vcan0 100#D027000000000000
(1790000031.800000) vcan0 101#D92C000000000000
(1790000031.800000) vcan0 102#C800000000000000
(1790000031.800000) vcan0 110#0500000000000000
(1790000031.800000) vcan0 120#0300000000000000
(1790000031.800000) vcan0 121#0200000000000000
(1790000031.800000) vcan0 203#3E00000000000000
(1790000031.820000) vcan0 100#D927000000000000
(1790000031.820000) vcan0 101#062D000000000000
(1790000031.840000) vcan0 100#E227000000000000
(1790000031.840000) vcan0 101#312D000000000000
(1790000031.850000) vcan0 102#C800000000000000
(1790000031.860000) vcan0 100#EB27000000000000
(1790000031.860000) vcan0 101#5D2D000000000000
(1790000031.880000) vcan0 100#F427000000000000
(1790000031.880000) vcan0 101#882D000000000000
(1790000031.900000) vcan0 100#FD27000000000000
(1790000031.900000) vcan0 101#B22D000000000000
(1790000031.900000) vcan0 102#C800000000000000
(1790000031.900000) vcan0 110#0500000000000000
(1790000031.900000) vcan0 120#0300000000000000
(1790000031.900000) vcan0 203#3F00000000000000
(1790000031.920000) vcan0 100#0628000000000000
(1790000031.920000) vcan0 101#DC2D000000000000
(1790000031.940000) vcan0 100#0F28000000000000
(1790000031.940000) vcan0 101#062E000000000000
(1790000031.950000) vcan0 102#C800000000000000
(1790000031.960000) vcan0 100#1728000000000000
(1790000031.960000) vcan0 101#2F2E000000000000
(1790000031.980000) vcan0 100#2028000000000000
(1790000031.980000) vcan0 101#572E000000000000
(1790000032.000000) vcan0 100#2828000000000000
(1790000032.000000) vcan0 101#7F2E000000000000
(1790000032.000000) vcan0 102#C800000000000000
(1790000032.000000) vcan0 110#0500000000000000
(1790000032.000000) vcan0 120#0300000000000000
(1790000032.000000) vcan0 121#0200000000000000
(1790000032.000000) vcan0 200#8000000000000000
(1790000032.000000) vcan0 201#8400000000000000
(1790000032.000000) vcan0 202#7C00000000000000
(1790000032.000000) vcan0 203#4000000000000000
(1790000032.000000) vcan0 210#8E00000000000000
(1790000032.000000) vcan0 220#7C00000000000000
(1790000032.000000) vcan0 221#B501000000000000
(1790000032.000000) vcan0 222#4E00000000000000
(1790000032.000000) vcan0 230#99991C0000000000
(1790000032.000000) vcan0 231#BA01000000000000
(1790000032.000000) vcan0 232#0019000000000000
(1790000032.000000) vcan0 240#7300000000000000
(1790000032.000000) vcan0 241#7300000000000000
(1790000032.000000) vcan0 242#6E00000000000000
(1790000032.000000) vcan0 243#6E00000000000000
(1790000032.000000) vcan0 18FF0100#7000000000000000
(1790000032.020000) vcan0 100#3028000000000000
(1790000032.020000) vcan0 101#A72E000000000000
(1790000032.040000) vcan0 100#3828000000000000
(1790000032.040000) vcan0 101#CE2E000000000000
(1790000032.050000) vcan0 102#C800000000000000
(1790000032.060000) vcan0 100#4028000000000000
(1790000032.060000) vcan0 101#F42E000000000000
(1790000032.080000) vcan0 100#4828000000000000
(1790000032.080000) vcan0 101#1A2F000000000000
(1790000032.100000) vcan0 100#5028000000000000
(1790000032.100000) vcan0 101#3F2F000000000000
(1790000032.100000) vcan0 102#C800000000000000
(1790000032.100000) vcan0 110#0500000000000000
(1790000032.100000) vcan0 120#0300000000000000
(1790000032.100000) vcan0 203#4000000000000000
(1790000032.120000) vcan0 100#5728000000000000
(1790000032.120000) vcan0 101#642F000000000000
(1790000032.140000) vcan0 100#5F28000000000000
(1790000032.140000) vcan0 101#882F000000000000
(1790000032.150000) vcan0 102#C800000000000000
(1790000032.160000) vcan0 100#6628000000000000
(1790000032.160000) vcan0 101#AB2F000000000000
(1790000032.180000) vcan0 100#6E28000000000000
(1790000032.180000) vcan0 101#CE2F000000000000
(1790000032.200000) vcan0 100#7528000000000000
(1790000032.200000) vcan0 101#F02F000000000000
(1790000032.200000) vcan0 102#C800000000000000
(1790000032.200000) vcan0 110#0500000000000000
(1790000032.200000) vcan0 120#0300000000000000
(1790000032.200000) vcan0 121#0200000000000000
(1790000032.200000) vcan0 203#4100000000000000
(1790000032.220000) vcan0 100#7C28000000000000
(1790000032.220000) vcan0 101#1130000000000000
(1790000032.240000) vcan0 100#8228000000000000
(1790000032.240000) vcan0 101#3230000000000000
(1790000032.250000) vcan0 102#C800000000000000
(1790000032.260000) vcan0 100#8928000000000000
(1790000032.260000) vcan0 101#5230000000000000
(1790000032.280000) vcan0 100#8F28000000000000
(1790000032.280000) vcan0 101#7130000000000000
(1790000032.300000) vcan0 100#9628000000000000
(1790000032.300000) vcan0 101#8F30000000000000
(1790000032.300000) vcan0 102#C800000000000000
(1790000032.300000) vcan0 110#0500000000000000
(1790000032.300000) vcan0 120#0300000000000000
(1790000032.300000) vcan0 203#4100000000000000
(1790000032.320000) vcan0 100#9C28000000000000
(1790000032.320000) vcan0 101#AD30000000000000
(1790000032.340000) vcan0 100#A228000000000000
(1790000032.340000) vcan0 101#CA30000000000000
(1790000032.350000) vcan0 102#C800000000000000
(1790000032.360000) vcan0 100#A828000000000000
(1790000032.360000) vcan0 101#E630000000000000
(1790000032.380000) vcan0 100#AE28000000000000
(1790000032.380000) vcan0 101#0131000000000000
(1790000032.400000) vcan0 100#B328000000000000
(1790000032.400000) vcan0 101#1C31000000000000
(1790000032.400000) vcan0 102#C800000000000000
(1790000032.400000) vcan0 110#0500000000000000
(1790000032.400000) vcan0 120#0300000000000000
(1790000032.400000) vcan0 121#0200000000000000
(1790000032.400000) vcan0 203#4200000000000000
(1790000032.420000) vcan0 100#B828000000000000
(1790000032.420000) vcan0 101#3631000000000000
(1790000032.440000) vcan0 100#BE28000000000000
(1790000032.440000) vcan0 101#4F31000000000000
(1790000032.450000) vcan0 102#C800000000000000
(1790000032.460000) vcan0 100#C328000000000000
(1790000032.460000) vcan0 101#6731000000000000
(1790000032.480000) vcan0 100#C828000000000000
(1790000032.480000) vcan0 101#7E31000000000000
(1790000032.500000) vcan0 100#CC28000000000000
(1790000032.500000) vcan0 101#9431000000000000
(1790000032.500000) vcan0 102#C800000000000000
(1790000032.500000) vcan0 110#0500000000000000
(1790000032.500000) vcan0 120#0300000000000000
(1790000032.500000) vcan0 200#8000000000000000
(1790000032.500000) vcan0 201#8400000000000000
(1790000032.500000) vcan0 203#4200000000000000
(1790000032.500000) vcan0 210#8E00000000000000
(1790000032.520000) vcan0 100#D128000000000000
(1790000032.520000) vcan0 101#AA31000000000000
(1790000032.540000) vcan0 100#D528000000000000
(1790000032.540000) vcan0 101#BF31000000000000
(1790000032.550000) vcan0 102#C800000000000000
(1790000032.560000) vcan0 100#D928000000000000
(1790000032.560000) vcan0 101#D331000000000000
(1790000032.580000) vcan0 100#DD28000000000000
(1790000032.580000) vcan0 101#E631000000000000
(1790000032.600000) vcan0 100#E128000000000000
(1790000032.600000) vcan0 101#F831000000000000
(1790000032.600000) vcan0 102#C800000000000000
(1790000032.600000) vcan0 110#0500000000000000
(1790000032.600000) vcan0 120#0300000000000000
(1790000032.600000) vcan0 121#0200000000000000
(1790000032.600000) vcan0 203#4300000000000000
(1790000032.620000) vcan0 100#E528000000000000
(1790000032.620000) vcan0 101#0932000000000000
(1790000032.640000) vcan0 100#E828000000000000
(1790000032.640000) vcan0 101#1932000000000000
(1790000032.650000) vcan0 102#C800000000000000
(1790000032.660000) vcan0 100#EB28000000000000
(1790000032.660000) vcan0 101#2932000000000000
(1790000032.680000) vcan0 100#EE28000000000000
(1790000032.680000) vcan0 101#3732000000000000
(1790000032.700000) vcan0 100#F128000000000000
(1790000032.700000) vcan0 101#4532000000000000
(1790000032.700000) vcan0 102#C800000000000000
(1790000032.700000) vcan0 110#0500000000000000
(1790000032.700000) vcan0 120#0300000000000000
(1790000032.700000) vcan0 203#4300000000000000
(1790000032.720000) vcan0 100#F428000000000000
(1790000032.720000) vcan0 101#5132000000000000
(1790000032.740000) vcan0 100#F628000000000000
(1790000032.740000) vcan0 101#5D32000000000000
(1790000032.750000) vcan0 102#C800000000000000
(1790000032.760000) vcan0 100#F828000000000000
(1790000032.760000) vcan0 101#6832000000000000
(1790000032.780000) vcan0 100#FA28000000000000
(1790000032.780000) vcan0 101#7232000000000000
(1790000032.800000) vcan0 100#FC28000000000000
(1790000032.800000) vcan0 101#7B32000000000000
(1790000032.800000) vcan0 102#C800000000000000
(1790000032.800000) vcan0 110#0500000000000000
(1790000032.800000) vcan0 120#0300000000000000
(1790000032.800000) vcan0 121#0200000000000000
(1790000032.800000) vcan0 203#4300000000000000
(1790000032.820000) vcan0 100#FE28000000000000
(1790000032.820000) vcan0 101#8332000000000000
(1790000032.840000) vcan0 100#FF28000000000000
(1790000032.840000) vcan0 101#8A32000000000000
(1790000032.850000) vcan0 102#C800000000000000
(1790000032.860000) vcan0 100#0129000000000000
(1790000032.860000) vcan0 101#9032000000000000
(1790000032.880000) vcan0 100#0229000000000000
(1790000032.880000) vcan0 101#9532000000000000
(1790000032.900000) vcan0 100#0329000000000000
(1790000032.900000) vcan0 101#9932000000000000
(1790000032.900000) vcan0 102#C800000000000000
(1790000032.900000) vcan0 110#0500000000000000
(1790000032.900000) vcan0 120#0300000000000000
(1790000032.900000) vcan0 203#4300000000000000
(1790000032.920000) vcan0 100#0329000000000000
(1790000032.920000) vcan0 101#9C32000000000000
(1790000032.940000) vcan0 100#0429000000000000
(1790000032.940000) vcan0 101#9E32000000000000
(1790000032.950000) vcan0 102#C800000000000000
(1790000032.960000) vcan0 100#0429000000000000
(1790000032.960000) vcan0 101#A032000000000000
(1790000032.980000) vcan0 100#0429000000000000
(1790000032.980000) vcan0 101#A032000000000000
(1790000033.000000) vcan0 100#0429000000000000
(1790000033.000000) vcan0 101#9F32000000000000
(1790000033.000000) vcan0 102#C800000000000000
(1790000033.000000) vcan0 110#0500000000000000
(1790000033.000000) vcan0 120#0300000000000000
(1790000033.000000) vcan0 121#0200000000000000
(1790000033.000000) vcan0 200#8000000000000000
(1790000033.000000) vcan0 201#8400000000000000
(1790000033.000000) vcan0 202#7C00000000000000
(1790000033.000000) vcan0 203#4300000000000000
(1790000033.000000) vcan0 210#8E00000000000000
(1790000033.000000) vcan0 220#7C00000000000000
(1790000033.000000) vcan0 221#B501000000000000
(1790000033.000000) vcan0 222#4E00000000000000
(1790000033.000000) vcan0 230#9A991C0000000000
(1790000033.000000) vcan0 231#BB01000000000000
(1790000033.000000) vcan0 232#0019000000000000
(1790000033.000000) vcan0 240#7300000000000000
(1790000033.000000) vcan0 241#7300000000000000
(1790000033.000000) vcan0 242#6E00000000000000
(1790000033.000000) vcan0 243#6E00000000000000
(1790000033.000000) vcan0 18FF0100#7000000000000000
(1790000033.020000) vcan0 100#0429000000000000
(1790000033.020000) vcan0 101#9E32000000000000
(1790000033.040000) vcan0 100#0329000000000000
(1790000033.040000) vcan0 101#9B32000000000000
(1790000033.050000) vcan0 102#C800000000000000
(1790000033.060000) vcan0 100#0229000000000000
(1790000033.060000) vcan0 101#9832000000000000
(1790000033.080000) vcan0 100#0129000000000000
(1790000033.080000) vcan0 101#9332000000000000
(1790000033.100000) vcan0 100#0029000000000000
(1790000033.100000) vcan0 101#8E32000000000000
(1790000033.100000) vcan0 102#C800000000000000
(1790000033.100000) vcan0 110#0500000000000000
(1790000033.100000) vcan0 120#0300000000000000
(1790000033.100000) vcan0 203#4300000000000000
(1790000033.120000) vcan0 100#FF28000000000000
(1790000033.120000) vcan0 101#8732000000000000
(1790000033.140000) vcan0 100#FD28000000000000
(1790000033.140000) vcan0 101#8032000000000000
(1790000033.150000) vcan0 102#C800000000000000
(1790000033.160000) vcan0 100#FC28000000000000
(1790000033.160000) vcan0 101#7832000000000000
(1790000033.180000) vcan0 100#FA28000000000000
(1790000033.180000) vcan0 101#6F32000000000000
(1790000033.200000) vcan0 100#F828000000000000
(1790000033.200000) vcan0 101#6432000000000000
(1790000033.200000) vcan0 102#C800000000000000
(1790000033.200000) vcan0 110#0500000000000000
(1790000033.200000) vcan0 120#0300000000000000
(1790000033.200000) vcan0 121#0200000000000000
(1790000033.200000) vcan0 203#4300000000000000
(1790000033.220000) vcan0 100#F528000000000000
(1790000033.220000) vcan0 101#5932000000000000
(1790000033.240000) vcan0 100#F328000000000000
(1790000033.240000) vcan0 101#4D32000000000000
(1790000033.250000) vcan0 102#C800000000000000
(1790000033.260000) vcan0 100#F028000000000000
(1790000033.260000) vcan0 101#4032000000000000
(1790000033.280000) vcan0 100#ED28000000000000
(1790000033.280000) vcan0 101#3232000000000000
(1790000033.300000) vcan0 100#EA28000000000000
(1790000033.300000) vcan0 101#2432000000000000
(1790000033.300000) vcan0 102#C800000000000000
(1790000033.300000) vcan0 110#0500000000000000
(1790000033.300000) vcan0 120#0300000000000000
(1790000033.300000) vcan0 203#4300000000000000
(1790000033.320000) vcan0 100#E728000000000000
(1790000033.320000) vcan0 101#1432000000000000
(1790000033.340000) vcan0 100#E328000000000000
(1790000033.340000) vcan0 101#0332000000000000
(1790000033.350000) vcan0 102#C800000000000000
(1790000033.360000) vcan0 100#E028000000000000
(1790000033.360000) vcan0 101#F231000000000000
(1790000033.380000) vcan0 100#DC28000000000000
(1790000033.380000) vcan0 101#DF31000000000000
(1790000033.400000) vcan0 100#D828000000000000
(1790000033.400000) vcan0 101#CC31000000000000
(1790000033.400000) vcan0 102#C800000000000000
(1790000033.400000) vcan0 110#0500000000000000
(1790000033.400000) vcan0 120#0300000000000000
(1790000033.400000) vcan0 121#0200000000000000
(1790000033.400000) vcan0 203#4200000000000000
(1790000033.420000) vcan0 100#D428000000000000
(1790000033.420000) vcan0 101#B831000000000000
(1790000033.440000) vcan0 100#CF28000000000000
(1790000033.440000) vcan0 101#A331000000000000
(1790000033.450000) vcan0 102#C800000000000000
(1790000033.460000) vcan0 100#CB28000000000000
(1790000033.460000) vcan0 101#8D31000000000000
(1790000033.480000) vcan0 100#C628000000000000
(1790000033.480000) vcan0 101#7631000000000000
(1790000033.500000) vcan0 100#C128000000000000
(1790000033.500000) vcan0 101#5F31000000000000
(1790000033.500000) vcan0 102#C800000000000000
(1790000033.500000) vcan0 110#0500000000000000
(1790000033.500000) vcan0 120#0300000000000000
(1790000033.500000) vcan0 200#8000000000000000
(1790000033.500000) vcan0 201#8400000000000000
(1790000033.500000) vcan0 203#4200000000000000
(1790000033.500000) vcan0 210#8E00000000000000
(1790000033.520000) vcan0 100#BC28000000000000
(1790000033.520000) vcan0 101#4631000000000000
(1790000033.540000) vcan0 100#B728000000000000
(1790000033.540000) vcan0 101#2D31000000000000
(1790000033.550000) vcan0 102#C800000000000000
(1790000033.560000) vcan0 100#B128000000000000
(1790000033.560000) vcan0 101#1331000000000000
(1790000033.580000) vcan0 100#AC28000000000000
(1790000033.580000) vcan0 101#F830000000000000
(1790000033.600000) vcan0 100#A628000000000000
(1790000033.600000) vcan0 101#DD30000000000000
(1790000033.600000) vcan0 102#C800000000000000
(1790000033.600000) vcan0 110#0500000000000000
(1790000033.600000) vcan0 120#0300000000000000
(1790000033.600000) vcan0 121#0200000000000000
(1790000033.600000) vcan0 203#4200000000000000
(1790000033.620000) vcan0 100#A028000000000000
(1790000033.620000) vcan0 101#C030000000000000
(1790000033.640000) vcan0 100#9A28000000000000
(1790000033.640000) vcan0 101#A330000000000000
(1790000033.650000) vcan0 102#C800000000000000
(1790000033.660000) vcan0 100#9428000000000000
(1790000033.660000) vcan0 101#8530000000000000
(1790000033.680000) vcan0 100#8D28000000000000
(1790000033.680000) vcan0 101#6730000000000000
(1790000033.700000) vcan0 100#8728000000000000
(1790000033.700000) vcan0 101#4730000000000000
(1790000033.700000) vcan0 102#C800000000000000
(1790000033.700000) vcan0 110#0500000000000000
(1790000033.700000) vcan0 120#0300000000000000
(1790000033.700000) vcan0 203#4100000000000000
(1790000033.720000) vcan0 100#8028000000000000
(1790000033.720000) vcan0 101#2730000000000000
(1790000033.740000) vcan0 100#7928000000000000
(1790000033.740000) vcan0 101#0630000000000000
(1790000033.750000) vcan0 102#C800000000000000
(1790000033.760000) vcan0 100#7228000000000000
(1790000033.760000) vcan0 101#E52F000000000000
(1790000033.780000) vcan0 100#6B28000000000000
(1790000033.780000) vcan0 101#C22F000000000000
(1790000033.800000) vcan0 100#6428000000000000
(1790000033.800000) vcan0 101#A02F000000000000
(1790000033.800000) vcan0 102#C800000000000000
(1790000033.800000) vcan0 110#0500000000000000
(1790000033.800000) vcan0 120#0300000000000000
(1790000033.800000) vcan0 121#0200000000000000
(1790000033.800000) vcan0 203#4100000000000000
(1790000033.820000) vcan0 100#5D28000000000000
(1790000033.820000) vcan0 101#7C2F000000000000
(1790000033.840000) vcan0 100#5528000000000000
(1790000033.840000) vcan0 101#582F000000000000
(1790000033.850000) vcan0 102#C800000000000000
(1790000033.860000) vcan0 100#4D28000000000000
(1790000033.860000) vcan0 101#332F000000000000
(1790000033.880000) vcan0 100#4628000000000000
(1790000033.880000) vcan0 101#0E2F000000000000
(1790000033.900000) vcan0 100#3E28000000000000
(1790000033.900000) vcan0 101#E82E000000000000
(1790000033.900000) vcan0 102#C800000000000000
(1790000033.900000) vcan0 110#0500000000000000
(1790000033.900000) vcan0 120#0300000000000000
(1790000033.900000) vcan0 203#4000000000000000
(1790000033.920000) vcan0 100#3628000000000000
(1790000033.920000) vcan0 101#C12E000000000000
(1790000033.940000) vcan0 100#2D28000000000000
(1790000033.940000) vcan0 101#9A2E000000000000
(1790000033.950000) vcan0 102#C800000000000000
(1790000033.960000) vcan0 100#2528000000000000
(1790000033.960000) vcan0 101#722E000000000000
(1790000033.980000) vcan0 100#1D28000000000000
(1790000033.980000) vcan0 101#4A2E000000000000
(1790000034.000000) vcan0 100#1428000000000000
(1790000034.000000) vcan0 101#212E000000000000
(1790000034.000000) vcan0 102#C800000000000000
(1790000034.000000) vcan0 110#0500000000000000
(1790000034.000000) vcan0 120#0300000000000000
(1790000034.000000) vcan0 121#0200000000000000
(1790000034.000000) vcan0 200#8000000000000000
(1790000034.000000) vcan0 201#8400000000000000
(1790000034.000000) vcan0 202#7C00000000000000
(1790000034.000000) vcan0 203#3F00000000000000
(1790000034.000000) vcan0 210#8E00000000000000
(1790000034.000000) vcan0 220#7C00000000000000
(1790000034.000000) vcan0 221#B501000000000000
(1790000034.000000) vcan0 222#4E00000000000000
(1790000034.000000) vcan0 230#9A991C0000000000
(1790000034.000000) vcan0 231#BB01000000000000
(1790000034.000000) vcan0 232#0019000000000000
(1790000034.000000) vcan0 240#7300000000000000
(1790000034.000000) vcan0 241#7300000000000000
(1790000034.000000) vcan0 242#6E00000000000000
(1790000034.000000) vcan0 243#6E00000000000000
(1790000034.000000) vcan0 18FF0100#7000000000000000
(1790000034.020000) vcan0 100#0C28000000000000
(1790000034.020000) vcan0 101#F82D000000000000
(1790000034.040000) vcan0 100#0328000000000000
(1790000034.040000) vcan0 101#CE2D000000000000
(1790000034.050000) vcan0 102#C800000000000000
(1790000034.060000) vcan0 100#FA27000000000000
(1790000034.060000) vcan0 101#A42D000000000000
(1790000034.080000) vcan0 100#F127000000000000
(1790000034.080000) vcan0 101#7A2D000000000000
(1790000034.100000) vcan0 100#E827000000000000
(1790000034.100000) vcan0 101#4F2D000000000000
(1790000034.100000) vcan0 102#C800000000000000
(1790000034.100000) vcan0 110#0500000000000000
(1790000034.100000) vcan0 120#0300000000000000
(1790000034.100000) vcan0 203#3F00000000000000
(1790000034.120000) vcan0 100#DF27000000000000
(1790000034.120000) vcan0 101#232D000000000000
(1790000034.140000) vcan0 100#D627000000000000
(1790000034.140000) vcan0 101#F72C000000000000
(1790000034.150000) vcan0 102#C800000000000000
(1790000034.160000) vcan0 100#CD27000000000000
(1790000034.160000) vcan0 101#CB2C000000000000
(1790000034.180000) vcan0 100#C427000000000000
(1790000034.180000) vcan0 101#9E2C000000000000
(1790000034.200000) vcan0 100#BA27000000000000
(1790000034.200000) vcan0 101#712C000000000000
(1790000034.200000) vcan0 102#C800000000000000
(1790000034.200000) vcan0 110#0500000000000000
(1790000034.200000) vcan0 120#0300000000000000
(1790000034.200000) vcan0 121#0200000000000000
(1790000034.200000) vcan0 203#3E00000000000000
(1790000034.220000) vcan0 100#B127000000000000
(1790000034.220000) vcan0 101#442C000000000000
(1790000034.240000) vcan0 100#A727000000000000
(1790000034.240000) vcan0 101#162C000000000000
(1790000034.250000) vcan0 102#C800000000000000
(1790000034.260000) vcan0 100#9E27000000000000
(1790000034.260000) vcan0 101#E92B000000000000
(1790000034.280000) vcan0 100#9427000000000000
(1790000034.280000) vcan0 101#BA2B000000000000
(1790000034.300000) vcan0 100#8A27000000000000
(1790000034.300000) vcan0 101#8C2B000000000000
(1790000034.300000) vcan0 102#C800000000000000
(1790000034.300000) vcan0 110#0500000000000000
(1790000034.300000) vcan0 120#0300000000000000
(1790000034.300000) vcan0 203#3D00000000000000
(1790000034.320000) vcan0 100#8127000000000000
(1790000034.320000) vcan0 101#5D2B000000000000
(1790000034.340000) vcan0 100#7727000000000000
(1790000034.340000) vcan0 101#2E2B000000000000
(1790000034.350000) vcan0 102#C800000000000000
(1790000034.360000) vcan0 100#6D27000000000000
(1790000034.360000) vcan0 101#FF2A000000000000
(1790000034.380000) vcan0 100#6327000000000000
(1790000034.380000) vcan0 101#D02A000000000000
(1790000034.400000) vcan0 100#5927000000000000
(1790000034.400000) vcan0 101#A12A000000000000
(1790000034.400000) vcan0 102#C800000000000000
(1790000034.400000) vcan0 110#0500000000000000
(1790000034.400000) vcan0 120#0300000000000000
(1790000034.400000) vcan0 121#0200000000000000
(1790000034.400000) vcan0 203#3C00000000000000
(1790000034.420000) vcan0 100#5027000000000000
(1790000034.420000) vcan0 101#712A000000000000
(1790000034.440000) vcan0 100#4627000000000000
(1790000034.440000) vcan0 101#422A000000000000
(1790000034.450000) vcan0 102#C800000000000000
(1790000034.460000) vcan0 100#3C27000000000000
(1790000034.460000) vcan0 101#122A000000000000
(1790000034.480000) vcan0 100#3227000000000000
(1790000034.480000) vcan0 101#E229000000000000
(1790000034.500000) vcan0 100#2827000000000000
(1790000034.500000) vcan0 101#B229000000000000
(1790000034.500000) vcan0 102#C800000000000000
(1790000034.500000) vcan0 110#0500000000000000
(1790000034.500000) vcan0 120#0300000000000000
(1790000034.500000) vcan0 200#8000000000000000
(1790000034.500000) vcan0 201#8400000000000000
(1790000034.500000) vcan0 203#3C00000000000000
(1790000034.500000) vcan0 210#8E00000000000000
(1790000034.520000) vcan0 100#1E27000000000000
(1790000034.520000) vcan0 101#8229000000000000
(1790000034.540000) vcan0 100#1427000000000000
(1790000034.540000) vcan0 101#5229000000000000
(1790000034.550000) vcan0 102#C800000000000000
(1790000034.560000) vcan0 100#0A27000000000000
(1790000034.560000) vcan0 101#2229000000000000
(1790000034.580000) vcan0 100#0027000000000000
(1790000034.580000) vcan0 101#F228000000000000
(1790000034.600000) vcan0 100#F626000000000000
(1790000034.600000) vcan0 101#C228000000000000
(1790000034.600000) vcan0 102#C800000000000000
(1790000034.600000) vcan0 110#0500000000000000
(1790000034.600000) vcan0 120#0300000000000000
(1790000034.600000) vcan0 121#0200000000000000
(1790000034.600000) vcan0 203#3B00000000000000
(1790000034.620000) vcan0 100#EC26000000000000
(1790000034.620000) vcan0 101#9228000000000000
(1790000034.640000) vcan0 100#E226000000000000
(1790000034.640000) vcan0 101#6228000000000000
(1790000034.650000) vcan0 102#C800000000000000
(1790000034.660000) vcan0 100#D826000000000000
(1790000034.660000) vcan0 101#3328000000000000
(1790000034.680000) vcan0 100#CE26000000000000
(1790000034.680000) vcan0 101#0328000000000000
(1790000034.700000) vcan0 100#C426000000000000
(1790000034.700000) vcan0 101#D327000000000000
(1790000034.700000) vcan0 102#C800000000000000
(1790000034.700000) vcan0 110#0500000000000000
(1790000034.700000) vcan0 120#0300000000000000
(1790000034.700000) vcan0 203#3A00000000000000
(1790000034.720000) vcan0 100#BA26000000000000
(1790000034.720000) vcan0 101#A427000000000000
(1790000034.740000) vcan0 100#B026000000000000
(1790000034.740000) vcan0 101#7527000000000000
(1790000034.750000) vcan0 102#C800000000000000
(1790000034.760000) vcan0 100#A726000000000000
(1790000034.760000) vcan0 101#4627000000000000
(1790000034.780000) vcan0 100#9D26000000000000
(1790000034.780000) vcan0 101#1727000000000000
(1790000034.800000) vcan0 100#9326000000000000
(1790000034.800000) vcan0 101#E826000000000000
(1790000034.800000) vcan0 102#C800000000000000
(1790000034.800000) vcan0 110#0500000000000000
(1790000034.800000) vcan0 120#0300000000000000
(1790000034.800000) vcan0 121#0200000000000000
(1790000034.800000) vcan0 203#3900000000000000
(1790000034.820000) vcan0 100#8926000000000000
(1790000034.820000) vcan0 101#BA26000000000000
(1790000034.840000) vcan0 100#8026000000000000
(1790000034.840000) vcan0 101#8C26000000000000
(1790000034.850000) vcan0 102#C800000000000000
(1790000034.860000) vcan0 100#7626000000000000
(1790000034.860000) vcan0 101#5E26000000000000
(1790000034.880000) vcan0 100#6D26000000000000
(1790000034.880000) vcan0 101#3126000000000000
(1790000034.900000) vcan0 100#6326000000000000
(1790000034.900000) vcan0 101#0326000000000000
(1790000034.900000) vcan0 102#C800000000000000
(1790000034.900000) vcan0 110#0500000000000000
(1790000034.900000) vcan0 120#0300000000000000
(1790000034.900000) vcan0 203#3800000000000000
(1790000034.920000) vcan0 100#5A26000000000000
(1790000034.920000) vcan0 101#D725000000000000
(1790000034.940000) vcan0 100#5126000000000000
(1790000034.940000) vcan0 101#AA25000000000000
(1790000034.950000) vcan0 102#C800000000000000
(1790000034.960000) vcan0 100#4826000000000000
(1790000034.960000) vcan0 101#7E25000000000000
(1790000034.980000) vcan0 100#3E26000000000000
(1790000034.980000) vcan0 101#5225000000000000
(1790000035.000000) vcan0 100#3526000000000000
(1790000035.000000) vcan0 101#2725000000000000
(1790000035.000000) vcan0 102#C800000000000000
(1790000035.000000) vcan0 110#0500000000000000
(1790000035.000000) vcan0 120#0300000000000000
(1790000035.000000) vcan0 121#0200000000000000
(1790000035.000000) vcan0 200#8000000000000000
(1790000035.000000) vcan0 201#8400000000000000
(1790000035.000000) vcan0 202#7C00000000000000
(1790000035.000000) vcan0 203#3800000000000000
(1790000035.000000) vcan0 210#8E00000000000000
(1790000035.000000) vcan0 220#7C00000000000000
(1790000035.000000) vcan0 221#B501000000000000
(1790000035.000000) vcan0 222#4E00000000000000
(1790000035.000000) vcan0 230#9A991C0000000000
(1790000035.000000) vcan0 231#BB01000000000000
(1790000035.000000) vcan0 232#0019000000000000
(1790000035.000000) vcan0 240#7300000000000000
(1790000035.000000) vcan0 241#7300000000000000
(1790000035.000000) vcan0 242#6E00000000000000
(1790000035.000000) vcan0 243#6E00000000000000
(1790000035.000000) vcan0 18FF0100#7000000000000000
(1790000035.020000) vcan0 100#2C26000000000000
(1790000035.020000) vcan0 101#FC24000000000000
(1790000035.040000) vcan0 100#2426000000000000
(1790000035.040000) vcan0 101#D124000000000000
(1790000035.050000) vcan0 102#C800000000000000
(1790000035.060000) vcan0 100#1B26000000000000
(1790000035.060000) vcan0 101#A724000000000000
(1790000035.080000) vcan0 100#1226000000000000
(1790000035.080000) vcan0 101#7E24000000000000
(1790000035.100000) vcan0 100#0A26000000000000
(1790000035.100000) vcan0 101#5424000000000000
(1790000035.100000) vcan0 102#C800000000000000
(1790000035.100000) vcan0 110#0500000000000000
(1790000035.100000) vcan0 120#0300000000000000
(1790000035.100000) vcan0 203#3700000000000000
(1790000035.120000) vcan0 100#0126000000000000
(1790000035.120000) vcan0 101#2C24000000000000
(1790000035.140000) vcan0 100#F925000000000000
(1790000035.140000) vcan0 101#0424000000000000
(1790000035.150000) vcan0 102#C800000000000000
(1790000035.160000) vcan0 100#F125000000000000
(1790000035.160000) vcan0 101#DC23000000000000
(1790000035.180000) vcan0 100#E825000000000000
(1790000035.180000) vcan0 101#B523000000000000
(1790000035.200000) vcan0 100#E025000000000000
(1790000035.200000) vcan0 101#8F23000000000000
(1790000035.200000) vcan0 102#C800000000000000
(1790000035.200000) vcan0 110#0500000000000000
(1790000035.200000) vcan0 120#0300000000000000
(1790000035.200000) vcan0 121#0200000000000000
(1790000035.200000) vcan0 203#3600000000000000
(1790000035.220000) vcan0 100#D925000000000000
(1790000035.220000) vcan0 101#6923000000000000
(1790000035.240000) vcan0 100#D125000000000000
(1790000035.240000) vcan0 101#4423000000000000
(1790000035.250000) vcan0 102#C800000000000000
(1790000035.260000) vcan0 100#C925000000000000
(1790000035.260000) vcan0 101#1F23000000000000
(1790000035.280000) vcan0 100#C225000000000000
(1790000035.280000) vcan0 101#FB22000000000000
(1790000035.300000) vcan0 100#BA25000000000000
(1790000035.300000) vcan0 101#D822000000000000
(1790000035.300000) vcan0 102#C800000000000000
(1790000035.300000) vcan0 110#0500000000000000
(1790000035.300000) vcan0 120#0300000000000000
(1790000035.300000) vcan0 203#3600000000000000
(1790000035.320000) vcan0 100#B325000000000000
(1790000035.320000) vcan0 101#B522000000000000
(1790000035.340000) vcan0 100#AC25000000000000
(1790000035.340000) vcan0 101#9322000000000000
(1790000035.350000) vcan0 102#C800000000000000
(1790000035.360000) vcan0 100#A525000000000000
(1790000035.360000) vcan0 101#7222000000000000
(1790000035.380000) vcan0 100#9E25000000000000
(1790000035.380000) vcan0 101#5122000000000000
(1790000035.400000) vcan0 100#9825000000000000
(1790000035.400000) vcan0 101#3122000000000000
(1790000035.400000) vcan0 102#C800000000000000
(1790000035.400000) vcan0 110#0500000000000000
(1790000035.400000) vcan0 120#0300000000000000
(1790000035.400000) vcan0 121#0200000000000000
(1790000035.400000) vcan0 203#3500000000000000
(1790000035.420000) vcan0 100#9125000000000000
(1790000035.420000) vcan0 101#1222000000000000
(1790000035.440000) vcan0 100#8B25000000000000
(1790000035.440000) vcan0 101#F321000000000000
(1790000035.450000) vcan0 102#C800000000000000
(1790000035.460000) vcan0 100#8425000000000000
(1790000035.460000) vcan0 101#D621000000000000
(1790000035.480000) vcan0 100#7E25000000000000
(1790000035.480000) vcan0 101#B921000000000000
(1790000035.500000) vcan0 100#7925000000000000
(1790000035.500000) vcan0 101#9C21000000000000
(1790000035.500000) vcan0 102#C800000000000000
(1790000035.500000) vcan0 110#0500000000000000
(1790000035.500000) vcan0 120#0300000000000000
(1790000035.500000) vcan0 200#8000000000000000
(1790000035.500000) vcan0 201#8400000000000000
(1790000035.500000) vcan0 203#3500000000000000
(1790000035.500000) vcan0 210#8E00000000000000
(1790000035.520000) vcan0 100#7325000000000000
(1790000035.520000) vcan0 101#8121000000000000
(1790000035.540000) vcan0 100#6D25000000000000
(1790000035.540000) vcan0 101#6621000000000000
(1790000035.550000) vcan0 102#C800000000000000
(1790000035.560000) vcan0 100#6825000000000000
(1790000035.560000) vcan0 101#4C21000000000000
(1790000035.580000) vcan0 100#6325000000000000
(1790000035.580000) vcan0 101#3321000000000000
(1790000035.600000) vcan0 100#5E25000000000000
(1790000035.600000) vcan0 101#1B21000000000000
(1790000035.600000) vcan0 102#C800000000000000
(1790000035.600000) vcan0 110#0500000000000000
(1790000035.600000) vcan0 120#0300000000000000
(1790000035.600000) vcan0 121#0200000000000000
(1790000035.600000) vcan0 203#3400000000000000
(1790000035.620000) vcan0 100#5925000000000000
(1790000035.620000) vcan0 101#0421000000000000
(1790000035.640000) vcan0 100#5425000000000000
(1790000035.640000) vcan0 101#ED20000000000000
(1790000035.650000) vcan0 102#C800000000000000
(1790000035.660000) vcan0 100#5025000000000000
(1790000035.660000) vcan0 101#D820000000000000
(1790000035.680000) vcan0 100#4B25000000000000
(1790000035.680000) vcan0 101#C320000000000000
(1790000035.700000) vcan0 100#4725000000000000
(1790000035.700000) vcan0 101#AF20000000000000
(1790000035.700000) vcan0 102#C800000000000000
(1790000035.700000) vcan0 110#0500000000000000
(1790000035.700000) vcan0 120#0300000000000000
(1790000035.700000) vcan0 203#3400000000000000
(1790000035.720000) vcan0 100#4325000000000000
(1790000035.720000) vcan0 101#9C20000000000000
(1790000035.740000) vcan0 100#3F25000000000000
(1790000035.740000) vcan0 101#8A20000000000000
(1790000035.750000) vcan0 102#C800000000000000
(1790000035.760000) vcan0 100#3C25000000000000
(1790000035.760000) vcan0 101#7820000000000000
(1790000035.780000) vcan0 100#3825000000000000
(1790000035.780000) vcan0 101#6820000000000000
(1790000035.800000) vcan0 100#3525000000000000
(1790000035.800000) vcan0 101#5920000000000000
(1790000035.800000) vcan0 102#C800000000000000
(1790000035.800000) vcan0 110#0500000000000000
(1790000035.800000) vcan0 120#0300000000000000
(1790000035.800000) vcan0 121#0200000000000000
(1790000035.800000) vcan0 203#3400000000000000
(1790000035.820000) vcan0 100#3225000000000000
(1790000035.820000) vcan0 101#4A20000000000000
(1790000035.840000) vcan0 100#2F25000000000000
(1790000035.840000) vcan0 101#3C20000000000000
(1790000035.850000) vcan0 102#C800000000000000
(1790000035.860000) vcan0 100#2D25000000000000
(1790000035.860000) vcan0 101#3020000000000000
(1790000035.880000) vcan0 100#2A25000000000000
(1790000035.880000) vcan0 101#2420000000000000
(1790000035.900000) vcan0 100#2825000000000000
(1790000035.900000) vcan0 101#1920000000000000
(1790000035.900000) vcan0 102#C800000000000000
(1790000035.900000) vcan0 110#0500000000000000
(1790000035.900000) vcan0 120#0300000000000000
(1790000035.900000) vcan0 203#3300000000000000
(1790000035.920000) vcan0 100#2625000000000000
(1790000035.920000) vcan0 101#0F20000000000000
(1790000035.940000) vcan0 100#2425000000000000
(1790000035.940000) vcan0 101#0620000000000000
(1790000035.950000) vcan0 102#C800000000000000
(1790000035.960000) vcan0 100#2225000000000000
(1790000035.960000) vcan0 101#FE1F000000000000
(1790000035.980000) vcan0 100#2125000000000000
(1790000035.980000) vcan0 101#F71F000000000000
(1790000036.000000) vcan0 100#1F25000000000000
(1790000036.000000) vcan0 101#F11F000000000000
(1790000036.000000) vcan0 102#C800000000000000
(1790000036.000000) vcan0 110#0500000000000000
(1790000036.000000) vcan0 120#0300000000000000
(1790000036.000000) vcan0 121#0200000000000000
(1790000036.000000) vcan0 200#8000000000000000
(1790000036.000000) vcan0 201#8400000000000000
(1790000036.000000) vcan0 202#7C00000000000000
(1790000036.000000) vcan0 203#3300000000000000
(1790000036.000000) vcan0 210#8E00000000000000
(1790000036.000000) vcan0 220#7C00000000000000
(1790000036.000000) vcan0 221#B501000000000000
(1790000036.000000) vcan0 222#4E00000000000000
(1790000036.000000) vcan0 230#9B991C0000000000
(1790000036.000000) vcan0 231#BC01000000000000
(1790000036.000000) vcan0 232#0019000000000000
(1790000036.000000) vcan0 240#7300000000000000
(1790000036.000000) vcan0 241#7300000000000000
(1790000036.000000) vcan0 242#6E00000000000000
(1790000036.000000) vcan0 243#6E00000000000000
(1790000036.000000) vcan0 18FF0100#7000000000000000
(1790000036.020000) vcan0 100#1E25000000000000
(1790000036.020000) vcan0 101#EC1F000000000000
(1790000036.040000) vcan0 100#1E25000000000000
(1790000036.040000) vcan0 101#E71F000000000000
(1790000036.050000) vcan0 102#C800000000000000
(1790000036.060000) vcan0 100#1D25000000000000
(1790000036.060000) vcan0 101#E41F000000000000
(1790000036.080000) vcan0 100#1C25000000000000
(1790000036.080000) vcan0 101#E21F000000000000
(1790000036.100000) vcan0 100#1C25000000000000
(1790000036.100000) vcan0 101#E01F000000000000
(1790000036.100000) vcan0 102#C800000000000000
(1790000036.100000) vcan0 110#0500000000000000
(1790000036.100000) vcan0 120#0300000000000000
(1790000036.100000) vcan0 203#3300000000000000
(1790000036.120000) vcan0 100#1C25000000000000
(1790000036.120000) vcan0 101#E01F000000000000
(1790000036.140000) vcan0 100#1C25000000000000
(1790000036.140000) vcan0 101#E11F000000000000
(1790000036.150000) vcan0 102#C800000000000000
(1790000036.160000) vcan0 100#1C25000000000000
(1790000036.160000) vcan0 101#E21F000000000000
(1790000036.180000) vcan0 100#1D25000000000000
(1790000036.180000) vcan0 101#E51F000000000000
(1790000036.200000) vcan0 100#1E25000000000000
(1790000036.200000) vcan0 101#E81F000000000000
(1790000036.200000) vcan0 102#C800000000000000
(1790000036.200000) vcan0 110#0500000000000000
(1790000036.200000) vcan0 120#0300000000000000
(1790000036.200000) vcan0 121#0200000000000000
(1790000036.200000) vcan0 203#3300000000000000
(1790000036.220000) vcan0 100#1F25000000000000
(1790000036.220000) vcan0 101#EC1F000000000000
(1790000036.240000) vcan0 100#2025000000000000
(1790000036.240000) vcan0 101#F21F000000000000
(1790000036.250000) vcan0 102#C800000000000000
(1790000036.260000) vcan0 100#2125000000000000
(1790000036.260000) vcan0 101#F81F000000000000
(1790000036.280000) vcan0 100#2325000000000000
(1790000036.280000) vcan0 101#FF1F000000000000
(1790000036.300000) vcan0 100#2425000000000000
(1790000036.300000) vcan0 101#0820000000000000
(1790000036.300000) vcan0 102#C800000000000000
(1790000036.300000) vcan0 110#0500000000000000
(1790000036.300000) vcan0 120#0300000000000000
(1790000036.300000) vcan0 203#3300000000000000
(1790000036.320000) vcan0 100#2625000000000000
(1790000036.320000) vcan0 101#1120000000000000
(1790000036.340000) vcan0 100#2825000000000000
(1790000036.340000) vcan0 101#1B20000000000000
(1790000036.350000) vcan0 102#C800000000000000
(1790000036.360000) vcan0 100#2B25000000000000
(1790000036.360000) vcan0 101#2620000000000000
(1790000036.380000) vcan0 100#2D25000000000000
(1790000036.380000) vcan0 101#3220000000000000
(1790000036.400000) vcan0 100#3025000000000000
(1790000036.400000) vcan0 101#3F20000000000000
(1790000036.400000) vcan0 102#C800000000000000
(1790000036.400000) vcan0 110#0500000000000000
(1790000036.400000) vcan0 120#0300000000000000
(1790000036.400000) vcan0 121#0200000000000000
(1790000036.400000) vcan0 203#3400000000000000
(1790000036.420000) vcan0 100#3325000000000000
(1790000036.420000) vcan0 101#4C20000000000000
(1790000036.440000) vcan0 100#3625000000000000
(1790000036.440000) vcan0 101#5B20000000000000
(1790000036.450000) vcan0 102#C800000000000000
(1790000036.460000) vcan0 100#3925000000000000
(1790000036.460000) vcan0 101#6B20000000000000
(1790000036.480000) vcan0 100#3C25000000000000
(1790000036.480000) vcan0 101#7B20000000000000
(1790000036.500000) vcan0 100#4025000000000000
(1790000036.500000) vcan0 101#8D20000000000000
(1790000036.500000) vcan0 102#C800000000000000
(1790000036.500000) vcan0 110#0500000000000000
(1790000036.500000) vcan0 120#0300000000000000
(1790000036.500000) vcan0 200#8000000000000000
(1790000036.500000) vcan0 201#8400000000000000
(1790000036.500000) vcan0 203#3400000000000000
(1790000036.500000) vcan0 210#8E00000000000000
(1790000036.520000) vcan0 100#4425000000000000
(1790000036.520000) vcan0 101#9F20000000000000
(1790000036.540000) vcan0 100#4825000000000000
(1790000036.540000) vcan0 101#B220000000000000
(1790000036.550000) vcan0 102#C800000000000000
(1790000036.560000) vcan0 100#4C25000000000000
(1790000036.560000) vcan0 101#C620000000000000
(1790000036.580000) vcan0 100#5025000000000000
(1790000036.580000) vcan0 101#DB20000000000000
(1790000036.600000) vcan0 100#5525000000000000
(1790000036.600000) vcan0 101#F120000000000000
(1790000036.600000) vcan0 102#C800000000000000
(1790000036.600000) vcan0 110#0500000000000000
(1790000036.600000) vcan0 120#0300000000000000
(1790000036.600000) vcan0 121#0200000000000000
(1790000036.600000) vcan0 203#3400000000000000
(1790000036.620000) vcan0 100#5A25000000000000
(1790000036.620000) vcan0 101#0821000000000000
(1790000036.640000) vcan0 100#5F25000000000000
(1790000036.640000) vcan0 101#1F21000000000000
(1790000036.650000) vcan0 102#C800000000000000
(1790000036.660000) vcan0 100#6425000000000000
(1790000036.660000) vcan0 101#3821000000000000
(1790000036.680000) vcan0 100#6925000000000000
(1790000036.680000) vcan0 101#5121000000000000
(1790000036.700000) vcan0 100#6E25000000000000
(1790000036.700000) vcan0 101#6B21000000000000
(1790000036.700000) vcan0 102#C800000000000000
(1790000036.700000) vcan0 110#0500000000000000
(1790000036.700000) vcan0 120#0300000000000000
(1790000036.700000) vcan0 203#3500000000000000
(1790000036.720000) vcan0 100#7425000000000000
(1790000036.720000) vcan0 101#8521000000000000
(1790000036.740000) vcan0 100#7A25000000000000
(1790000036.740000) vcan0 101#A121000000000000
(1790000036.750000) vcan0 102#C800000000000000
(1790000036.760000) vcan0 100#7F25000000000000
(1790000036.760000) vcan0 101#BD21000000000000
(1790000036.780000) vcan0 100#8625000000000000
(1790000036.780000) vcan0 101#DB21000000000000
(1790000036.800000) vcan0 100#8C25000000000000
(1790000036.800000) vcan0 101#F821000000000000
(1790000036.800000) vcan0 102#C800000000000000
(1790000036.800000) vcan0 110#0500000000000000
(1790000036.800000) vcan0 120#0300000000000000
(1790000036.800000) vcan0 121#0200000000000000
(1790000036.800000) vcan0 203#3500000000000000
(1790000036.820000) vcan0 100#9225000000000000
(1790000036.820000) vcan0 101#1722000000000000
(1790000036.840000) vcan0 100#9925000000000000
(1790000036.840000) vcan0 101#3622000000000000
(1790000036.850000) vcan0 102#C800000000000000
(1790000036.860000) vcan0 100#9F25000000000000
(1790000036.860000) vcan0 101#5622000000000000
(1790000036.880000) vcan0 100#A625000000000000
(1790000036.880000) vcan0 101#7722000000000000
(1790000036.900000) vcan0 100#AD25000000000000
(1790000036.900000) vcan0 101#9922000000000000
(1790000036.900000) vcan0 102#C800000000000000
(1790000036.900000) vcan0 110#0500000000000000
(1790000036.900000) vcan0 120#0300000000000000
(1790000036.900000) vcan0 203#3600000000000000
(1790000036.920000) vcan0 100#B425000000000000
(1790000036.920000) vcan0 101#BB22000000000000
(1790000036.940000) vcan0 100#BC25000000000000
(1790000036.940000) vcan0 101#DE22000000000000
(1790000036.950000) vcan0 102#C800000000000000
(1790000036.960000) vcan0 100#C325000000000000
(1790000036.960000) vcan0 101#0123000000000000
(1790000036.980000) vcan0 100#CA25000000000000
(1790000036.980000) vcan0 101#2523000000000000
(1790000037.000000) vcan0 100#D225000000000000
(1790000037.000000) vcan0 101#4A23000000000000
(1790000037.000000) vcan0 102#C800000000000000
(1790000037.000000) vcan0 110#0500000000000000
(1790000037.000000) vcan0 120#0300000000000000
(1790000037.000000) vcan0 121#0200000000000000
(1790000037.000000) vcan0 200#8000000000000000
(1790000037.000000) vcan0 201#8400000000000000
(1790000037.000000) vcan0 202#7C00000000000000
(1790000037.000000) vcan0 203#3600000000000000
(1790000037.000000) vcan0 210#8E00000000000000
(1790000037.000000) vcan0 220#7C00000000000000
(1790000037.000000) vcan0 221#B501000000000000
(1790000037.000000) vcan0 222#4E00000000000000
(1790000037.000000) vcan0 230#9B991C0000000000
(1790000037.000000) vcan0 231#BC01000000000000
(1790000037.000000) vcan0 232#0019000000000000
(1790000037.000000) vcan0 240#7300000000000000
(1790000037.000000) vcan0 241#7300000000000000
(1790000037.000000) vcan0 242#6E00000000000000
(1790000037.000000) vcan0 243#6E00000000000000
(1790000037.000000) vcan0 18FF0100#7000000000000000
(1790000037.020000) vcan0 100#DA25000000000000
(1790000037.020000) vcan0 101#6F23000000000000
(1790000037.040000) vcan0 100#E225000000000000
(1790000037.040000) vcan0 101#9523000000000000
(1790000037.050000) vcan0 102#C800000000000000
(1790000037.060000) vcan0 100#EA25000000000000
(1790000037.060000) vcan0 101#BC23000000000000
(1790000037.080000) vcan0 100#F225000000000000
(1790000037.080000) vcan0 101#E323000000000000
(1790000037.100000) vcan0 100#FA25000000000000
(1790000037.100000) vcan0 101#0B24000000000000
(1790000037.100000) vcan0 102#C800000000000000
(1790000037.100000) vcan0 110#0500000000000000
(1790000037.100000) vcan0 120#0300000000000000
(1790000037.100000) vcan0 203#3700000000000000
(1790000037.120000) vcan0 100#0326000000000000
(1790000037.120000) vcan0 101#3324000000000000
(1790000037.140000) vcan0 100#0B26000000000000
(1790000037.140000) vcan0 101#5B24000000000000
(1790000037.150000) vcan0 102#C800000000000000
(1790000037.160000) vcan0 100#1426000000000000
(1790000037.160000) vcan0 101#8524000000000000
(1790000037.180000) vcan0 100#1C26000000000000
(1790000037.180000) vcan0 101#AE24000000000000
(1790000037.200000) vcan0 100#2526000000000000
(1790000037.200000) vcan0 101#D824000000000000
(1790000037.200000) vcan0 102#C800000000000000
(1790000037.200000) vcan0 110#0500000000000000
(1790000037.200000) vcan0 120#0300000000000000
(1790000037.200000) vcan0 121#0200000000000000
(1790000037.200000) vcan0 203#3700000000000000
(1790000037.220000) vcan0 100#2E26000000000000
(1790000037.220000) vcan0 101#0325000000000000
(1790000037.240000) vcan0 100#3726000000000000
(1790000037.240000) vcan0 101#2E25000000000000
(1790000037.250000) vcan0 102#C800000000000000
(1790000037.260000) vcan0 100#4026000000000000
(1790000037.260000) vcan0 101#5925000000000000
(1790000037.280000) vcan0 100#4926000000000000
(1790000037.280000) vcan0 101#8525000000000000
(1790000037.300000) vcan0 100#5226000000000000
(1790000037.300000) vcan0 101#B225000000000000
(1790000037.300000) vcan0 102#C800000000000000
(1790000037.300000) vcan0 110#0500000000000000
(1790000037.300000) vcan0 120#0300000000000000
(1790000037.300000) vcan0 203#3800000000000000
(1790000037.320000) vcan0 100#5C26000000000000
(1790000037.320000) vcan0 101#DE25000000000000
(1790000037.340000) vcan0 100#6526000000000000
(1790000037.340000) vcan0 101#0B26000000000000
(1790000037.350000) vcan0 102#C800000000000000
(1790000037.360000) vcan0 100#6E26000000000000
(1790000037.360000) vcan0 101#3826000000000000
(1790000037.380000) vcan0 100#7826000000000000
(1790000037.380000) vcan0 101#6626000000000000
(1790000037.400000) vcan0 100#8126000000000000
(1790000037.400000) vcan0 101#9426000000000000
(1790000037.400000) vcan0 102#C800000000000000
(1790000037.400000) vcan0 110#0500000000000000
(1790000037.400000) vcan0 120#0300000000000000
(1790000037.400000) vcan0 121#0200000000000000
(1790000037.400000) vcan0 203#3900000000000000
(1790000037.420000) vcan0 100#8B26000000000000
(1790000037.420000) vcan0 101#C226000000000000
(1790000037.440000) vcan0 100#9526000000000000
(1790000037.440000) vcan0 101#F026000000000000
(1790000037.450000) vcan0 102#C800000000000000
(1790000037.460000) vcan0 100#9E26000000000000
(1790000037.460000) vcan0 101#1F27000000000000
(1790000037.480000) vcan0 100#A826000000000000
(1790000037.480000) vcan0 101#4E27000000000000
(1790000037.500000) vcan0 100#B226000000000000
(1790000037.500000) vcan0 101#7D27000000000000
(1790000037.500000) vcan0 102#C800000000000000
(1790000037.500000) vcan0 110#0500000000000000
(1790000037.500000) vcan0 120#0300000000000000
(1790000037.500000) vcan0 200#8000000000000000
(1790000037.500000) vcan0 201#8400000000000000
(1790000037.500000) vcan0 203#3A00000000000000
(1790000037.500000) vcan0 210#8E00000000000000
(1790000037.520000) vcan0 100#BC26000000000000
(1790000037.520000) vcan0 101#AC27000000000000
(1790000037.540000) vcan0 100#C626000000000000
(1790000037.540000) vcan0 101#DB27000000000000
(1790000037.550000) vcan0 102#C800000000000000
(1790000037.560000) vcan0 100#D026000000000000
(1790000037.560000) vcan0 101#0B28000000000000
(1790000037.580000) vcan0 100#DA26000000000000
(1790000037.580000) vcan0 101#3B28000000000000
(1790000037.600000) vcan0 100#E426000000000000
(1790000037.600000) vcan0 101#6A28000000000000
(1790000037.600000) vcan0 102#C800000000000000
(1790000037.600000) vcan0 110#0500000000000000
(1790000037.600000) vcan0 120#0300000000000000
(1790000037.600000) vcan0 121#0200000000000000
(1790000037.600000) vcan0 203#3A00000000000000
(1790000037.620000) vcan0 100#ED26000000000000
(1790000037.620000) vcan0 101#9A28000000000000
(1790000037.640000) vcan0 100#F726000000000000
(1790000037.640000) vcan0 101#CA28000000000000
(1790000037.650000) vcan0 102#C800000000000000
(1790000037.660000) vcan0 100#0127000000000000
(1790000037.660000) vcan0 101#FA28000000000000
(1790000037.680000) vcan0 100#0B27000000000000
(1790000037.680000) vcan0 101#2A29000000000000
(1790000037.700000) vcan0 100#1527000000000000
(1790000037.700000) vcan0 101#5A29000000000000
(1790000037.700000) vcan0 102#C800000000000000
(1790000037.700000) vcan0 110#0500000000000000
(1790000037.700000) vcan0 120#0300000000000000
(1790000037.700000) vcan0 203#3B00000000000000
(1790000037.720000) vcan0 100#1F27000000000000
(1790000037.720000) vcan0 101#8A29000000000000
(1790000037.740000) vcan0 100#2927000000000000
(1790000037.740000) vcan0 101#BA29000000000000
(1790000037.750000) vcan0 102#C800000000000000
(1790000037.760000) vcan0 100#3327000000000000
(1790000037.760000) vcan0 101#EA29000000000000
(1790000037.780000) vcan0 100#3D27000000000000
(1790000037.780000) vcan0 101#1A2A000000000000
(1790000037.800000) vcan0 100#4727000000000000
(1790000037.800000) vcan0 101#4A2A000000000000
(1790000037.800000) vcan0 102#C800000000000000
(1790000037.800000) vcan0 110#0500000000000000
(1790000037.800000) vcan0 120#0300000000000000
(1790000037.800000) vcan0 121#0200000000000000
(1790000037.800000) vcan0 203#3C00000000000000
(1790000037.820000) vcan0 100#5127000000000000
(1790000037.820000) vcan0 101#792A000000000000
(1790000037.840000) vcan0 100#5B27000000000000
(1790000037.840000) vcan0 101#A92A000000000000
(1790000037.850000) vcan0 102#C800000000000000
(1790000037.860000) vcan0 100#6527000000000000
(1790000037.860000) vcan0 101#D82A000000000000
(1790000037.880000) vcan0 100#6F27000000000000
(1790000037.880000) vcan0 101#072B000000000000
(1790000037.900000) vcan0 100#7927000000000000
(1790000037.900000) vcan0 101#362B000000000000
(1790000037.900000) vcan0 102#C800000000000000
(1790000037.900000) vcan0 110#0500000000000000
(1790000037.900000) vcan0 120#0300000000000000
(1790000037.900000) vcan0 203#3D00000000000000
(1790000037.920000) vcan0 100#8227000000000000
(1790000037.920000) vcan0 101#652B000000000000
(1790000037.940000) vcan0 100#8C27000000000000
(1790000037.940000) vcan0 101#942B000000000000
(1790000037.950000) vcan0 102#C800000000000000
(1790000037.960000) vcan0 100#9627000000000000
(1790000037.960000) vcan0 101#C22B000000000000
(1790000037.980000) vcan0 100#9F27000000000000
(1790000037.980000) vcan0 101#F02B000000000000
(1790000038.000000) vcan0 100#A927000000000000
(1790000038.000000) vcan0 101#1E2C000000000000
(1790000038.000000) vcan0 102#C800000000000000
(1790000038.000000) vcan0 110#0500000000000000
(1790000038.000000) vcan0 120#0300000000000000
(1790000038.000000) vcan0 121#0200000000000000
(1790000038.000000) vcan0 200#8000000000000000
(1790000038.000000) vcan0 201#8400000000000000
(1790000038.000000) vcan0 202#7C00000000000000
(1790000038.000000) vcan0 203#3E00000000000000
(1790000038.000000) vcan0 210#8E00000000000000
(1790000038.000000) vcan0 220#7C00000000000000
(1790000038.000000) vcan0 221#B501000000000000
(1790000038.000000) vcan0 222#4E00000000000000
(1790000038.000000) vcan0 230#9B991C0000000000
(1790000038.000000) vcan0 231#BC01000000000000
(1790000038.000000) vcan0 232#0019000000000000
(1790000038.000000) vcan0 240#7300000000000000
(1790000038.000000) vcan0 241#7300000000000000
(1790000038.000000) vcan0 242#6E00000000000000
(1790000038.000000) vcan0 243#6E00000000000000
(1790000038.000000) vcan0 18FF0100#7000000000000000
(1790000038.020000) vcan0 100#B227000000000000
(1790000038.020000) vcan0 101#4C2C000000000000
(1790000038.040000) vcan0 100#BC27000000000000
(1790000038.040000) vcan0 101#792C000000000000
(1790000038.050000) vcan0 102#C800000000000000
(1790000038.060000) vcan0 100#C527000000000000
(1790000038.060000) vcan0 101#A62C000000000000
(1790000038.080000) vcan0 100#CF27000000000000
(1790000038.080000) vcan0 101#D22C000000000000
(1790000038.100000) vcan0 100#D827000000000000
(1790000038.100000) vcan0 101#FF2C000000000000
(1790000038.100000) vcan0 102#C800000000000000
(1790000038.100000) vcan0 110#0500000000000000
(1790000038.100000) vcan0 120#0300000000000000
(1790000038.100000) vcan0 203#3E00000000000000
(1790000038.120000) vcan0 100#E127000000000000
(1790000038.120000) vcan0 101#2A2D000000000000
(1790000038.140000) vcan0 100#EA27000000000000
(1790000038.140000) vcan0 101#562D000000000000
(1790000038.150000) vcan0 102#C800000000000000
(1790000038.160000) vcan0 100#F327000000000000
(1790000038.160000) vcan0 101#812D000000000000
(1790000038.180000) vcan0 100#FC27000000000000
(1790000038.180000) vcan0 101#AB2D000000000000
(1790000038.200000) vcan0 100#0428000000000000
(1790000038.200000) vcan0 101#D52D000000000000
(1790000038.200000) vcan0 102#C800000000000000
(1790000038.200000) vcan0 110#0500000000000000
(1790000038.200000) vcan0 120#0300000000000000
(1790000038.200000) vcan0 121#0200000000000000
(1790000038.200000) vcan0 203#3F00000000000000
(1790000038.220000) vcan0 100#0D28000000000000
(1790000038.220000) vcan0 101#FF2D000000000000
(1790000038.240000) vcan0 100#1628000000000000
(1790000038.240000) vcan0 101#282E000000000000
(1790000038.250000) vcan0 102#C800000000000000
(1790000038.260000) vcan0 100#1E28000000000000
(1790000038.260000) vcan0 101#512E000000000000
(1790000038.280000) vcan0 100#2728000000000000
(1790000038.280000) vcan0 101#792E000000000000
(1790000038.300000) vcan0 100#2F28000000000000
(1790000038.300000) vcan0 101#A12E000000000000
(1790000038.300000) vcan0 102#C800000000000000
(1790000038.300000) vcan0 110#0500000000000000
(1790000038.300000) vcan0 120#0300000000000000
(1790000038.300000) vcan0 203#4000000000000000
(1790000038.320000) vcan0 100#3728000000000000
(1790000038.320000) vcan0 101#C82E000000000000
(1790000038.340000) vcan0 100#3F28000000000000
(1790000038.340000) vcan0 101#EE2E000000000000
(1790000038.350000) vcan0 102#C800000000000000
(1790000038.360000) vcan0 100#4728000000000000
(1790000038.360000) vcan0 101#142F000000000000
(1790000038.380000) vcan0 100#4F28000000000000
(1790000038.380000) vcan0 101#392F000000000000
(1790000038.400000) vcan0 100#5628000000000000
(1790000038.400000) vcan0 101#5E2F000000000000
(1790000038.400000) vcan0 102#C800000000000000
(1790000038.400000) vcan0 110#0500000000000000
(1790000038.400000) vcan0 120#0300000000000000
(1790000038.400000) vcan0 121#0200000000000000
(1790000038.400000) vcan0 203#4000000000000000
(1790000038.420000) vcan0 100#5E28000000000000
(1790000038.420000) vcan0 101#822F000000000000
(1790000038.440000) vcan0 100#6528000000000000
(1790000038.440000) vcan0 101#A52F000000000000
(1790000038.450000) vcan0 102#C800000000000000
(1790000038.460000) vcan0 100#6C28000000000000
(1790000038.460000) vcan0 101#C82F000000000000
(1790000038.480000) vcan0 100#7328000000000000
(1790000038.480000) vcan0 101#EA2F000000000000
(1790000038.500000) vcan0 100#7A28000000000000
(1790000038.500000) vcan0 101#0C30000000000000
(1790000038.500000) vcan0 102#C800000000000000
(1790000038.500000) vcan0 110#0500000000000000
(1790000038.500000) vcan0 120#0300000000000000
(1790000038.500000) vcan0 200#8000000000000000
(1790000038.500000) vcan0 201#8400000000000000
(1790000038.500000) vcan0 203#4100000000000000
(1790000038.500000) vcan0 210#8E00000000000000
(1790000038.520000) vcan0 100#8128000000000000
(1790000038.520000) vcan0 101#2C30000000000000
(1790000038.540000) vcan0 100#8828000000000000
(1790000038.540000) vcan0 101#4C30000000000000
(1790000038.550000) vcan0 102#C800000000000000
(1790000038.560000) vcan0 100#8E28000000000000
(1790000038.560000) vcan0 101#6C30000000000000
(1790000038.580000) vcan0 100#9528000000000000
(1790000038.580000) vcan0 101#8A30000000000000
(1790000038.600000) vcan0 100#9B28000000000000
(1790000038.600000) vcan0 101#A830000000000000
(1790000038.600000) vcan0 102#C800000000000000
(1790000038.600000) vcan0 110#0500000000000000
(1790000038.600000) vcan0 120#0300000000000000
(1790000038.600000) vcan0 121#0200000000000000
(1790000038.600000) vcan0 203#4200000000000000
(1790000038.620000) vcan0 100#A128000000000000
(1790000038.620000) vcan0 101#C530000000000000
(1790000038.640000) vcan0 100#A728000000000000
(1790000038.640000) vcan0 101#E130000000000000
(1790000038.650000) vcan0 102#C800000000000000
(1790000038.660000) vcan0 100#AD28000000000000
(1790000038.660000) vcan0 101#FD30000000000000
(1790000038.680000) vcan0 100#B228000000000000
(1790000038.680000) vcan0 101#1831000000000000
(1790000038.700000) vcan0 100#B828000000000000
(1790000038.700000) vcan0 101#3231000000000000
(1790000038.700000) vcan0 102#C800000000000000
(1790000038.700000) vcan0 110#0500000000000000
(1790000038.700000) vcan0 120#0300000000000000
(1790000038.700000) vcan0 203#4200000000000000
(1790000038.720000) vcan0 100#BD28000000000000
(1790000038.720000) vcan0 101#4B31000000000000
(1790000038.740000) vcan0 100#C228000000000000
(1790000038.740000) vcan0 101#6331000000000000
(1790000038.750000) vcan0 102#C800000000000000
(1790000038.760000) vcan0 100#C728000000000000
(1790000038.760000) vcan0 101#7A31000000000000
(1790000038.780000) vcan0 100#CC28000000000000
(1790000038.780000) vcan0 101#9131000000000000
(1790000038.800000) vcan0 100#D028000000000000
(1790000038.800000) vcan0 101#A731000000000000
(1790000038.800000) vcan0 102#C800000000000000
(1790000038.800000) vcan0 110#0500000000000000
(1790000038.800000) vcan0 120#0300000000000000
(1790000038.800000) vcan0 121#0200000000000000
(1790000038.800000) vcan0 203#4200000000000000
(1790000038.820000) vcan0 100#D428000000000000
(1790000038.820000) vcan0 101#BB31000000000000
(1790000038.840000) vcan0 100#D928000000000000
(1790000038.840000) vcan0 101#D031000000000000
(1790000038.850000) vcan0 102#C800000000000000
(1790000038.860000) vcan0 100#DD28000000000000
(1790000038.860000) vcan0 101#E331000000000000
(1790000038.880000) vcan0 100#E028000000000000
(1790000038.880000) vcan0 101#F531000000000000
(1790000038.900000) vcan0 100#E428000000000000
(1790000038.900000) vcan0 101#0632000000000000
(1790000038.900000) vcan0 102#C800000000000000
(1790000038.900000) vcan0 110#0500000000000000
(1790000038.900000) vcan0 120#0300000000000000
(1790000038.900000) vcan0 203#4300000000000000
(1790000038.920000) vcan0 100#E728000000000000
(1790000038.920000) vcan0 101#1732000000000000
(1790000038.940000) vcan0 100#EB28000000000000
(1790000038.940000) vcan0 101#2632000000000000
(1790000038.950000) vcan0 102#C800000000000000
(1790000038.960000) vcan0 100#EE28000000000000
(1790000038.960000) vcan0 101#3532000000000000
(1790000038.980000) vcan0 100#F128000000000000
(1790000038.980000) vcan0 101#4332000000000000
(1790000039.000000) vcan0 100#F328000000000000
(1790000039.000000) vcan0 101#4F32000000000000
(1790000039.000000) vcan0 102#C800000000000000
(1790000039.000000) vcan0 110#0500000000000000
(1790000039.000000) vcan0 120#0300000000000000
(1790000039.000000) vcan0 121#0200000000000000
(1790000039.000000) vcan0 200#8000000000000000
(1790000039.000000) vcan0 201#8400000000000000
(1790000039.000000) vcan0 202#7C00000000000000
(1790000039.000000) vcan0 203#4300000000000000
(1790000039.000000) vcan0 210#8E00000000000000
(1790000039.000000) vcan0 220#7C00000000000000
(1790000039.000000) vcan0 221#B501000000000000
(1790000039.000000) vcan0 222#4E00000000000000
(1790000039.000000) vcan0 230#9B991C0000000000
(1790000039.000000) vcan0 231#BC01000000000000
(1790000039.000000) vcan0 232#0019000000000000
(1790000039.000000) vcan0 240#7300000000000000
(1790000039.000000) vcan0 241#7300000000000000
(1790000039.000000) vcan0 242#6E00000000000000
(1790000039.000000) vcan0 243#6E00000000000000
(1790000039.000000) vcan0 18FF0100#7000000000000000
(1790000039.020000) vcan0 100#F628000000000000
(1790000039.020000) vcan0 101#5B32000000000000
(1790000039.040000) vcan0 100#F828000000000000
(1790000039.040000) vcan0 101#6632000000000000
(1790000039.050000) vcan0 102#C800000000000000
(1790000039.060000) vcan0 100#FA28000000000000
(1790000039.060000) vcan0 101#7032000000000000
(1790000039.080000) vcan0 100#FC28000000000000
(1790000039.080000) vcan0 101#7932000000000000
(1790000039.100000) vcan0 100#FE28000000000000
(1790000039.100000) vcan0 101#8132000000000000
(1790000039.100000) vcan0 102#C800000000000000
(1790000039.100000) vcan0 110#0500000000000000
(1790000039.100000) vcan0 120#0300000000000000
(1790000039.100000) vcan0 203#4300000000000000
(1790000039.120000) vcan0 100#FF28000000000000
(1790000039.120000) vcan0 101#8932000000000000
(1790000039.140000) vcan0 100#0029000000000000
(1790000039.140000) vcan0 101#8F32000000000000
(1790000039.150000) vcan0 102#C800000000000000
(1790000039.160000) vcan0 100#0229000000000000
(1790000039.160000) vcan0 101#9432000000000000
(1790000039.180000) vcan0 100#0229000000000000
(1790000039.180000) vcan0 101#9832000000000000
(1790000039.200000) vcan0 100#0329000000000000
(1790000039.200000) vcan0 101#9C32000000000000
(1790000039.200000) vcan0 102#C800000000000000
(1790000039.200000) vcan0 110#0500000000000000
(1790000039.200000) vcan0 120#0300000000000000
(1790000039.200000) vcan0 121#0200000000000000
(1790000039.200000) vcan0 203#4300000000000000
(1790000039.220000) vcan0 100#0429000000000000
(1790000039.220000) vcan0 101#9E32000000000000
(1790000039.240000) vcan0 100#0429000000000000
(1790000039.240000) vcan0 101#A032000000000000
(1790000039.250000) vcan0 102#C800000000000000
(1790000039.260000) vcan0 100#0429000000000000
(1790000039.260000) vcan0 101#A032000000000000
(1790000039.280000) vcan0 100#0429000000000000
(1790000039.280000) vcan0 101#A032000000000000
(1790000039.300000) vcan0 100#0429000000000000
(1790000039.300000) vcan0 101#9E32000000000000
(1790000039.300000) vcan0 102#C800000000000000
(1790000039.300000) vcan0 110#0500000000000000
(1790000039.300000) vcan0 120#0300000000000000
(1790000039.300000) vcan0 203#4300000000000000
(1790000039.320000) vcan0 100#0329000000000000
(1790000039.320000) vcan0 101#9C32000000000000
(1790000039.340000) vcan0 100#0229000000000000
(1790000039.340000) vcan0 101#9832000000000000
(1790000039.350000) vcan0 102#C800000000000000
(1790000039.360000) vcan0 100#0129000000000000
(1790000039.360000) vcan0 101#9432000000000000
(1790000039.380000) vcan0 100#0029000000000000
(1790000039.380000) vcan0 101#8F32000000000000
(1790000039.400000) vcan0 100#FF28000000000000
(1790000039.400000) vcan0 101#8832000000000000
(1790000039.400000) vcan0 102#C800000000000000
(1790000039.400000) vcan0 110#0500000000000000
(1790000039.400000) vcan0 120#0300000000000000
(1790000039.400000) vcan0 121#0200000000000000
(1790000039.400000) vcan0 203#4300000000000000
(1790000039.420000) vcan0 100#FE28000000000000
(1790000039.420000) vcan0 101#8132000000000000
(1790000039.440000) vcan0 100#FC28000000000000
(1790000039.440000) vcan0 101#7932000000000000
(1790000039.450000) vcan0 102#C800000000000000
(1790000039.460000) vcan0 100#FA28000000000000
(1790000039.460000) vcan0 101#7032000000000000
(1790000039.480000) vcan0 100#F828000000000000
(1790000039.480000) vcan0 101#6632000000000000
(1790000039.500000) vcan0 100#F628000000000000
(1790000039.500000) vcan0 101#5B32000000000000
(1790000039.500000) vcan0 102#C800000000000000
(1790000039.500000) vcan0 110#0500000000000000
(1790000039.500000) vcan0 120#0300000000000000
(1790000039.500000) vcan0 200#8000000000000000
(1790000039.500000) vcan0 201#8400000000000000
(1790000039.500000) vcan0 203#4300000000000000
(1790000039.500000) vcan0 210#8E00000000000000
(1790000039.520000) vcan0 100#F328000000000000
(1790000039.520000) vcan0 101#4F32000000000000
(1790000039.540000) vcan0 100#F128000000000000
(1790000039.540000) vcan0 101#4232000000000000
(1790000039.550000) vcan0 102#C800000000000000
(1790000039.560000) vcan0 100#EE28000000000000
(1790000039.560000) vcan0 101#3532000000000000
(1790000039.580000) vcan0 100#EB28000000000000
(1790000039.580000) vcan0 101#2632000000000000
(1790000039.600000) vcan0 100#E728000000000000
(1790000039.600000) vcan0 101#1732000000000000
(1790000039.600000) vcan0 102#C800000000000000
(1790000039.600000) vcan0 110#0500000000000000
(1790000039.600000) vcan0 120#0300000000000000
(1790000039.600000) vcan0 121#0200000000000000
(1790000039.600000) vcan0 203#4300000000000000
(1790000039.620000) vcan0 100#E428000000000000
(1790000039.620000) vcan0 101#0632000000000000
(1790000039.640000) vcan0 100#E028000000000000
(1790000039.640000) vcan0 101#F531000000000000
(1790000039.650000) vcan0 102#C800000000000000
(1790000039.660000) vcan0 100#DD28000000000000
(1790000039.660000) vcan0 101#E231000000000000
(1790000039.680000) vcan0 100#D928000000000000
(1790000039.680000) vcan0 101#CF31000000000000
(1790000039.700000) vcan0 100#D428000000000000
(1790000039.700000) vcan0 101#BB31000000000000
(1790000039.700000) vcan0 102#C800000000000000
(1790000039.700000) vcan0 110#0500000000000000
(1790000039.700000) vcan0 120#0300000000000000
(1790000039.700000) vcan0 203#4200000000000000
(1790000039.720000) vcan0 100#D028000000000000
(1790000039.720000) vcan0 101#A631000000000000
(1790000039.740000) vcan0 100#CB28000000000000
(1790000039.740000) vcan0 101#9131000000000000
(1790000039.750000) vcan0 102#C800000000000000
(1790000039.760000) vcan0 100#C728000000000000
(1790000039.760000) vcan0 101#7A31000000000000
(1790000039.780000) vcan0 100#C228000000000000
(1790000039.780000) vcan0 101#6331000000000000
(1790000039.800000) vcan0 100#BD28000000000000
(1790000039.800000) vcan0 101#4A31000000000000
(1790000039.800000) vcan0 102#C800000000000000
(1790000039.800000) vcan0 110#0500000000000000
(1790000039.800000) vcan0 120#0300000000000000
(1790000039.800000) vcan0 121#0200000000000000
(1790000039.800000) vcan0 203#4200000000000000
(1790000039.820000) vcan0 100#B828000000000000
(1790000039.820000) vcan0 101#3131000000000000
(1790000039.840000) vcan0 100#B228000000000000
(1790000039.840000) vcan0 101#1731000000000000
(1790000039.850000) vcan0 102#C800000000000000
(1790000039.860000) vcan0 100#AD28000000000000
(1790000039.860000) vcan0 101#FD30000000000000
(1790000039.880000) vcan0 100#A728000000000000
(1790000039.880000) vcan0 101#E130000000000000
(1790000039.900000) vcan0 100#A128000000000000
(1790000039.900000) vcan0 101#C530000000000000
(1790000039.900000) vcan0 102#C800000000000000
(1790000039.900000) vcan0 110#0500000000000000
(1790000039.900000) vcan0 120#0300000000000000
(1790000039.900000) vcan0 203#4200000000000000
(1790000039.920000) vcan0 100#9B28000000000000
(1790000039.920000) vcan0 101#A830000000000000
(1790000039.940000) vcan0 100#9528000000000000
(1790000039.940000) vcan0 101#8A30000000000000
(1790000039.950000) vcan0 102#C800000000000000
(1790000039.960000) vcan0 100#8E28000000000000
(1790000039.960000) vcan0 101#6B30000000000000
(1790000039.980000) vcan0 100#8828000000000000
(1790000039.980000) vcan0 101#4C30000000000000
(1790000040.000000) vcan0 100#8128000000000000
(1790000040.000000) vcan0 101#2C30000000000000
(1790000040.000000) vcan0 102#C800000000000000
(1790000040.000000) vcan0 110#0500000000000000
(1790000040.000000) vcan0 120#0300000000000000
(1790000040.000000) vcan0 121#0200000000000000
(1790000040.000000) vcan0 200#8000000000000000
(1790000040.000000) vcan0 201#8400000000000000
(1790000040.000000) vcan0 202#7C00000000000000
(1790000040.000000) vcan0 203#4100000000000000
(1790000040.000000) vcan0 210#8E00000000000000
(1790000040.000000) vcan0 220#7C00000000000000
(1790000040.000000) vcan0 221#B501000000000000
(1790000040.000000) vcan0 222#4E00000000000000
(1790000040.000000) vcan0 230#9C991C0000000000
(1790000040.000000) vcan0 231#BD01000000000000
(1790000040.000000) vcan0 232#0019000000000000
(1790000040.000000) vcan0 240#7300000000000000
(1790000040.000000) vcan0 241#7300000000000000
(1790000040.000000) vcan0 242#6E00000000000000
(1790000040.000000) vcan0 243#6E00000000000000
(1790000040.000000) vcan0 18FF0100#7000000000000000
(1790000040.020000) vcan0 100#7A28000000000000
(1790000040.020000) vcan0 101#0B30000000000000
(1790000040.040000) vcan0 100#7328000000000000
(1790000040.040000) vcan0 101#EA2F000000000000
(1790000040.050000) vcan0 102#C800000000000000
(1790000040.060000) vcan0 100#6C28000000000000
(1790000040.060000) vcan0 101#C82F000000000000
(1790000040.080000) vcan0 100#6528000000000000
(1790000040.080000) vcan0 101#A52F000000000000
(1790000040.100000) vcan0 100#5E28000000000000
(1790000040.100000) vcan0 101#822F000000000000
(1790000040.100000) vcan0 102#C800000000000000
(1790000040.100000) vcan0 110#0500000000000000
(1790000040.100000) vcan0 120#0300000000000000
(1790000040.100000) vcan0 203#4100000000000000
(1790000040.120000) vcan0 100#5628000000000000
(1790000040.120000) vcan0 101#5E2F000000000000
(1790000040.140000) vcan0 100#4F28000000000000
(1790000040.140000) vcan0 101#392F000000000000
(1790000040.150000) vcan0 102#C800000000000000
(1790000040.160000) vcan0 100#4728000000000000
(1790000040.160000) vcan0 101#142F000000000000
(1790000040.180000) vcan0 100#3F28000000000000
(1790000040.180000) vcan0 101#EE2E000000000000
(1790000040.200000) vcan0 100#3728000000000000
(1790000040.200000) vcan0 101#C72E000000000000
(1790000040.200000) vcan0 102#C800000000000000
(1790000040.200000) vcan0 110#0500000000000000
(1790000040.200000) vcan0 120#0300000000000000
(1790000040.200000) vcan0 121#0200000000000000
(1790000040.200000) vcan0 203#4000000000000000
(1790000040.220000) vcan0 100#2F28000000000000
(1790000040.220000) vcan0 101#A02E000000000000
(1790000040.240000) vcan0 100#2628000000000000
(1790000040.240000) vcan0 101#792E000000000000
(1790000040.250000) vcan0 102#C800000000000000
(1790000040.260000) vcan0 100#1E28000000000000
(1790000040.260000) vcan0 101#512E000000000000
(1790000040.280000) vcan0 100#1628000000000000
(1790000040.280000) vcan0 101#282E000000000000
(1790000040.300000) vcan0 100#0D28000000000000
(1790000040.300000) vcan0 101#FF2D000000000000
(1790000040.300000) vcan0 102#C800000000000000
(1790000040.300000) vcan0 110#0500000000000000
(1790000040.300000) vcan0 120#0300000000000000
(1790000040.300000) vcan0 203#3F00000000000000
(1790000040.320000) vcan0 100#0428000000000000
(1790000040.320000) vcan0 101#D52D000000000000
(1790000040.340000) vcan0 100#FC27000000000000
(1790000040.340000) vcan0 101#AB2D000000000000
(1790000040.350000) vcan0 102#C800000000000000
(1790000040.360000) vcan0 100#F327000000000000
(1790000040.360000) vcan0 101#802D000000000000
(1790000040.380000) vcan0 100#EA27000000000000
(1790000040.380000) vcan0 101#552D000000000000
(1790000040.400000) vcan0 100#E127000000000000
(1790000040.400000) vcan0 101#2A2D000000000000
(1790000040.400000) vcan0 102#C800000000000000
(1790000040.400000) vcan0 110#0500000000000000
(1790000040.400000) vcan0 120#0300000000000000
(1790000040.400000) vcan0 121#0200000000000000
(1790000040.400000) vcan0 203#3F00000000000000
(1790000040.420000) vcan0 100#D827000000000000
(1790000040.420000) vcan0 101#FE2C000000000000
(1790000040.440000) vcan0 100#CE27000000000000
(1790000040.440000) vcan0 101#D22C000000000000
(1790000040.450000) vcan0 102#C800000000000000
(1790000040.460000) vcan0 100#C527000000000000
(1790000040.460000) vcan0 101#A52C000000000000
(1790000040.480000) vcan0 100#BC27000000000000
(1790000040.480000) vcan0 101#792C000000000000
(1790000040.500000) vcan0 100#B227000000000000
(1790000040.500000) vcan0 101#4B2C000000000000
(1790000040.500000) vcan0 102#C800000000000000
(1790000040.500000) vcan0 110#0500000000000000
(1790000040.500000) vcan0 120#0300000000000000
(1790000040.500000) vcan0 200#8000000000000000
(1790000040.500000) vcan0 201#8400000000000000
(1790000040.500000) vcan0 203#3E00000000000000
(1790000040.500000) vcan0 210#8E00000000000000
(1790000040.520000) vcan0 100#A927000000000000
(1790000040.520000) vcan0 101#1E2C000000000000
(1790000040.540000) vcan0 100#9F27000000000000
(1790000040.540000) vcan0 101#F02B000000000000
(1790000040.550000) vcan0 102#C800000000000000
(1790000040.560000) vcan0 100#9627000000000000
(1790000040.560000) vcan0 101#C22B000000000000
(1790000040.580000) vcan0 100#8C27000000000000
(1790000040.580000) vcan0 101#932B000000000000
(1790000040.600000) vcan0 100#8227000000000000
(1790000040.600000) vcan0 101#652B000000000000
(1790000040.600000) vcan0 102#C800000000000000
(1790000040.600000) vcan0 110#0500000000000000
(1790000040.600000) vcan0 120#0300000000000000
(1790000040.600000) vcan0 121#0200000000000000
(1790000040.600000) vcan0 203#3D00000000000000
(1790000040.620000) vcan0 100#7927000000000000
(1790000040.620000) vcan0 101#362B000000000000
(1790000040.640000) vcan0 100#6F27000000000000
(1790000040.640000) vcan0 101#072B000000000000
(1790000040.650000) vcan0 102#C800000000000000
(1790000040.660000) vcan0 100#6527000000000000
(1790000040.660000) vcan0 101#D82A000000000000
(1790000040.680000) vcan0 100#5B27000000000000
(1790000040.680000) vcan0 101#A82A000000000000
(1790000040.700000) vcan0 100#5127000000000000
(1790000040.700000) vcan0 101#792A000000000000
(1790000040.700000) vcan0 102#C800000000000000
(1790000040.700000) vcan0 110#0500000000000000
(1790000040.700000) vcan0 120#0300000000000000
(1790000040.700000) vcan0 203#3C00000000000000
(1790000040.720000) vcan0 100#4727000000000000
(1790000040.720000) vcan0 101#492A000000000000
(1790000040.740000) vcan0 100#3D27000000000000
(1790000040.740000) vcan0 101#192A000000000000
(1790000040.750000) vcan0 102#C800000000000000
(1790000040.760000) vcan0 100#3327000000000000
(1790000040.760000) vcan0 101#EA29000000000000
(1790000040.780000) vcan0 100#2927000000000000
(1790000040.780000) vcan0 101#BA29000000000000
(1790000040.800000) vcan0 100#1F27000000000000
(1790000040.800000) vcan0 101#8A29000000000000
(1790000040.800000) vcan0 102#C800000000000000
(1790000040.800000) vcan0 110#0500000000000000
(1790000040.800000) vcan0 120#0300000000000000
(1790000040.800000) vcan0 121#0200000000000000
(1790000040.800000) vcan0 203#3B00000000000000
(1790000040.820000) vcan0 100#1527000000000000
(1790000040.820000) vcan0 101#5A29000000000000
(1790000040.840000) vcan0 100#0B27000000000000
(1790000040.840000) vcan0 101#2A29000000000000
(1790000040.850000) vcan0 102#C800000000000000
(1790000040.860000) vcan0 100#0127000000000000
(1790000040.860000) vcan0 101#FA28000000000000
(1790000040.880000) vcan0 100#F726000000000000
(1790000040.880000) vcan0 101#CA28000000000000
(1790000040.900000) vcan0 100#ED26000000000000
(1790000040.900000) vcan0 101#9A28000000000000
(1790000040.900000) vcan0 102#C800000000000000
(1790000040.900000) vcan0 110#0500000000000000
(1790000040.900000) vcan0 120#0300000000000000
(1790000040.900000) vcan0 203#3B00000000000000
(1790000040.920000) vcan0 100#E326000000000000
(1790000040.920000) vcan0 101#6A28000000000000
(1790000040.940000) vcan0 100#D926000000000000
(1790000040.940000) vcan0 101#3A28000000000000
(1790000040.950000) vcan0 102#C800000000000000
(1790000040.960000) vcan0 100#D026000000000000
(1790000040.960000) vcan0 101#0B28000000000000
(1790000040.980000) vcan0 100#C626000000000000
(1790000040.980000) vcan0 101#DB27000000000000
(1790000041.000000) vcan0 100#BC26000000000000
(1790000041.000000) vcan0 101#AC27000000000000
(1790000041.000000) vcan0 102#C800000000000000
(1790000041.000000) vcan0 110#0500000000000000
(1790000041.000000) vcan0 120#0300000000000000
(1790000041.000000) vcan0 121#0200000000000000
(1790000041.000000) vcan0 200#8000000000000000
(1790000041.000000) vcan0 201#8400000000000000
(1790000041.000000) vcan0 202#7C00000000000000
(1790000041.000000) vcan0 203#3A00000000000000
(1790000041.000000) vcan0 210#8E00000000000000
(1790000041.000000) vcan0 220#7C00000000000000
(1790000041.000000) vcan0 221#B501000000000000
(1790000041.000000) vcan0 222#4E00000000000000
(1790000041.000000) vcan0 230#9C991C0000000000
(1790000041.000000) vcan0 231#BD01000000000000
(1790000041.000000) vcan0 232#0019000000000000
(1790000041.000000) vcan0 240#7300000000000000
(1790000041.000000) vcan0 241#7300000000000000
(1790000041.000000) vcan0 242#6E00000000000000
(1790000041.000000) vcan0 243#6E00000000000000
(1790000041.000000) vcan0 18FF0100#7000000000000000
(1790000041.020000) vcan0 100#B226000000000000
(1790000041.020000) vcan0 101#7C27000000000000
(1790000041.040000) vcan0 100#A826000000000000
(1790000041.040000) vcan0 101#4D27000000000000
(1790000041.050000) vcan0 102#C800000000000000
(1790000041.060000) vcan0 100#9E26000000000000
(1790000041.060000) vcan0 101#1F27000000000000
(1790000041.080000) vcan0 100#9526000000000000
(1790000041.080000) vcan0 101#F026000000000000
(1790000041.100000) vcan0 100#8B26000000000000
(1790000041.100000) vcan0 101#C126000000000000
(1790000041.100000) vcan0 102#C800000000000000
(1790000041.100000) vcan0 110#0500000000000000
(1790000041.100000) vcan0 120#0300000000000000
(1790000041.100000) vcan0 203#3900000000000000
(1790000041.120000) vcan0 100#8126000000000000
(1790000041.120000) vcan0 101#9326000000000000
(1790000041.140000) vcan0 100#7826000000000000
(1790000041.140000) vcan0 101#6526000000000000
(1790000041.150000) vcan0 102#C800000000000000
(1790000041.160000) vcan0 100#6E26000000000000
(1790000041.160000) vcan0 101#3826000000000000
(1790000041.180000) vcan0 100#6526000000000000
(1790000041.180000) vcan0 101#0B26000000000000
(1790000041.200000) vcan0 100#5C26000000000000
(1790000041.200000) vcan0 101#DE25000000000000
(1790000041.200000) vcan0 102#C800000000000000
(1790000041.200000) vcan0 110#0500000000000000
(1790000041.200000) vcan0 120#0300000000000000
(1790000041.200000) vcan0 121#0200000000000000
(1790000041.200000) vcan0 203#3800000000000000
(1790000041.220000) vcan0 100#5226000000000000
(1790000041.220000) vcan0 101#B125000000000000
(1790000041.240000) vcan0 100#4926000000000000
(1790000041.240000) vcan0 101#8525000000000000
(1790000041.250000) vcan0 102#C800000000000000
(1790000041.260000) vcan0 100#4026000000000000
(1790000041.260000) vcan0 101#5925000000000000
(1790000041.280000) vcan0 100#3726000000000000
(1790000041.280000) vcan0 101#2E25000000000000
(1790000041.300000) vcan0 100#2E26000000000000
(1790000041.300000) vcan0 101#0325000000000000
(1790000041.300000) vcan0 102#C800000000000000
(1790000041.300000) vcan0 110#0500000000000000
(1790000041.300000) vcan0 120#0300000000000000
(1790000041.300000) vcan0 203#3800000000000000
(1790000041.320000) vcan0 100#2526000000000000
(1790000041.320000) vcan0 101#D824000000000000
(1790000041.340000) vcan0 100#1C26000000000000
(1790000041.340000) vcan0 101#AE24000000000000
(1790000041.350000) vcan0 102#C800000000000000
(1790000041.360000) vcan0 100#1426000000000000
(1790000041.360000) vcan0 101#8424000000000000
(1790000041.380000) vcan0 100#0B26000000000000
(1790000041.380000) vcan0 101#5B24000000000000
(1790000041.400000) vcan0 100#0226000000000000
(1790000041.400000) vcan0 101#3224000000000000
(1790000041.400000) vcan0 102#C800000000000000
(1790000041.400000) vcan0 110#0500000000000000
(1790000041.400000) vcan0 120#0300000000000000
(1790000041.400000) vcan0 121#0200000000000000
(1790000041.400000) vcan0 203#3700000000000000
(1790000041.420000) vcan0 100#FA25000000000000
(1790000041.420000) vcan0 101#0A24000000000000
(1790000041.440000) vcan0 100#F225000000000000
(1790000041.440000) vcan0 101#E323000000000000
(1790000041.450000) vcan0 102#C800000000000000
(1790000041.460000) vcan0 100#EA25000000000000
(1790000041.460000) vcan0 101#BB23000000000000
(1790000041.480000) vcan0 100#E225000000000000
(1790000041.480000) vcan0 101#9523000000000000
(1790000041.500000) vcan0 100#DA25000000000000
(1790000041.500000) vcan0 101#6F23000000000000
(1790000041.500000) vcan0 102#C800000000000000
(1790000041.500000) vcan0 110#0500000000000000
(1790000041.500000) vcan0 120#0300000000000000
(1790000041.500000) vcan0 200#8000000000000000
(1790000041.500000) vcan0 201#8400000000000000
(1790000041.500000) vcan0 203#3600000000000000
(1790000041.500000) vcan0 210#8E00000000000000
(1790000041.520000) vcan0 100#D225000000000000
(1790000041.520000) vcan0 101#4A23000000000000
(1790000041.540000) vcan0 100#CA25000000000000
(1790000041.540000) vcan0 101#2523000000000000
(1790000041.550000) vcan0 102#C800000000000000
(1790000041.560000) vcan0 100#C325000000000000
(1790000041.560000) vcan0 101#0123000000000000
(1790000041.580000) vcan0 100#BB25000000000000
(1790000041.580000) vcan0 101#DD22000000000000
(1790000041.600000) vcan0 100#B425000000000000
(1790000041.600000) vcan0 101#BA22000000000000
(1790000041.600000) vcan0 102#C800000000000000
(1790000041.600000) vcan0 110#0500000000000000
(1790000041.600000) vcan0 120#0300000000000000
(1790000041.600000) vcan0 121#0200000000000000
(1790000041.600000) vcan0 203#3600000000000000
(1790000041.620000) vcan0 100#AD25000000000000
(1790000041.620000) vcan0 101#9822000000000000
(1790000041.640000) vcan0 100#A625000000000000
(1790000041.640000) vcan0 101#7722000000000000
(1790000041.650000) vcan0 102#C800000000000000
(1790000041.660000) vcan0 100#9F25000000000000
(1790000041.660000) vcan0 101#5622000000000000
(1790000041.680000) vcan0 100#9925000000000000
(1790000041.680000) vcan0 101#3622000000000000
(1790000041.700000) vcan0 100#9225000000000000
(1790000041.700000) vcan0 101#1722000000000000
(1790000041.700000) vcan0 102#C800000000000000
(1790000041.700000) vcan0 110#0500000000000000
(1790000041.700000) vcan0 120#0300000000000000
(1790000041.700000) vcan0 203#3500000000000000
(1790000041.720000) vcan0 100#8C25000000000000
(1790000041.720000) vcan0 101#F821000000000000
(1790000041.740000) vcan0 100#8525000000000000
(1790000041.740000) vcan0 101#DA21000000000000
(1790000041.750000) vcan0 102#C800000000000000
(1790000041.760000) vcan0 100#7F25000000000000
(1790000041.760000) vcan0 101#BD21000000000000
(1790000041.780000) vcan0 100#7925000000000000
(1790000041.780000) vcan0 101#A121000000000000
(1790000041.800000) vcan0 100#7425000000000000
(1790000041.800000) vcan0 101#8521000000000000
(1790000041.800000) vcan0 102#C800000000000000
(1790000041.800000) vcan0 110#0500000000000000
(1790000041.800000) vcan0 120#0300000000000000
(1790000041.800000) vcan0 121#0200000000000000
(1790000041.800000) vcan0 203#3500000000000000
(1790000041.820000) vcan0 100#6E25000000000000
(1790000041.820000) vcan0 101#6A21000000000000
(1790000041.840000) vcan0 100#6925000000000000
(1790000041.840000) vcan0 101#5121000000000000
(1790000041.850000) vcan0 102#C800000000000000
(1790000041.860000) vcan0 100#6425000000000000
(1790000041.860000) vcan0 101#3721000000000000
(1790000041.880000) vcan0 100#5E25000000000000
(1790000041.880000) vcan0 101#1F21000000000000
(1790000041.900000) vcan0 100#5A25000000000000
(1790000041.900000) vcan0 101#0821000000000000
(1790000041.900000) vcan0 102#C800000000000000
(1790000041.900000) vcan0 110#0500000000000000
(1790000041.900000) vcan0 120#0300000000000000
(1790000041.900000) vcan0 203#3400000000000000
(1790000041.920000) vcan0 100#5525000000000000
(1790000041.920000) vcan0 101#F120000000000000
(1790000041.940000) vcan0 100#5025000000000000
(1790000041.940000) vcan0 101#DB20000000000000
(1790000041.950000) vcan0 102#C800000000000000
(1790000041.960000) vcan0 100#4C25000000000000
(1790000041.960000) vcan0 101#C620000000000000
(1790000041.980000) vcan0 100#4825000000000000
(1790000041.980000) vcan0 101#B220000000000000
(1790000042.000000) vcan0 100#4425000000000000
(1790000042.000000) vcan0 101#9F20000000000000
(1790000042.000000) vcan0 102#C800000000000000
(1790000042.000000) vcan0 110#0500000000000000
(1790000042.000000) vcan0 120#0300000000000000
(1790000042.000000) vcan0 121#0200000000000000
(1790000042.000000) vcan0 200#8000000000000000
(1790000042.000000) vcan0 201#8400000000000000
(1790000042.000000) vcan0 202#7C00000000000000
(1790000042.000000) vcan0 203#3400000000000000
(1790000042.000000) vcan0 210#8E00000000000000
(1790000042.000000) vcan0 220#7C00000000000000
(1790000042.000000) vcan0 221#B501000000000000
(1790000042.000000) vcan0 222#4E00000000000000
(1790000042.000000) vcan0 230#9C991C0000000000
(1790000042.000000) vcan0 231#BD01000000000000
(1790000042.000000) vcan0 232#0019000000000000
(1790000042.000000) vcan0 240#7300000000000000
(1790000042.000000) vcan0 241#7300000000000000
(1790000042.000000) vcan0 242#6E00000000000000
(1790000042.000000) vcan0 243#6E00000000000000
(1790000042.000000) vcan0 18FF0100#7000000000000000
(1790000042.020000) vcan0 100#4025000000000000
(1790000042.020000) vcan0 101#8D20000000000000
(1790000042.040000) vcan0 100#3C25000000000000
(1790000042.040000) vcan0 101#7B20000000000000
(1790000042.050000) vcan0 102#C800000000000000
(1790000042.060000) vcan0 100#3925000000000000
(1790000042.060000) vcan0 101#6B20000000000000
(1790000042.080000) vcan0 100#3625000000000000
(1790000042.080000) vcan0 101#5B20000000000000
(1790000042.100000) vcan0 100#3325000000000000
(1790000042.100000) vcan0 101#4C20000000000000
(1790000042.100000) vcan0 102#C800000000000000
(1790000042.100000) vcan0 110#0500000000000000
(1790000042.100000) vcan0 120#0300000000000000
(1790000042.100000) vcan0 203#3400000000000000
(1790000042.120000) vcan0 100#3025000000000000
(1790000042.120000) vcan0 101#3E20000000000000
(1790000042.140000) vcan0 100#2D25000000000000
(1790000042.140000) vcan0 101#3220000000000000
(1790000042.150000) vcan0 102#C800000000000000
(1790000042.160000) vcan0 100#2B25000000000000
(1790000042.160000) vcan0 101#2620000000000000
(1790000042.180000) vcan0 100#2825000000000000
(1790000042.180000) vcan0 101#1B20000000000000
(1790000042.200000) vcan0 100#2625000000000000
(1790000042.200000) vcan0 101#1120000000000000
(1790000042.200000) vcan0 102#C800000000000000
(1790000042.200000) vcan0 110#0500000000000000
(1790000042.200000) vcan0 120#0300000000000000
(1790000042.200000) vcan0 121#0200000000000000
(1790000042.200000) vcan0 203#3300000000000000
(1790000042.220000) vcan0 100#2425000000000000
(1790000042.220000) vcan0 101#0720000000000000
(1790000042.240000) vcan0 100#2325000000000000
(1790000042.240000) vcan0 101#FF1F000000000000
(1790000042.250000) vcan0 102#C800000000000000
(1790000042.260000) vcan0 100#2125000000000000
(1790000042.260000) vcan0 101#F81F000000000000
(1790000042.280000) vcan0 100#2025000000000000
(1790000042.280000) vcan0 101#F21F000000000000
(1790000042.300000) vcan0 100#1F25000000000000
(1790000042.300000) vcan0 101#EC1F000000000000
(1790000042.300000) vcan0 102#C800000000000000
(1790000042.300000) vcan0 110#0500000000000000
(1790000042.300000) vcan0 120#0300000000000000
(1790000042.300000) vcan0 203#3300000000000000
(1790000042.320000) vcan0 100#1E25000000000000
(1790000042.320000) vcan0 101#E81F000000000000
(1790000042.340000) vcan0 100#1D25000000000000
(1790000042.340000) vcan0 101#E51F000000000000
(1790000042.350000) vcan0 102#C800000000000000
(1790000042.360000) vcan0 100#1C25000000000000
(1790000042.360000) vcan0 101#E21F000000000000
(1790000042.380000) vcan0 100#1C25000000000000
(1790000042.380000) vcan0 101#E11F000000000000
(1790000042.400000) vcan0 100#1C25000000000000
(1790000042.400000) vcan0 101#E01F000000000000
(1790000042.400000) vcan0 102#C800000000000000
(1790000042.400000) vcan0 110#0500000000000000
(1790000042.400000) vcan0 120#0300000000000000
(1790000042.400000) vcan0 121#0200000000000000
(1790000042.400000) vcan0 203#3300000000000000
(1790000042.420000) vcan0 100#1C25000000000000
(1790000042.420000) vcan0 101#E01F000000000000
(1790000042.440000) vcan0 100#1C25000000000000
(1790000042.440000) vcan0 101#E21F000000000000
(1790000042.450000) vcan0 102#C800000000000000
(1790000042.460000) vcan0 100#1D25000000000000
(1790000042.460000) vcan0 101#E41F000000000000
(1790000042.480000) vcan0 100#1E25000000000000
(1790000042.480000) vcan0 101#E71F000000000000
(1790000042.500000) vcan0 100#1E25000000000000
(1790000042.500000) vcan0 101#EC1F000000000000
(1790000042.500000) vcan0 102#C800000000000000
(1790000042.500000) vcan0 110#0500000000000000
(1790000042.500000) vcan0 120#0300000000000000
(1790000042.500000) vcan0 200#8000000000000000
(1790000042.500000) vcan0 201#8400000000000000
(1790000042.500000) vcan0 203#3300000000000000
(1790000042.500000) vcan0 210#8E00000000000000
(1790000042.520000) vcan0 100#2025000000000000
(1790000042.520000) vcan0 101#F11F000000000000
(1790000042.540000) vcan0 100#2125000000000000
(1790000042.540000) vcan0 101#F71F000000000000
(1790000042.550000) vcan0 102#C800000000000000
(1790000042.560000) vcan0 100#2225000000000000
(1790000042.560000) vcan0 101#FE1F000000000000
(1790000042.580000) vcan0 100#2425000000000000
(1790000042.580000) vcan0 101#0620000000000000
(1790000042.600000) vcan0 100#2625000000000000
(1790000042.600000) vcan0 101#0F20000000000000
(1790000042.600000) vcan0 102#C800000000000000
(1790000042.600000) vcan0 110#0500000000000000
(1790000042.600000) vcan0 120#0300000000000000
(1790000042.600000) vcan0 121#0200000000000000
(1790000042.600000) vcan0 203#3300000000000000
(1790000042.620000) vcan0 100#2825000000000000
(1790000042.620000) vcan0 101#1920000000000000
(1790000042.640000) vcan0 100#2A25000000000000
(1790000042.640000) vcan0 101#2420000000000000
(1790000042.650000) vcan0 102#C800000000000000
(1790000042.660000) vcan0 100#2D25000000000000
(1790000042.660000) vcan0 101#3020000000000000
(1790000042.680000) vcan0 100#2F25000000000000
(1790000042.680000) vcan0 101#3C20000000000000
(1790000042.700000) vcan0 100#3225000000000000
(1790000042.700000) vcan0 101#4A20000000000000
(1790000042.700000) vcan0 102#C800000000000000
(1790000042.700000) vcan0 110#0500000000000000
(1790000042.700000) vcan0 120#0300000000000000
(1790000042.700000) vcan0 203#3400000000000000
(1790000042.720000) vcan0 100#3525000000000000
(1790000042.720000) vcan0 101#5920000000000000
(1790000042.740000) vcan0 100#3825000000000000
(1790000042.740000) vcan0 101#6820000000000000
(1790000042.750000) vcan0 102#C800000000000000
(1790000042.760000) vcan0 100#3C25000000000000
(1790000042.760000) vcan0 101#7920000000000000
(1790000042.780000) vcan0 100#3F25000000000000
(1790000042.780000) vcan0 101#8A20000000000000
(1790000042.800000) vcan0 100#4325000000000000
(1790000042.800000) vcan0 101#9C20000000000000
(1790000042.800000) vcan0 102#C800000000000000
(1790000042.800000) vcan0 110#0500000000000000
(1790000042.800000) vcan0 120#0300000000000000
(1790000042.800000) vcan0 121#0200000000000000
(1790000042.800000) vcan0 203#3400000000000000
(1790000042.820000) vcan0 100#4725000000000000
(1790000042.820000) vcan0 101#AF20000000000000
(1790000042.840000) vcan0 100#4B25000000000000
(1790000042.840000) vcan0 101#C320000000000000
(1790000042.850000) vcan0 102#C800000000000000
(1790000042.860000) vcan0 100#5025000000000000
(1790000042.860000) vcan0 101#D820000000000000
(1790000042.880000) vcan0 100#5425000000000000
(1790000042.880000) vcan0 101#EE20000000000000
(1790000042.900000) vcan0 100#5925000000000000
(1790000042.900000) vcan0 101#0421000000000000
(1790000042.900000) vcan0 102#C800000000000000
(1790000042.900000) vcan0 110#0500000000000000
(1790000042.900000) vcan0 120#0300000000000000
(1790000042.900000) vcan0 203#3400000000000000
(1790000042.920000) vcan0 100#5E25000000000000
(1790000042.920000) vcan0 101#1B21000000000000
(1790000042.940000) vcan0 100#6325000000000000
(1790000042.940000) vcan0 101#3421000000000000
(1790000042.950000) vcan0 102#C800000000000000
(1790000042.960000) vcan0 100#6825000000000000
(1790000042.960000) vcan0 101#4D21000000000000
(1790000042.980000) vcan0 100#6D25000000000000
(1790000042.980000) vcan0 101#6721000000000000
(1790000043.000000) vcan0 100#7325000000000000
(1790000043.000000) vcan0 101#8121000000000000
(1790000043.000000) vcan0 102#C800000000000000
(1790000043.000000) vcan0 110#0500000000000000
(1790000043.000000) vcan0 120#0300000000000000
(1790000043.000000) vcan0 121#0200000000000000
(1790000043.000000) vcan0 200#8000000000000000
(1790000043.000000) vcan0 201#8400000000000000
(1790000043.000000) vcan0 202#7C00000000000000
(1790000043.000000) vcan0 203#3500000000000000
(1790000043.000000) vcan0 210#8E00000000000000
(1790000043.000000) vcan0 220#7C00000000000000
(1790000043.000000) vcan0 221#B501000000000000
(1790000043.000000) vcan0 222#4E00000000000000
(1790000043.000000) vcan0 230#9C991C0000000000
(1790000043.000000) vcan0 231#BD01000000000000
(1790000043.000000) vcan0 232#0019000000000000
(1790000043.000000) vcan0 240#7300000000000000
(1790000043.000000) vcan0 241#7300000000000000
(1790000043.000000) vcan0 242#6E00000000000000
(1790000043.000000) vcan0 243#6E00000000000000
(1790000043.000000) vcan0 18FF0100#7000000000000000
(1790000043.020000) vcan0 100#7925000000000000
(1790000043.020000) vcan0 101#9D21000000000000
(1790000043.040000) vcan0 100#7F25000000000000
(1790000043.040000) vcan0 101#B921000000000000
(1790000043.050000) vcan0 102#C800000000000000
(1790000043.060000) vcan0 100#8525000000000000
(1790000043.060000) vcan0 101#D621000000000000
(1790000043.080000) vcan0 100#8B25000000000000
(1790000043.080000) vcan0 101#F421000000000000
(1790000043.100000) vcan0 100#9125000000000000
(1790000043.100000) vcan0 101#1222000000000000
(1790000043.100000) vcan0 102#C800000000000000
(1790000043.100000) vcan0 110#0500000000000000
(1790000043.100000) vcan0 120#0300000000000000
(1790000043.100000) vcan0 203#3500000000000000
(1790000043.120000) vcan0 100#9825000000000000
(1790000043.120000) vcan0 101#3122000000000000
(1790000043.140000) vcan0 100#9E25000000000000
(1790000043.140000) vcan0 101#5122000000000000
(1790000043.150000) vcan0 102#C800000000000000
(1790000043.160000) vcan0 100#A525000000000000
(1790000043.160000) vcan0 101#7222000000000000
(1790000043.180000) vcan0 100#AC25000000000000
(1790000043.180000) vcan0 101#9322000000000000
(1790000043.200000) vcan0 100#B325000000000000
(1790000043.200000) vcan0 101#B522000000000000
(1790000043.200000) vcan0 102#C800000000000000
(1790000043.200000) vcan0 110#0500000000000000
(1790000043.200000) vcan0 120#0300000000000000
(1790000043.200000) vcan0 121#0200000000000000
(1790000043.200000) vcan0 203#3600000000000000
(1790000043.220000) vcan0 100#BA25000000000000
(1790000043.220000) vcan0 101#D822000000000000
(1790000043.240000) vcan0 100#C225000000000000
(1790000043.240000) vcan0 101#FB22000000000000
(1790000043.250000) vcan0 102#C800000000000000
(1790000043.260000) vcan0 100#C925000000000000
(1790000043.260000) vcan0 101#1F23000000000000
(1790000043.280000) vcan0 100#D125000000000000
(1790000043.280000) vcan0 101#4423000000000000
(1790000043.300000) vcan0 100#D925000000000000
(1790000043.300000) vcan0 101#6923000000000000
(1790000043.300000) vcan0 102#C800000000000000
(1790000043.300000) vcan0 110#0500000000000000
(1790000043.300000) vcan0 120#0300000000000000
(1790000043.300000) vcan0 203#3600000000000000
(1790000043.320000) vcan0 100#E025000000000000
(1790000043.320000) vcan0 101#8F23000000000000
(1790000043.340000) vcan0 100#E925000000000000
(1790000043.340000) vcan0 101#B623000000000000
(1790000043.350000) vcan0 102#C800000000000000
(1790000043.360000) vcan0 100#F125000000000000
(1790000043.360000) vcan0 101#DD23000000000000
(1790000043.380000) vcan0 100#F925000000000000
(1790000043.380000) vcan0 101#0424000000000000
(1790000043.400000) vcan0 100#0126000000000000
(1790000043.400000) vcan0 101#2C24000000000000
(1790000043.400000) vcan0 102#C800000000000000
(1790000043.400000) vcan0 110#0500000000000000
(1790000043.400000) vcan0 120#0300000000000000
(1790000043.400000) vcan0 121#0200000000000000
(1790000043.400000) vcan0 203#3700000000000000
(1790000043.420000) vcan0 100#0A26000000000000
(1790000043.420000) vcan0 101#5524000000000000
(1790000043.440000) vcan0 100#1226000000000000
(1790000043.440000) vcan0 101#7E24000000000000
(1790000043.450000) vcan0 102#C800000000000000
(1790000043.460000) vcan0 100#1B26000000000000
(1790000043.460000) vcan0 101#A824000000000000
(1790000043.480000) vcan0 100#2426000000000000
(1790000043.480000) vcan0 101#D224000000000000
(1790000043.500000) vcan0 100#2D26000000000000
(1790000043.500000) vcan0 101#FC24000000000000
(1790000043.500000) vcan0 102#C800000000000000
(1790000043.500000) vcan0 110#0500000000000000
(1790000043.500000) vcan0 120#0300000000000000
(1790000043.500000) vcan0 200#8000000000000000
(1790000043.500000) vcan0 201#8400000000000000
(1790000043.500000) vcan0 203#3800000000000000
(1790000043.500000) vcan0 210#8E00000000000000
(1790000043.520000) vcan0 100#3526000000000000
(1790000043.520000) vcan0 101#2725000000000000
(1790000043.540000) vcan0 100#3F26000000000000
(1790000043.540000) vcan0 101#5325000000000000
(1790000043.550000) vcan0 102#C800000000000000
(1790000043.560000) vcan0 100#4826000000000000
(1790000043.560000) vcan0 101#7E25000000000000
(1790000043.580000) vcan0 100#5126000000000000
(1790000043.580000) vcan0 101#AA25000000000000
(1790000043.600000) vcan0 100#5A26000000000000
(1790000043.600000) vcan0 101#D725000000000000
(1790000043.600000) vcan0 102#C800000000000000
(1790000043.600000) vcan0 110#0500000000000000
(1790000043.600000) vcan0 120#0300000000000000
(1790000043.600000) vcan0 121#0200000000000000
(1790000043.600000) vcan0 203#3800000000000000
(1790000043.620000) vcan0 100#6326000000000000
(1790000043.620000) vcan0 101#0426000000000000
(1790000043.640000) vcan0 100#6D26000000000000
(1790000043.640000) vcan0 101#3126000000000000
(1790000043.650000) vcan0 102#C800000000000000
(1790000043.660000) vcan0 100#7626000000000000
(1790000043.660000) vcan0 101#5F26000000000000
(1790000043.680000) vcan0 100#8026000000000000
(1790000043.680000) vcan0 101#8C26000000000000
(1790000043.700000) vcan0 100#8A26000000000000
(1790000043.700000) vcan0 101#BB26000000000000
(1790000043.700000) vcan0 102#C800000000000000
(1790000043.700000) vcan0 110#0500000000000000
(1790000043.700000) vcan0 120#0300000000000000
(1790000043.700000) vcan0 203#3900000000000000
(1790000043.720000) vcan0 100#9326000000000000
(1790000043.720000) vcan0 101#E926000000000000
(1790000043.740000) vcan0 100#9D26000000000000
(1790000043.740000) vcan0 101#1727000000000000
(1790000043.750000) vcan0 102#C800000000000000
(1790000043.760000) vcan0 100#A726000000000000
(1790000043.760000) vcan0 101#4627000000000000
(1790000043.780000) vcan0 100#B026000000000000
(1790000043.780000) vcan0 101#7527000000000000
(1790000043.800000) vcan0 100#BA26000000000000
(1790000043.800000) vcan0 101#A527000000000000
(1790000043.800000) vcan0 102#C800000000000000
(1790000043.800000) vcan0 110#0500000000000000
(1790000043.800000) vcan0 120#0300000000000000
(1790000043.800000) vcan0 121#0200000000000000
(1790000043.800000) vcan0 203#3A00000000000000
(1790000043.820000) vcan0 100#C426000000000000
(1790000043.820000) vcan0 101#D427000000000000
(1790000043.840000) vcan0 100#CE26000000000000
(1790000043.840000) vcan0 101#0328000000000000
(1790000043.850000) vcan0 102#C800000000000000
(1790000043.860000) vcan0 100#D826000000000000
(1790000043.860000) vcan0 101#3328000000000000
(1790000043.880000) vcan0 100#E226000000000000
(1790000043.880000) vcan0 101#6328000000000000
(1790000043.900000) vcan0 100#EC26000000000000
(1790000043.900000) vcan0 101#9328000000000000
(1790000043.900000) vcan0 102#C800000000000000
(1790000043.900000) vcan0 110#0500000000000000
(1790000043.900000) vcan0 120#0300000000000000
(1790000043.900000) vcan0 203#3B00000000000000
(1790000043.920000) vcan0 100#F626000000000000
(1790000043.920000) vcan0 101#C328000000000000
(1790000043.940000) vcan0 100#0027000000000000
(1790000043.940000) vcan0 101#F328000000000000
(1790000043.950000) vcan0 102#C800000000000000
(1790000043.960000) vcan0 100#0A27000000000000
(1790000043.960000) vcan0 101#2229000000000000
(1790000043.980000) vcan0 100#1427000000000000
(1790000043.980000) vcan0 101#5229000000000000
(1790000044.000000) vcan0 100#1E27000000000000
(1790000044.000000) vcan0 101#8229000000000000
(1790000044.000000) vcan0 102#C800000000000000
(1790000044.000000) vcan0 110#0500000000000000
(1790000044.000000) vcan0 120#0300000000000000
(1790000044.000000) vcan0 121#0200000000000000
(1790000044.000000) vcan0 200#8000000000000000
(1790000044.000000) vcan0 201#8400000000000000
(1790000044.000000) vcan0 202#7C00000000000000
(1790000044.000000) vcan0 203#3B00000000000000
(1790000044.000000) vcan0 210#8E00000000000000
(1790000044.000000) vcan0 220#7C00000000000000
(1790000044.000000) vcan0 221#B501000000000000
(1790000044.000000) vcan0 222#4E00000000000000
(1790000044.000000) vcan0 230#9D991C0000000000
(1790000044.000000) vcan0 231#BE01000000000000
(1790000044.000000) vcan0 232#0019000000000000
(1790000044.000000) vcan0 240#7300000000000000
(1790000044.000000) vcan0 241#7300000000000000
(1790000044.000000) vcan0 242#6E00000000000000
(1790000044.000000) vcan0 243#6E00000000000000
(1790000044.000000) vcan0 18FF0100#7000000000000000
(1790000044.020000) vcan0 100#2827000000000000
(1790000044.020000) vcan0 101#B229000000000000
(1790000044.040000) vcan0 100#3227000000000000
(1790000044.040000) vcan0 101#E229000000000000
(1790000044.050000) vcan0 102#C800000000000000
(1790000044.060000) vcan0 100#3C27000000000000
(1790000044.060000) vcan0 101#122A000000000000
(1790000044.080000) vcan0 100#4627000000000000
(1790000044.080000) vcan0 101#422A000000000000
(1790000044.100000) vcan0 100#5027000000000000
(1790000044.100000) vcan0 101#722A000000000000
(1790000044.100000) vcan0 102#C800000000000000
(1790000044.100000) vcan0 110#0500000000000000
(1790000044.100000) vcan0 120#0300000000000000
(1790000044.100000) vcan0 203#3C00000000000000
(1790000044.120000) vcan0 100#5A27000000000000
(1790000044.120000) vcan0 101#A12A000000000000
(1790000044.140000) vcan0 100#6327000000000000
(1790000044.140000) vcan0 101#D12A000000000000
(1790000044.150000) vcan0 102#C800000000000000
(1790000044.160000) vcan0 100#6D27000000000000
(1790000044.160000) vcan0 101#002B000000000000
(1790000044.180000) vcan0 100#7727000000000000
(1790000044.180000) vcan0 101#2F2B000000000000
(1790000044.200000) vcan0 100#8127000000000000
(1790000044.200000) vcan0 101#5E2B000000000000
(1790000044.200000) vcan0 102#C800000000000000
(1790000044.200000) vcan0 110#0500000000000000
(1790000044.200000) vcan0 120#0300000000000000
(1790000044.200000) vcan0 121#0200000000000000
(1790000044.200000) vcan0 203#3D00000000000000
(1790000044.220000) vcan0 100#8B27000000000000
(1790000044.220000) vcan0 101#8C2B000000000000
(1790000044.240000) vcan0 100#9427000000000000
(1790000044.240000) vcan0 101#BB2B000000000000
(1790000044.250000) vcan0 102#C800000000000000
(1790000044.260000) vcan0 100#9E27000000000000
(1790000044.260000) vcan0 101#E92B000000000000
(1790000044.280000) vcan0 100#A727000000000000
(1790000044.280000) vcan0 101#172C000000000000
(1790000044.300000) vcan0 100#B127000000000000
(1790000044.300000) vcan0 101#442C000000000000
(1790000044.300000) vcan0 102#C800000000000000
(1790000044.300000) vcan0 110#0500000000000000
(1790000044.300000) vcan0 120#0300000000000000
(1790000044.300000) vcan0 203#3E00000000000000
(1790000044.320000) vcan0 100#BA27000000000000
(1790000044.320000) vcan0 101#722C000000000000
(1790000044.340000) vcan0 100#C427000000000000
(1790000044.340000) vcan0 101#9F2C000000000000
(1790000044.350000) vcan0 102#C800000000000000
(1790000044.360000) vcan0 100#CD27000000000000
(1790000044.360000) vcan0 101#CB2C000000000000
(1790000044.380000) vcan0 100#D627000000000000
(1790000044.380000) vcan0 101#F82C000000000000
(1790000044.400000) vcan0 100#DF27000000000000
(1790000044.400000) vcan0 101#232D000000000000
(1790000044.400000) vcan0 102#C800000000000000
(1790000044.400000) vcan0 110#0500000000000000
(1790000044.400000) vcan0 120#0300000000000000
(1790000044.400000) vcan0 121#0200000000000000
(1790000044.400000) vcan0 203#3F00000000000000
(1790000044.420000) vcan0 100#E827000000000000
(1790000044.420000) vcan0 101#4F2D000000000000
(1790000044.440000) vcan0 100#F127000000000000
(1790000044.440000) vcan0 101#7A2D000000000000
(1790000044.450000) vcan0 102#C800000000000000
(1790000044.460000) vcan0 100#FA27000000000000
(1790000044.460000) vcan0 101#A52D000000000000
(1790000044.480000) vcan0 100#0328000000000000
(1790000044.480000) vcan0 101#CF2D000000000000
(1790000044.500000) vcan0 100#0C28000000000000
(1790000044.500000) vcan0 101#F92D000000000000
(1790000044.500000) vcan0 102#C800000000000000
(1790000044.500000) vcan0 110#0500000000000000
(1790000044.500000) vcan0 120#0300000000000000
(1790000044.500000) vcan0 200#8000000000000000
(1790000044.500000) vcan0 201#8400000000000000
(1790000044.500000) vcan0 203#3F00000000000000
(1790000044.500000) vcan0 210#8E00000000000000
(1790000044.520000) vcan0 100#1428000000000000
(1790000044.520000) vcan0 101#222E000000000000
(1790000044.540000) vcan0 100#1D28000000000000
(1790000044.540000) vcan0 101#4A2E000000000000
(1790000044.550000) vcan0 102#C800000000000000
(1790000044.560000) vcan0 100#2528000000000000
(1790000044.560000) vcan0 101#732E000000000000
(1790000044.580000) vcan0 100#2D28000000000000
(1790000044.580000) vcan0 101#9A2E000000000000
(1790000044.600000) vcan0 100#3628000000000000
(1790000044.600000) vcan0 101#C12E000000000000
(1790000044.600000) vcan0 102#C800000000000000
(1790000044.600000) vcan0 110#0500000000000000
(1790000044.600000) vcan0 120#0300000000000000
(1790000044.600000) vcan0 121#0200000000000000
(1790000044.600000) vcan0 203#4000000000000000
(1790000044.620000) vcan0 100#3E28000000000000
(1790000044.620000) vcan0 101#E82E000000000000
(1790000044.640000) vcan0 100#4628000000000000
(1790000044.640000) vcan0 101#0E2F000000000000
(1790000044.650000) vcan0 102#C800000000000000
(1790000044.660000) vcan0 100#4D28000000000000
(1790000044.660000) vcan0 101#332F000000000000
(1790000044.680000) vcan0 100#5528000000000000
(1790000044.680000) vcan0 101#582F000000000000
(1790000044.700000) vcan0 100#5D28000000000000
(1790000044.700000) vcan0 101#7C2F000000000000
(1790000044.700000) vcan0 102#C800000000000000
(1790000044.700000) vcan0 110#0500000000000000
(1790000044.700000) vcan0 120#0300000000000000
(1790000044.700000) vcan0 203#4100000000000000
(1790000044.720000) vcan0 100#6428000000000000
(1790000044.720000) vcan0 101#A02F000000000000
(1790000044.740000) vcan0 100#6B28000000000000
(1790000044.740000) vcan0 101#C32F000000000000
(1790000044.750000) vcan0 102#C800000000000000
(1790000044.760000) vcan0 100#7228000000000000
(1790000044.760000) vcan0 101#E52F000000000000
(1790000044.780000) vcan0 100#7928000000000000
(1790000044.780000) vcan0 101#0630000000000000
(1790000044.800000) vcan0 100#8028000000000000
(1790000044.800000) vcan0 101#2730000000000000
(1790000044.800000) vcan0 102#C800000000000000
(1790000044.800000) vcan0 110#0500000000000000
(1790000044.800000) vcan0 120#0300000000000000
(1790000044.800000) vcan0 121#0200000000000000
(1790000044.800000) vcan0 203#4100000000000000
(1790000044.820000) vcan0 100#8728000000000000
(1790000044.820000) vcan0 101#4730000000000000
(1790000044.840000) vcan0 100#8D28000000000000
(1790000044.840000) vcan0 101#6730000000000000
(1790000044.850000) vcan0 102#C800000000000000
(1790000044.860000) vcan0 100#9428000000000000
(1790000044.860000) vcan0 101#8530000000000000
(1790000044.880000) vcan0 100#9A28000000000000
(1790000044.880000) vcan0 101#A330000000000000
(1790000044.900000) vcan0 100#A028000000000000
(1790000044.900000) vcan0 101#C130000000000000
(1790000044.900000) vcan0 102#C800000000000000
(1790000044.900000) vcan0 110#0500000000000000
(1790000044.900000) vcan0 120#0300000000000000
(1790000044.900000) vcan0 203#4200000000000000
(1790000044.920000) vcan0 100#A628000000000000
(1790000044.920000) vcan0 101#DD30000000000000
(1790000044.940000) vcan0 100#AC28000000000000
(1790000044.940000) vcan0 101#F930000000000000
(1790000044.950000) vcan0 102#C800000000000000
(1790000044.960000) vcan0 100#B128000000000000
(1790000044.960000) vcan0 101#1331000000000000
(1790000044.980000) vcan0 100#B728000000000000
(1790000044.980000) vcan0 101#2D31000000000000
(1790000045.000000) vcan0 100#0827000000000000
(1790000045.000000) vcan0 101#1829000000000000
(1790000045.000000) vcan0 102#C800000000000000
(1790000045.000000) vcan0 110#0500000000000000
(1790000045.000000) vcan0 120#0300000000000000
(1790000045.000000) vcan0 121#0200000000000000
(1790000045.000000) vcan0 200#8000000000000000
(1790000045.000000) vcan0 201#8400000000000000
(1790000045.000000) vcan0 202#7C00000000000000
(1790000045.000000) vcan0 203#3B00000000000000
(1790000045.000000) vcan0 210#8E00000000000000
(1790000045.000000) vcan0 220#7C00000000000000
(1790000045.000000) vcan0 221#B501000000000000
(1790000045.000000) vcan0 222#4E00000000000000
(1790000045.000000) vcan0 230#9D991C0000000000
(1790000045.000000) vcan0 231#BE01000000000000
(1790000045.000000) vcan0 232#0019000000000000
(1790000045.000000) vcan0 240#7300000000000000
(1790000045.000000) vcan0 241#7300000000000000
(1790000045.000000) vcan0 242#6E00000000000000
(1790000045.000000) vcan0 243#6E00000000000000
(1790000045.000000) vcan0 18FF0100#7000000000000000
(1790000045.020000) vcan0 100#F726000000000000
(1790000045.020000) vcan0 101#C828000000000000
(1790000045.040000) vcan0 100#E626000000000000
(1790000045.040000) vcan0 101#7828000000000000
(1790000045.050000) vcan0 102#C800000000000000
(1790000045.060000) vcan0 100#D626000000000000
(1790000045.060000) vcan0 101#2828000000000000
(1790000045.080000) vcan0 100#C526000000000000
(1790000045.080000) vcan0 101#D827000000000000
(1790000045.100000) vcan0 100#B426000000000000
(1790000045.100000) vcan0 101#8827000000000000
(1790000045.100000) vcan0 102#C800000000000000
(1790000045.100000) vcan0 110#0500000000000000
(1790000045.100000) vcan0 120#0300000000000000
(1790000045.100000) vcan0 203#3A00000000000000
(1790000045.120000) vcan0 100#A426000000000000
(1790000045.120000) vcan0 101#3827000000000000
(1790000045.140000) vcan0 100#9326000000000000
(1790000045.140000) vcan0 101#E826000000000000
(1790000045.150000) vcan0 102#C800000000000000
(1790000045.160000) vcan0 100#8226000000000000
(1790000045.160000) vcan0 101#9826000000000000
(1790000045.180000) vcan0 100#7226000000000000
(1790000045.180000) vcan0 101#4826000000000000
(1790000045.200000) vcan0 100#6126000000000000
(1790000045.200000) vcan0 101#F825000000000000
(1790000045.200000) vcan0 102#C800000000000000
(1790000045.200000) vcan0 110#0500000000000000
(1790000045.200000) vcan0 120#0300000000000000
(1790000045.200000) vcan0 121#0200000000000000
(1790000045.200000) vcan0 203#3800000000000000
(1790000045.220000) vcan0 100#5026000000000000
(1790000045.220000) vcan0 101#A825000000000000
(1790000045.240000) vcan0 100#4026000000000000
(1790000045.240000) vcan0 101#5825000000000000
(1790000045.250000) vcan0 102#C800000000000000
(1790000045.260000) vcan0 100#2F26000000000000
(1790000045.260000) vcan0 101#0825000000000000
(1790000045.280000) vcan0 100#1E26000000000000
(1790000045.280000) vcan0 101#B824000000000000
(1790000045.300000) vcan0 100#0E26000000000000
(1790000045.300000) vcan0 101#6824000000000000
(1790000045.300000) vcan0 102#C800000000000000
(1790000045.300000) vcan0 110#0500000000000000
(1790000045.300000) vcan0 120#0300000000000000
(1790000045.300000) vcan0 203#3700000000000000
(1790000045.320000) vcan0 100#FD25000000000000
(1790000045.320000) vcan0 101#1824000000000000
(1790000045.340000) vcan0 100#EC25000000000000
(1790000045.340000) vcan0 101#C823000000000000
(1790000045.350000) vcan0 102#C800000000000000
(1790000045.360000) vcan0 100#DC25000000000000
(1790000045.360000) vcan0 101#7823000000000000
(1790000045.380000) vcan0 100#CB25000000000000
(1790000045.380000) vcan0 101#2823000000000000
(1790000045.400000) vcan0 100#BA25000000000000
(1790000045.400000) vcan0 101#D822000000000000
(1790000045.400000) vcan0 102#C800000000000000
(1790000045.400000) vcan0 110#0500000000000000
(1790000045.400000) vcan0 120#0300000000000000
(1790000045.400000) vcan0 121#0200000000000000
(1790000045.400000) vcan0 203#3600000000000000
(1790000045.420000) vcan0 100#AA25000000000000
(1790000045.420000) vcan0 101#8822000000000000
(1790000045.440000) vcan0 100#9925000000000000
(1790000045.440000) vcan0 101#3822000000000000
(1790000045.450000) vcan0 102#C800000000000000
(1790000045.460000) vcan0 100#8825000000000000
(1790000045.460000) vcan0 101#E821000000000000
(1790000045.480000) vcan0 100#7825000000000000
(1790000045.480000) vcan0 101#9821000000000000
(1790000045.500000) vcan0 100#6725000000000000
(1790000045.500000) vcan0 101#4821000000000000
(1790000045.500000) vcan0 102#C800000000000000
(1790000045.500000) vcan0 110#0500000000000000
(1790000045.500000) vcan0 120#0300000000000000
(1790000045.500000) vcan0 200#8000000000000000
(1790000045.500000) vcan0 201#8400000000000000
(1790000045.500000) vcan0 203#3400000000000000
(1790000045.500000) vcan0 210#8E00000000000000
(1790000045.520000) vcan0 100#5625000000000000
(1790000045.520000) vcan0 101#F820000000000000
(1790000045.540000) vcan0 100#4625000000000000
(1790000045.540000) vcan0 101#A820000000000000
(1790000045.550000) vcan0 102#C800000000000000
(1790000045.560000) vcan0 100#3525000000000000
(1790000045.560000) vcan0 101#5820000000000000
(1790000045.580000) vcan0 100#2425000000000000
(1790000045.580000) vcan0 101#0820000000000000
(1790000045.600000) vcan0 100#1425000000000000
(1790000045.600000) vcan0 101#B81F000000000000
(1790000045.600000) vcan0 102#C800000000000000
(1790000045.600000) vcan0 110#0500000000000000
(1790000045.600000) vcan0 120#0300000000000000
(1790000045.600000) vcan0 121#0200000000000000
(1790000045.600000) vcan0 203#3300000000000000
(1790000045.620000) vcan0 100#0325000000000000
(1790000045.620000) vcan0 101#681F000000000000
(1790000045.640000) vcan0 100#F224000000000000
(1790000045.640000) vcan0 101#181F000000000000
(1790000045.650000) vcan0 102#C800000000000000
(1790000045.660000) vcan0 100#E224000000000000
(1790000045.660000) vcan0 101#C81E000000000000
(1790000045.680000) vcan0 100#D124000000000000
(1790000045.680000) vcan0 101#781E000000000000
(1790000045.700000) vcan0 100#C024000000000000
(1790000045.700000) vcan0 101#281E000000000000
(1790000045.700000) vcan0 102#C800000000000000
(1790000045.700000) vcan0 110#0500000000000000
(1790000045.700000) vcan0 120#0300000000000000
(1790000045.700000) vcan0 203#3200000000000000
(1790000045.720000) vcan0 100#B024000000000000
(1790000045.720000) vcan0 101#D81D000000000000
(1790000045.740000) vcan0 100#9F24000000000000
(1790000045.740000) vcan0 101#881D000000000000
(1790000045.750000) vcan0 102#C800000000000000
(1790000045.760000) vcan0 100#8E24000000000000
(1790000045.760000) vcan0 101#381D000000000000
(1790000045.780000) vcan0 100#7E24000000000000
(1790000045.780000) vcan0 101#E81C000000000000
(1790000045.800000) vcan0 100#6D24000000000000
(1790000045.800000) vcan0 101#981C000000000000
(1790000045.800000) vcan0 102#C800000000000000
(1790000045.800000) vcan0 110#0500000000000000
(1790000045.800000) vcan0 120#0300000000000000
(1790000045.800000) vcan0 121#0200000000000000
(1790000045.800000) vcan0 203#3000000000000000
(1790000045.820000) vcan0 100#5C24000000000000
(1790000045.820000) vcan0 101#481C000000000000
(1790000045.840000) vcan0 100#4C24000000000000
(1790000045.840000) vcan0 101#F81B000000000000
(1790000045.850000) vcan0 102#C800000000000000
(1790000045.860000) vcan0 100#3B24000000000000
(1790000045.860000) vcan0 101#A81B000000000000
(1790000045.880000) vcan0 100#2A24000000000000
(1790000045.880000) vcan0 101#581B000000000000
(1790000045.900000) vcan0 100#1A24000000000000
(1790000045.900000) vcan0 101#081B000000000000
(1790000045.900000) vcan0 102#C800000000000000
(1790000045.900000) vcan0 110#0500000000000000
(1790000045.900000) vcan0 120#0300000000000000
(1790000045.900000) vcan0 203#2F00000000000000
(1790000045.920000) vcan0 100#0924000000000000
(1790000045.920000) vcan0 101#B81A000000000000
(1790000045.940000) vcan0 100#F823000000000000
(1790000045.940000) vcan0 101#681A000000000000
(1790000045.950000) vcan0 102#C800000000000000
(1790000045.960000) vcan0 100#E823000000000000
(1790000045.960000) vcan0 101#181A000000000000
(1790000045.980000) vcan0 100#D723000000000000
(1790000045.980000) vcan0 101#C819000000000000
(1790000046.000000) vcan0 100#C623000000000000
(1790000046.000000) vcan0 101#7819000000000000
(1790000046.000000) vcan0 102#C800000000000000
(1790000046.000000) vcan0 110#0500000000000000
(1790000046.000000) vcan0 120#0300000000000000
(1790000046.000000) vcan0 121#0200000000000000
(1790000046.000000) vcan0 200#8000000000000000
(1790000046.000000) vcan0 201#8400000000000000
(1790000046.000000) vcan0 202#7C00000000000000
(1790000046.000000) vcan0 203#2E00000000000000
(1790000046.000000) vcan0 210#8E00000000000000
(1790000046.000000) vcan0 220#7C00000000000000
(1790000046.000000) vcan0 221#B501000000000000
(1790000046.000000) vcan0 222#4E00000000000000
(1790000046.000000) vcan0 230#9D991C0000000000
(1790000046.000000) vcan0 231#BE01000000000000
(1790000046.000000) vcan0 232#0019000000000000
(1790000046.000000) vcan0 240#7300000000000000
(1790000046.000000) vcan0 241#7300000000000000
(1790000046.000000) vcan0 242#6E00000000000000
(1790000046.000000) vcan0 243#6E00000000000000
(1790000046.000000) vcan0 18FF0100#7000000000000000
(1790000046.020000) vcan0 100#B623000000000000
(1790000046.020000) vcan0 101#2819000000000000
(1790000046.040000) vcan0 100#A523000000000000
(1790000046.040000) vcan0 101#D818000000000000
(1790000046.050000) vcan0 102#C800000000000000
(1790000046.060000) vcan0 100#9423000000000000
(1790000046.060000) vcan0 101#8818000000000000
(1790000046.080000) vcan0 100#8423000000000000
(1790000046.080000) vcan0 101#3818000000000000
(1790000046.100000) vcan0 100#7323000000000000
(1790000046.100000) vcan0 101#E817000000000000
(1790000046.100000) vcan0 102#C800000000000000
(1790000046.100000) vcan0 110#0500000000000000
(1790000046.100000) vcan0 120#0300000000000000
(1790000046.100000) vcan0 203#2C00000000000000
(1790000046.120000) vcan0 100#6223000000000000
(1790000046.120000) vcan0 101#9817000000000000
(1790000046.140000) vcan0 100#5223000000000000
(1790000046.140000) vcan0 101#4817000000000000
(1790000046.150000) vcan0 102#C800000000000000
(1790000046.160000) vcan0 100#4123000000000000
(1790000046.160000) vcan0 101#F816000000000000
(1790000046.180000) vcan0 100#3023000000000000
(1790000046.180000) vcan0 101#A816000000000000
(1790000046.200000) vcan0 100#2023000000000000
(1790000046.200000) vcan0 101#5816000000000000
(1790000046.200000) vcan0 102#C800000000000000
(1790000046.200000) vcan0 110#0500000000000000
(1790000046.200000) vcan0 120#0300000000000000
(1790000046.200000) vcan0 121#0200000000000000
(1790000046.200000) vcan0 203#2B00000000000000
(1790000046.220000) vcan0 100#0F23000000000000
(1790000046.220000) vcan0 101#0816000000000000
(1790000046.240000) vcan0 100#FE22000000000000
(1790000046.240000) vcan0 101#B815000000000000
(1790000046.250000) vcan0 102#C800000000000000
(1790000046.260000) vcan0 100#EE22000000000000
(1790000046.260000) vcan0 101#6815000000000000
(1790000046.280000) vcan0 100#DD22000000000000
(1790000046.280000) vcan0 101#1815000000000000
(1790000046.300000) vcan0 100#CC22000000000000
(1790000046.300000) vcan0 101#C814000000000000
(1790000046.300000) vcan0 102#C800000000000000
(1790000046.300000) vcan0 110#0500000000000000
(1790000046.300000) vcan0 120#0300000000000000
(1790000046.300000) vcan0 203#2A00000000000000
(1790000046.320000) vcan0 100#BC22000000000000
(1790000046.320000) vcan0 101#7814000000000000
(1790000046.340000) vcan0 100#AB22000000000000
(1790000046.340000) vcan0 101#2814000000000000
(1790000046.350000) vcan0 102#C800000000000000
(1790000046.360000) vcan0 100#9A22000000000000
(1790000046.360000) vcan0 101#D813000000000000
(1790000046.380000) vcan0 100#8A22000000000000
(1790000046.380000) vcan0 101#8813000000000000
(1790000046.400000) vcan0 100#7922000000000000
(1790000046.400000) vcan0 101#3813000000000000
(1790000046.400000) vcan0 102#C800000000000000
(1790000046.400000) vcan0 110#0500000000000000
(1790000046.400000) vcan0 120#0300000000000000
(1790000046.400000) vcan0 121#0200000000000000
(1790000046.400000) vcan0 203#2800000000000000
(1790000046.420000) vcan0 100#6822000000000000
(1790000046.420000) vcan0 101#E812000000000000
(1790000046.440000) vcan0 100#5822000000000000
(1790000046.440000) vcan0 101#D83B000000000000
(1790000046.450000) vcan0 102#C800000000000000
(1790000046.460000) vcan0 100#4722000000000000
(1790000046.460000) vcan0 101#883B000000000000
(1790000046.480000) vcan0 100#3622000000000000
(1790000046.480000) vcan0 101#383B000000000000
(1790000046.500000) vcan0 100#2622000000000000
(1790000046.500000) vcan0 101#E83A000000000000
(1790000046.500000) vcan0 102#C800000000000000
(1790000046.500000) vcan0 110#0400000000000000
(1790000046.500000) vcan0 120#0300000000000000
(1790000046.500000) vcan0 200#8000000000000000
(1790000046.500000) vcan0 201#8400000000000000
(1790000046.500000) vcan0 203#4A00000000000000
(1790000046.500000) vcan0 210#8E00000000000000
(1790000046.520000) vcan0 100#1522000000000000
(1790000046.520000) vcan0 101#983A000000000000
(1790000046.540000) vcan0 100#0422000000000000
(1790000046.540000) vcan0 101#483A000000000000
(1790000046.550000) vcan0 102#C800000000000000
(1790000046.560000) vcan0 100#F421000000000000
(1790000046.560000) vcan0 101#F839000000000000
(1790000046.580000) vcan0 100#E321000000000000
(1790000046.580000) vcan0 101#A839000000000000
(1790000046.600000) vcan0 100#D221000000000000
(1790000046.600000) vcan0 101#5839000000000000
(1790000046.600000) vcan0 102#C800000000000000
(1790000046.600000) vcan0 110#0400000000000000
(1790000046.600000) vcan0 120#0300000000000000
(1790000046.600000) vcan0 121#0200000000000000
(1790000046.600000) vcan0 203#4900000000000000
(1790000046.620000) vcan0 100#C221000000000000
(1790000046.620000) vcan0 101#0839000000000000
(1790000046.640000) vcan0 100#B121000000000000
(1790000046.640000) vcan0 101#B838000000000000
(1790000046.650000) vcan0 102#C800000000000000
(1790000046.660000) vcan0 100#A021000000000000
(1790000046.660000) vcan0 101#6838000000000000
(1790000046.680000) vcan0 100#9021000000000000
(1790000046.680000) vcan0 101#1838000000000000
(1790000046.700000) vcan0 100#7F21000000000000
(1790000046.700000) vcan0 101#C837000000000000
(1790000046.700000) vcan0 102#C800000000000000
(1790000046.700000) vcan0 110#0400000000000000
(1790000046.700000) vcan0 120#0300000000000000
(1790000046.700000) vcan0 203#4800000000000000
(1790000046.720000) vcan0 100#6E21000000000000
(1790000046.720000) vcan0 101#7837000000000000
(1790000046.740000) vcan0 100#5E21000000000000
(1790000046.740000) vcan0 101#2837000000000000
(1790000046.750000) vcan0 102#C800000000000000
(1790000046.760000) vcan0 100#4D21000000000000
(1790000046.760000) vcan0 101#D836000000000000
(1790000046.780000) vcan0 100#3C21000000000000
(1790000046.780000) vcan0 101#8836000000000000
(1790000046.800000) vcan0 100#2C21000000000000
(1790000046.800000) vcan0 101#3836000000000000
(1790000046.800000) vcan0 102#C800000000000000
(1790000046.800000) vcan0 110#0400000000000000
(1790000046.800000) vcan0 120#0300000000000000
(1790000046.800000) vcan0 121#0200000000000000
(1790000046.800000) vcan0 203#4600000000000000
(1790000046.820000) vcan0 100#1B21000000000000
(1790000046.820000) vcan0 101#E835000000000000
(1790000046.840000) vcan0 100#0A21000000000000
(1790000046.840000) vcan0 101#9835000000000000
(1790000046.850000) vcan0 102#C800000000000000
(1790000046.860000) vcan0 100#FA20000000000000
(1790000046.860000) vcan0 101#4835000000000000
(1790000046.880000) vcan0 100#E920000000000000
(1790000046.880000) vcan0 101#F834000000000000
(1790000046.900000) vcan0 100#D820000000000000
(1790000046.900000) vcan0 101#A834000000000000
(1790000046.900000) vcan0 102#C800000000000000
(1790000046.900000) vcan0 110#0400000000000000
(1790000046.900000) vcan0 120#0300000000000000
(1790000046.900000) vcan0 203#4500000000000000
(1790000046.920000) vcan0 100#C820000000000000
(1790000046.920000) vcan0 101#5834000000000000
(1790000046.940000) vcan0 100#B720000000000000
(1790000046.940000) vcan0 101#0834000000000000
(1790000046.950000) vcan0 102#C800000000000000
(1790000046.960000) vcan0 100#A620000000000000
(1790000046.960000) vcan0 101#B833000000000000
(1790000046.980000) vcan0 100#9620000000000000
(1790000046.980000) vcan0 101#6833000000000000
(1790000047.000000) vcan0 100#8520000000000000
(1790000047.000000) vcan0 101#1833000000000000
(1790000047.000000) vcan0 102#C800000000000000
(1790000047.000000) vcan0 110#0400000000000000
(1790000047.000000) vcan0 120#0300000000000000
(1790000047.000000) vcan0 121#0200000000000000
(1790000047.000000) vcan0 200#8000000000000000
(1790000047.000000) vcan0 201#8400000000000000
(1790000047.000000) vcan0 202#7C00000000000000
(1790000047.000000) vcan0 203#4400000000000000
(1790000047.000000) vcan0 210#8E00000000000000
(1790000047.000000) vcan0 220#7C00000000000000
(1790000047.000000) vcan0 221#B501000000000000
(1790000047.000000) vcan0 222#4E00000000000000
(1790000047.000000) vcan0 230#9E991C0000000000
(1790000047.000000) vcan0 231#BF01000000000000
(1790000047.000000) vcan0 232#0019000000000000
(1790000047.000000) vcan0 240#7300000000000000
(1790000047.000000) vcan0 241#7300000000000000
(1790000047.000000) vcan0 242#6E00000000000000
(1790000047.000000) vcan0 243#6E00000000000000
(1790000047.000000) vcan0 18FF0100#7000000000000000
(1790000047.020000) vcan0 100#7420000000000000
(1790000047.020000) vcan0 101#C832000000000000
(1790000047.040000) vcan0 100#6420000000000000
(1790000047.040000) vcan0 101#7832000000000000
(1790000047.050000) vcan0 102#C800000000000000
(1790000047.060000) vcan0 100#5320000000000000
(1790000047.060000) vcan0 101#2832000000000000
(1790000047.080000) vcan0 100#4220000000000000
(1790000047.080000) vcan0 101#D831000000000000
(1790000047.100000) vcan0 100#3220000000000000
(1790000047.100000) vcan0 101#8831000000000000
(1790000047.100000) vcan0 102#C800000000000000
(1790000047.100000) vcan0 110#0400000000000000
(1790000047.100000) vcan0 120#0300000000000000
(1790000047.100000) vcan0 203#4200000000000000
(1790000047.120000) vcan0 100#2120000000000000
(1790000047.120000) vcan0 101#3831000000000000
(1790000047.140000) vcan0 100#1020000000000000
(1790000047.140000) vcan0 101#E830000000000000
(1790000047.150000) vcan0 102#C800000000000000
(1790000047.160000) vcan0 100#0020000000000000
(1790000047.160000) vcan0 101#9830000000000000
(1790000047.180000) vcan0 100#EF1F000000000000
(1790000047.180000) vcan0 101#4830000000000000
(1790000047.200000) vcan0 100#DE1F000000000000
(1790000047.200000) vcan0 101#F82F000000000000
(1790000047.200000) vcan0 102#C800000000000000
(1790000047.200000) vcan0 110#0400000000000000
(1790000047.200000) vcan0 120#0300000000000000
(1790000047.200000) vcan0 121#0200000000000000
(1790000047.200000) vcan0 203#4100000000000000
(1790000047.220000) vcan0 100#CE1F000000000000
(1790000047.220000) vcan0 101#A82F000000000000
(1790000047.240000) vcan0 100#BD1F000000000000
(1790000047.240000) vcan0 101#582F000000000000
(1790000047.250000) vcan0 102#C800000000000000
(1790000047.260000) vcan0 100#AC1F000000000000
(1790000047.260000) vcan0 101#082F000000000000
(1790000047.280000) vcan0 100#9C1F000000000000
(1790000047.280000) vcan0 101#B82E000000000000
(1790000047.300000) vcan0 100#8B1F000000000000
(1790000047.300000) vcan0 101#682E000000000000
(1790000047.300000) vcan0 102#C800000000000000
(1790000047.300000) vcan0 110#0400000000000000
(1790000047.300000) vcan0 120#0300000000000000
(1790000047.300000) vcan0 203#4000000000000000
(1790000047.320000) vcan0 100#7A1F000000000000
(1790000047.320000) vcan0 101#182E000000000000
(1790000047.340000) vcan0 100#6A1F000000000000
(1790000047.340000) vcan0 101#C82D000000000000
(1790000047.350000) vcan0 102#C800000000000000
(1790000047.360000) vcan0 100#591F000000000000
(1790000047.360000) vcan0 101#782D000000000000
(1790000047.380000) vcan0 100#481F000000000000
(1790000047.380000) vcan0 101#282D000000000000
(1790000047.400000) vcan0 100#381F000000000000
(1790000047.400000) vcan0 101#D82C000000000000
(1790000047.400000) vcan0 102#C800000000000000
(1790000047.400000) vcan0 110#0400000000000000
(1790000047.400000) vcan0 120#0300000000000000
(1790000047.400000) vcan0 121#0200000000000000
(1790000047.400000) vcan0 203#3E00000000000000
(1790000047.420000) vcan0 100#271F000000000000
(1790000047.420000) vcan0 101#882C000000000000
(1790000047.440000) vcan0 100#161F000000000000
(1790000047.440000) vcan0 101#382C000000000000
(1790000047.450000) vcan0 102#C800000000000000
(1790000047.460000) vcan0 100#061F000000000000
(1790000047.460000) vcan0 101#E82B000000000000
(1790000047.480000) vcan0 100#F51E000000000000
(1790000047.480000) vcan0 101#982B000000000000
(1790000047.500000) vcan0 100#E41E000000000000
(1790000047.500000) vcan0 101#482B000000000000
(1790000047.500000) vcan0 102#C800000000000000
(1790000047.500000) vcan0 110#0400000000000000
(1790000047.500000) vcan0 120#0300000000000000
(1790000047.500000) vcan0 200#8000000000000000
(1790000047.500000) vcan0 201#8400000000000000
(1790000047.500000) vcan0 203#3D00000000000000
(1790000047.500000) vcan0 210#8E00000000000000
(1790000047.520000) vcan0 100#D41E000000000000
(1790000047.520000) vcan0 101#F82A000000000000
(1790000047.540000) vcan0 100#C31E000000000000
(1790000047.540000) vcan0 101#A82A000000000000
(1790000047.550000) vcan0 102#C800000000000000
(1790000047.560000) vcan0 100#B21E000000000000
(1790000047.560000) vcan0 101#582A000000000000
(1790000047.580000) vcan0 100#A21E000000000000
(1790000047.580000) vcan0 101#082A000000000000
(1790000047.600000) vcan0 100#911E000000000000
(1790000047.600000) vcan0 101#B829000000000000
(1790000047.600000) vcan0 102#C800000000000000
(1790000047.600000) vcan0 110#0400000000000000
(1790000047.600000) vcan0 120#0300000000000000
(1790000047.600000) vcan0 121#0200000000000000
(1790000047.600000) vcan0 203#3C00000000000000
(1790000047.620000) vcan0 100#801E000000000000
(1790000047.620000) vcan0 101#6829000000000000
(1790000047.640000) vcan0 100#701E000000000000
(1790000047.640000) vcan0 101#1829000000000000
(1790000047.650000) vcan0 102#C800000000000000
(1790000047.660000) vcan0 100#5F1E000000000000
(1790000047.660000) vcan0 101#C828000000000000
(1790000047.680000) vcan0 100#4E1E000000000000
(1790000047.680000) vcan0 101#7828000000000000
(1790000047.700000) vcan0 100#3E1E000000000000
(1790000047.700000) vcan0 101#2828000000000000
(1790000047.700000) vcan0 102#C800000000000000
(1790000047.700000) vcan0 110#0400000000000000
(1790000047.700000) vcan0 120#0300000000000000
(1790000047.700000) vcan0 203#3A00000000000000
(1790000047.720000) vcan0 100#2D1E000000000000
(1790000047.720000) vcan0 101#D827000000000000
(1790000047.740000) vcan0 100#1C1E000000000000
(1790000047.740000) vcan0 101#8827000000000000
(1790000047.750000) vcan0 102#C800000000000000
(1790000047.760000) vcan0 100#0C1E000000000000
(1790000047.760000) vcan0 101#3827000000000000
(1790000047.780000) vcan0 100#FB1D000000000000
(1790000047.780000) vcan0 101#E826000000000000
(1790000047.800000) vcan0 100#EA1D000000000000
(1790000047.800000) vcan0 101#9826000000000000
(1790000047.800000) vcan0 102#C800000000000000
(1790000047.800000) vcan0 110#0400000000000000
(1790000047.800000) vcan0 120#0300000000000000
(1790000047.800000) vcan0 121#0200000000000000
(1790000047.800000) vcan0 203#3900000000000000
(1790000047.820000) vcan0 100#DA1D000000000000
(1790000047.820000) vcan0 101#4826000000000000
(1790000047.840000) vcan0 100#C91D000000000000
(1790000047.840000) vcan0 101#F825000000000000
(1790000047.850000) vcan0 102#C800000000000000
(1790000047.860000) vcan0 100#B81D000000000000
(1790000047.860000) vcan0 101#A825000000000000
(1790000047.880000) vcan0 100#A81D000000000000
(1790000047.880000) vcan0 101#5825000000000000
(1790000047.900000) vcan0 100#971D000000000000
(1790000047.900000) vcan0 101#0825000000000000
(1790000047.900000) vcan0 102#C800000000000000
(1790000047.900000) vcan0 110#0400000000000000
(1790000047.900000) vcan0 120#0300000000000000
(1790000047.900000) vcan0 203#3800000000000000
(1790000047.920000) vcan0 100#861D000000000000
(1790000047.920000) vcan0 101#B824000000000000
(1790000047.940000) vcan0 100#761D000000000000
(1790000047.940000) vcan0 101#6824000000000000
(1790000047.950000) vcan0 102#C800000000000000
(1790000047.960000) vcan0 100#651D000000000000
(1790000047.960000) vcan0 101#1824000000000000
(1790000047.980000) vcan0 100#541D000000000000
(1790000047.980000) vcan0 101#C823000000000000
(1790000048.000000) vcan0 100#441D000000000000
(1790000048.000000) vcan0 101#7823000000000000
(1790000048.000000) vcan0 102#C800000000000000
(1790000048.000000) vcan0 110#0400000000000000
(1790000048.000000) vcan0 120#0300000000000000
(1790000048.000000) vcan0 121#0200000000000000
(1790000048.000000) vcan0 200#8000000000000000
(1790000048.000000) vcan0 201#8400000000000000
(1790000048.000000) vcan0 202#7C00000000000000
(1790000048.000000) vcan0 203#3600000000000000
(1790000048.000000) vcan0 210#8E00000000000000
(1790000048.000000) vcan0 220#7C00000000000000
(1790000048.000000) vcan0 221#B501000000000000
(1790000048.000000) vcan0 222#4E00000000000000
(1790000048.000000) vcan0 230#9E991C0000000000
(1790000048.000000) vcan0 231#BF01000000000000
(1790000048.000000) vcan0 232#0019000000000000
(1790000048.000000) vcan0 240#7300000000000000
(1790000048.000000) vcan0 241#7300000000000000
(1790000048.000000) vcan0 242#6E00000000000000
(1790000048.000000) vcan0 243#6E00000000000000
(1790000048.000000) vcan0 18FF0100#7000000000000000
(1790000048.020000) vcan0 100#331D000000000000
(1790000048.020000) vcan0 101#2823000000000000
(1790000048.040000) vcan0 100#221D000000000000
(1790000048.040000) vcan0 101#D822000000000000
(1790000048.050000) vcan0 102#C800000000000000
(1790000048.060000) vcan0 100#121D000000000000
(1790000048.060000) vcan0 101#8822000000000000
(1790000048.080000) vcan0 100#011D000000000000
(1790000048.080000) vcan0 101#3822000000000000
(1790000048.100000) vcan0 100#F01C000000000000
(1790000048.100000) vcan0 101#E821000000000000
(1790000048.100000) vcan0 102#C800000000000000
(1790000048.100000) vcan0 110#0400000000000000
(1790000048.100000) vcan0 120#0300000000000000
(1790000048.100000) vcan0 203#3500000000000000
(1790000048.120000) vcan0 100#E01C000000000000
(1790000048.120000) vcan0 101#9821000000000000
(1790000048.140000) vcan0 100#CF1C000000000000
(1790000048.140000) vcan0 101#4821000000000000
(1790000048.150000) vcan0 102#C800000000000000
(1790000048.160000) vcan0 100#BE1C000000000000
(1790000048.160000) vcan0 101#F820000000000000
(1790000048.180000) vcan0 100#AE1C000000000000
(1790000048.180000) vcan0 101#A820000000000000
(1790000048.200000) vcan0 100#9D1C000000000000
(1790000048.200000) vcan0 101#5820000000000000
(1790000048.200000) vcan0 102#C800000000000000
(1790000048.200000) vcan0 110#0400000000000000
(1790000048.200000) vcan0 120#0300000000000000
(1790000048.200000) vcan0 121#0200000000000000
(1790000048.200000) vcan0 203#3400000000000000
(1790000048.220000) vcan0 100#8C1C000000000000
(1790000048.220000) vcan0 101#0820000000000000
(1790000048.240000) vcan0 100#7C1C000000000000
(1790000048.240000) vcan0 101#B81F000000000000
(1790000048.250000) vcan0 102#C800000000000000
(1790000048.260000) vcan0 100#6B1C000000000000
(1790000048.260000) vcan0 101#681F000000000000
(1790000048.280000) vcan0 100#5A1C000000000000
(1790000048.280000) vcan0 101#181F000000000000
(1790000048.300000) vcan0 100#4A1C000000000000
(1790000048.300000) vcan0 101#C81E000000000000
(1790000048.300000) vcan0 102#C800000000000000
(1790000048.300000) vcan0 110#0400000000000000
(1790000048.300000) vcan0 120#0300000000000000
(1790000048.300000) vcan0 203#3200000000000000
(1790000048.320000) vcan0 100#391C000000000000
(1790000048.320000) vcan0 101#781E000000000000
(1790000048.340000) vcan0 100#281C000000000000
(1790000048.340000) vcan0 101#281E000000000000
(1790000048.350000) vcan0 102#C800000000000000
(1790000048.360000) vcan0 100#181C000000000000
(1790000048.360000) vcan0 101#D81D000000000000
(1790000048.380000) vcan0 100#071C000000000000
(1790000048.380000) vcan0 101#881D000000000000
(1790000048.400000) vcan0 100#F61B000000000000
(1790000048.400000) vcan0 101#381D000000000000
(1790000048.400000) vcan0 102#C800000000000000
(1790000048.400000) vcan0 110#0400000000000000
(1790000048.400000) vcan0 120#0300000000000000
(1790000048.400000) vcan0 121#0200000000000000
(1790000048.400000) vcan0 203#3100000000000000
(1790000048.420000) vcan0 100#E61B000000000000
(1790000048.420000) vcan0 101#E81C000000000000
(1790000048.440000) vcan0 100#D51B000000000000
(1790000048.440000) vcan0 101#981C000000000000
(1790000048.450000) vcan0 102#C800000000000000
(1790000048.460000) vcan0 100#C41B000000000000
(1790000048.460000) vcan0 101#481C000000000000
(1790000048.480000) vcan0 100#B41B000000000000
(1790000048.480000) vcan0 101#F81B000000000000
(1790000048.500000) vcan0 100#A31B000000000000
(1790000048.500000) vcan0 101#A81B000000000000
(1790000048.500000) vcan0 102#C800000000000000
(1790000048.500000) vcan0 110#0400000000000000
(1790000048.500000) vcan0 120#0300000000000000
(1790000048.500000) vcan0 200#8000000000000000
(1790000048.500000) vcan0 201#8400000000000000
(1790000048.500000) vcan0 203#3000000000000000
(1790000048.500000) vcan0 210#8E00000000000000
(1790000048.520000) vcan0 100#921B000000000000
(1790000048.520000) vcan0 101#581B000000000000
(1790000048.540000) vcan0 100#821B000000000000
(1790000048.540000) vcan0 101#081B000000000000
(1790000048.550000) vcan0 102#C800000000000000
(1790000048.560000) vcan0 100#711B000000000000
(1790000048.560000) vcan0 101#B81A000000000000
(1790000048.580000) vcan0 100#601B000000000000
(1790000048.580000) vcan0 101#681A000000000000
(1790000048.600000) vcan0 100#501B000000000000
(1790000048.600000) vcan0 101#181A000000000000
(1790000048.600000) vcan0 102#C800000000000000
(1790000048.600000) vcan0 110#0400000000000000
(1790000048.600000) vcan0 120#0300000000000000
(1790000048.600000) vcan0 121#0200000000000000
(1790000048.600000) vcan0 203#2E00000000000000
(1790000048.620000) vcan0 100#3F1B000000000000
(1790000048.620000) vcan0 101#C819000000000000
(1790000048.640000) vcan0 100#2E1B000000000000
(1790000048.640000) vcan0 101#7819000000000000
(1790000048.650000) vcan0 102#C800000000000000
(1790000048.660000) vcan0 100#1E1B000000000000
(1790000048.660000) vcan0 101#2819000000000000
(1790000048.680000) vcan0 100#0D1B000000000000
(1790000048.680000) vcan0 101#D818000000000000
(1790000048.700000) vcan0 100#FC1A000000000000
(1790000048.700000) vcan0 101#8818000000000000
(1790000048.700000) vcan0 102#C800000000000000
(1790000048.700000) vcan0 110#0400000000000000
(1790000048.700000) vcan0 120#0300000000000000
(1790000048.700000) vcan0 203#2D00000000000000
(1790000048.720000) vcan0 100#EC1A000000000000
(1790000048.720000) vcan0 101#3818000000000000
(1790000048.740000) vcan0 100#DB1A000000000000
(1790000048.740000) vcan0 101#E817000000000000
(1790000048.750000) vcan0 102#C800000000000000
(1790000048.760000) vcan0 100#CA1A000000000000
(1790000048.760000) vcan0 101#9817000000000000
(1790000048.780000) vcan0 100#BA1A000000000000
(1790000048.780000) vcan0 101#4817000000000000
(1790000048.800000) vcan0 100#A91A000000000000
(1790000048.800000) vcan0 101#F816000000000000
(1790000048.800000) vcan0 102#C800000000000000
(1790000048.800000) vcan0 110#0400000000000000
(1790000048.800000) vcan0 120#0300000000000000
(1790000048.800000) vcan0 121#0200000000000000
(1790000048.800000) vcan0 203#2C00000000000000
(1790000048.820000) vcan0 100#981A000000000000
(1790000048.820000) vcan0 101#A816000000000000
(1790000048.840000) vcan0 100#881A000000000000
(1790000048.840000) vcan0 101#5816000000000000
(1790000048.850000) vcan0 102#C800000000000000
(1790000048.860000) vcan0 100#771A000000000000
(1790000048.860000) vcan0 101#0816000000000000
(1790000048.880000) vcan0 100#661A000000000000
(1790000048.880000) vcan0 101#B815000000000000
(1790000048.900000) vcan0 100#561A000000000000
(1790000048.900000) vcan0 101#6815000000000000
(1790000048.900000) vcan0 102#C800000000000000
(1790000048.900000) vcan0 110#0400000000000000
(1790000048.900000) vcan0 120#0300000000000000
(1790000048.900000) vcan0 203#2A00000000000000
(1790000048.920000) vcan0 100#451A000000000000
(1790000048.920000) vcan0 101#1815000000000000
(1790000048.940000) vcan0 100#341A000000000000
(1790000048.940000) vcan0 101#C814000000000000
(1790000048.950000) vcan0 102#C800000000000000
(1790000048.960000) vcan0 100#241A000000000000
(1790000048.960000) vcan0 101#7814000000000000
(1790000048.980000) vcan0 100#131A000000000000
(1790000048.980000) vcan0 101#2814000000000000
(1790000049.000000) vcan0 100#021A000000000000
(1790000049.000000) vcan0 101#D813000000000000
(1790000049.000000) vcan0 102#C800000000000000
(1790000049.000000) vcan0 110#0400000000000000
(1790000049.000000) vcan0 120#0300000000000000
(1790000049.000000) vcan0 121#0200000000000000
(1790000049.000000) vcan0 200#8000000000000000
(1790000049.000000) vcan0 201#8400000000000000
(1790000049.000000) vcan0 202#7C00000000000000
(1790000049.000000) vcan0 203#2900000000000000
(1790000049.000000) vcan0 210#8E00000000000000
(1790000049.000000) vcan0 220#7C00000000000000
(1790000049.000000) vcan0 221#B501000000000000
(1790000049.000000) vcan0 222#4E00000000000000
(1790000049.000000) vcan0 230#9E991C0000000000
(1790000049.000000) vcan0 231#BF01000000000000
(1790000049.000000) vcan0 232#0019000000000000
(1790000049.000000) vcan0 240#7300000000000000
(1790000049.000000) vcan0 241#7300000000000000
(1790000049.000000) vcan0 242#6E00000000000000
(1790000049.000000) vcan0 243#6E00000000000000
(1790000049.000000) vcan0 18FF0100#7000000000000000
(1790000049.020000) vcan0 100#F219000000000000
(1790000049.020000) vcan0 101#8813000000000000
(1790000049.040000) vcan0 100#E119000000000000
(1790000049.040000) vcan0 101#3813000000000000
(1790000049.050000) vcan0 102#C800000000000000
(1790000049.060000) vcan0 100#D019000000000000
(1790000049.060000) vcan0 101#E812000000000000
(1790000049.080000) vcan0 100#C019000000000000
(1790000049.080000) vcan0 101#D83B000000000000
(1790000049.100000) vcan0 100#AF19000000000000
(1790000049.100000) vcan0 101#883B000000000000
(1790000049.100000) vcan0 102#C800000000000000
(1790000049.100000) vcan0 110#0300000000000000
(1790000049.100000) vcan0 120#0300000000000000
(1790000049.100000) vcan0 203#4B00000000000000
(1790000049.120000) vcan0 100#9E19000000000000
(1790000049.120000) vcan0 101#383B000000000000
(1790000049.140000) vcan0 100#8E19000000000000
(1790000049.140000) vcan0 101#E83A000000000000
(1790000049.150000) vcan0 102#C800000000000000
(1790000049.160000) vcan0 100#7D19000000000000
(1790000049.160000) vcan0 101#983A000000000000
(1790000049.180000) vcan0 100#6C19000000000000
(1790000049.180000) vcan0 101#483A000000000000
(1790000049.200000) vcan0 100#5C19000000000000
(1790000049.200000) vcan0 101#F839000000000000
(1790000049.200000) vcan0 102#C800000000000000
(1790000049.200000) vcan0 110#0300000000000000
(1790000049.200000) vcan0 120#0300000000000000
(1790000049.200000) vcan0 121#0200000000000000
(1790000049.200000) vcan0 203#4900000000000000
(1790000049.220000) vcan0 100#4B19000000000000
(1790000049.220000) vcan0 101#A839000000000000
(1790000049.240000) vcan0 100#3A19000000000000
(1790000049.240000) vcan0 101#5839000000000000
(1790000049.250000) vcan0 102#C800000000000000
(1790000049.260000) vcan0 100#2A19000000000000
(1790000049.260000) vcan0 101#0839000000000000
(1790000049.280000) vcan0 100#1919000000000000
(1790000049.280000) vcan0 101#B838000000000000
(1790000049.300000) vcan0 100#0819000000000000
(1790000049.300000) vcan0 101#6838000000000000
(1790000049.300000) vcan0 102#C800000000000000
(1790000049.300000) vcan0 110#0300000000000000
(1790000049.300000) vcan0 120#0300000000000000
(1790000049.300000) vcan0 203#4800000000000000
(1790000049.320000) vcan0 100#F818000000000000
(1790000049.320000) vcan0 101#1838000000000000
(1790000049.340000) vcan0 100#E718000000000000
(1790000049.340000) vcan0 101#C837000000000000
(1790000049.350000) vcan0 102#C800000000000000
(1790000049.360000) vcan0 100#D618000000000000
(1790000049.360000) vcan0 101#7837000000000000
(1790000049.380000) vcan0 100#C618000000000000
(1790000049.380000) vcan0 101#2837000000000000
(1790000049.400000) vcan0 100#B518000000000000
(1790000049.400000) vcan0 101#D836000000000000
(1790000049.400000) vcan0 102#C800000000000000
(1790000049.400000) vcan0 110#0300000000000000
(1790000049.400000) vcan0 120#0300000000000000
(1790000049.400000) vcan0 121#0200000000000000
(1790000049.400000) vcan0 203#4700000000000000
(1790000049.420000) vcan0 100#A418000000000000
(1790000049.420000) vcan0 101#8836000000000000
(1790000049.440000) vcan0 100#9418000000000000
(1790000049.440000) vcan0 101#3836000000000000
(1790000049.450000) vcan0 102#C800000000000000
(1790000049.460000) vcan0 100#8318000000000000
(1790000049.460000) vcan0 101#E835000000000000
(1790000049.480000) vcan0 100#7218000000000000
(1790000049.480000) vcan0 101#9835000000000000
(1790000049.500000) vcan0 100#6218000000000000
(1790000049.500000) vcan0 101#4835000000000000
(1790000049.500000) vcan0 102#C800000000000000
(1790000049.500000) vcan0 110#0300000000000000
(1790000049.500000) vcan0 120#0300000000000000
(1790000049.500000) vcan0 200#8000000000000000
(1790000049.500000) vcan0 201#8400000000000000
(1790000049.500000) vcan0 203#4500000000000000
(1790000049.500000) vcan0 210#8E00000000000000
(1790000049.520000) vcan0 100#5118000000000000
(1790000049.520000) vcan0 101#F834000000000000
(1790000049.540000) vcan0 100#4018000000000000
(1790000049.540000) vcan0 101#A834000000000000
(1790000049.550000) vcan0 102#C800000000000000
(1790000049.560000) vcan0 100#3018000000000000
(1790000049.560000) vcan0 101#5834000000000000
(1790000049.580000) vcan0 100#1F18000000000000
(1790000049.580000) vcan0 101#0834000000000000
(1790000049.600000) vcan0 100#0E18000000000000
(1790000049.600000) vcan0 101#B833000000000000
(1790000049.600000) vcan0 102#C800000000000000
(1790000049.600000) vcan0 110#0300000000000000
(1790000049.600000) vcan0 120#0300000000000000
(1790000049.600000) vcan0 121#0200000000000000
(1790000049.600000) vcan0 203#4400000000000000
(1790000049.620000) vcan0 100#FE17000000000000
(1790000049.620000) vcan0 101#6833000000000000
(1790000049.640000) vcan0 100#ED17000000000000
(1790000049.640000) vcan0 101#1833000000000000
(1790000049.650000) vcan0 102#C800000000000000
(1790000049.660000) vcan0 100#DC17000000000000
(1790000049.660000) vcan0 101#C832000000000000
(1790000049.680000) vcan0 100#CC17000000000000
(1790000049.680000) vcan0 101#7832000000000000
(1790000049.700000) vcan0 100#BB17000000000000
(1790000049.700000) vcan0 101#2832000000000000
(1790000049.700000) vcan0 102#C800000000000000
(1790000049.700000) vcan0 110#0300000000000000
(1790000049.700000) vcan0 120#0300000000000000
(1790000049.700000) vcan0 203#4300000000000000
(1790000049.720000) vcan0 100#AA17000000000000
(1790000049.720000) vcan0 101#D831000000000000
(1790000049.740000) vcan0 100#9A17000000000000
(1790000049.740000) vcan0 101#8831000000000000
(1790000049.750000) vcan0 102#C800000000000000
(1790000049.760000) vcan0 100#8917000000000000
(1790000049.760000) vcan0 101#3831000000000000
(1790000049.780000) vcan0 100#7817000000000000
(1790000049.780000) vcan0 101#E830000000000000
(1790000049.800000) vcan0 100#6817000000000000
(1790000049.800000) vcan0 101#9830000000000000
(1790000049.800000) vcan0 102#C800000000000000
(1790000049.800000) vcan0 110#0300000000000000
(1790000049.800000) vcan0 120#0300000000000000
(1790000049.800000) vcan0 121#0200000000000000
(1790000049.800000) vcan0 203#4100000000000000
(1790000049.820000) vcan0 100#5717000000000000
(1790000049.820000) vcan0 101#4830000000000000
(1790000049.840000) vcan0 100#4617000000000000
(1790000049.840000) vcan0 101#F82F000000000000
(1790000049.850000) vcan0 102#C800000000000000
(1790000049.860000) vcan0 100#3617000000000000
(1790000049.860000) vcan0 101#A82F000000000000
(1790000049.880000) vcan0 100#2517000000000000
(1790000049.880000) vcan0 101#582F000000000000
(1790000049.900000) vcan0 100#1417000000000000
(1790000049.900000) vcan0 101#082F000000000000
(1790000049.900000) vcan0 102#C800000000000000
(1790000049.900000) vcan0 110#0300000000000000
(1790000049.900000) vcan0 120#0300000000000000
(1790000049.900000) vcan0 203#4000000000000000
(1790000049.920000) vcan0 100#0417000000000000
(1790000049.920000) vcan0 101#B82E000000000000
(1790000049.940000) vcan0 100#F316000000000000
(1790000049.940000) vcan0 101#682E000000000000
(1790000049.950000) vcan0 102#C800000000000000
(1790000049.960000) vcan0 100#E216000000000000
(1790000049.960000) vcan0 101#182E000000000000
(1790000049.980000) vcan0 100#D216000000000000
(1790000049.980000) vcan0 101#C82D000000000000
(1790000050.000000) vcan0 100#C116000000000000
(1790000050.000000) vcan0 101#782D000000000000
(1790000050.000000) vcan0 102#C800000000000000
(1790000050.000000) vcan0 110#0300000000000000
(1790000050.000000) vcan0 120#0300000000000000
(1790000050.000000) vcan0 121#0200000000000000
(1790000050.000000) vcan0 200#8000000000000000
(1790000050.000000) vcan0 201#8400000000000000
(1790000050.000000) vcan0 202#7C00000000000000
(1790000050.000000) vcan0 203#3F00000000000000
(1790000050.000000) vcan0 210#8E00000000000000
(1790000050.000000) vcan0 220#7C00000000000000
(1790000050.000000) vcan0 221#B501000000000000
(1790000050.000000) vcan0 222#4E00000000000000
(1790000050.000000) vcan0 230#9E991C0000000000
(1790000050.000000) vcan0 231#BF01000000000000
(1790000050.000000) vcan0 232#0019000000000000
(1790000050.000000) vcan0 240#7300000000000000
(1790000050.000000) vcan0 241#7300000000000000
(1790000050.000000) vcan0 242#6E00000000000000
(1790000050.000000) vcan0 243#6E00000000000000
(1790000050.000000) vcan0 18FF0100#7000000000000000
(1790000050.020000) vcan0 100#B016000000000000
(1790000050.020000) vcan0 101#282D000000000000
(1790000050.040000) vcan0 100#A016000000000000
(1790000050.040000) vcan0 101#D82C000000000000
(1790000050.050000) vcan0 102#C800000000000000
(1790000050.060000) vcan0 100#8F16000000000000
(1790000050.060000) vcan0 101#882C000000000000
(1790000050.080000) vcan0 100#7E16000000000000
(1790000050.080000) vcan0 101#382C000000000000
(1790000050.100000) vcan0 100#6E16000000000000
(1790000050.100000) vcan0 101#E82B000000000000
(1790000050.100000) vcan0 102#C800000000000000
(1790000050.100000) vcan0 110#0300000000000000
(1790000050.100000) vcan0 120#0300000000000000
(1790000050.100000) vcan0 203#3D00000000000000
(1790000050.120000) vcan0 100#5D16000000000000
(1790000050.120000) vcan0 101#982B000000000000
(1790000050.140000) vcan0 100#4C16000000000000
(1790000050.140000) vcan0 101#482B000000000000
(1790000050.150000) vcan0 102#C800000000000000
(1790000050.160000) vcan0 100#3C16000000000000
(1790000050.160000) vcan0 101#F82A000000000000
(1790000050.180000) vcan0 100#2B16000000000000
(1790000050.180000) vcan0 101#A82A000000000000
(1790000050.200000) vcan0 100#1A16000000000000
(1790000050.200000) vcan0 101#582A000000000000
(1790000050.200000) vcan0 102#C800000000000000
(1790000050.200000) vcan0 110#0300000000000000
(1790000050.200000) vcan0 120#0300000000000000
(1790000050.200000) vcan0 121#0200000000000000
(1790000050.200000) vcan0 203#3C00000000000000
(1790000050.220000) vcan0 100#0A16000000000000
(1790000050.220000) vcan0 101#082A000000000000
(1790000050.240000) vcan0 100#F915000000000000
(1790000050.240000) vcan0 101#B829000000000000
(1790000050.250000) vcan0 102#C800000000000000
(1790000050.260000) vcan0 100#E815000000000000
(1790000050.260000) vcan0 101#6829000000000000
(1790000050.280000) vcan0 100#D815000000000000
(1790000050.280000) vcan0 101#1829000000000000
(1790000050.300000) vcan0 100#C715000000000000
(1790000050.300000) vcan0 101#C828000000000000
(1790000050.300000) vcan0 102#C800000000000000
(1790000050.300000) vcan0 110#0300000000000000
(1790000050.300000) vcan0 120#0300000000000000
(1790000050.300000) vcan0 203#3B00000000000000
(1790000050.320000) vcan0 100#B615000000000000
(1790000050.320000) vcan0 101#7828000000000000
(1790000050.340000) vcan0 100#A615000000000000
(1790000050.340000) vcan0 101#2828000000000000
(1790000050.350000) vcan0 102#C800000000000000
(1790000050.360000) vcan0 100#9515000000000000
(1790000050.360000) vcan0 101#D827000000000000
(1790000050.380000) vcan0 100#8415000000000000
(1790000050.380000) vcan0 101#8827000000000000
(1790000050.400000) vcan0 100#7415000000000000
(1790000050.400000) vcan0 101#3827000000000000
(1790000050.400000) vcan0 102#C800000000000000
(1790000050.400000) vcan0 110#0300000000000000
(1790000050.400000) vcan0 120#0300000000000000
(1790000050.400000) vcan0 121#0200000000000000
(1790000050.400000) vcan0 203#3900000000000000
(1790000050.420000) vcan0 100#6315000000000000
(1790000050.420000) vcan0 101#E826000000000000
(1790000050.440000) vcan0 100#5215000000000000
(1790000050.440000) vcan0 101#9826000000000000
(1790000050.450000) vcan0 102#C800000000000000
(1790000050.460000) vcan0 100#4215000000000000
(1790000050.460000) vcan0 101#4826000000000000
(1790000050.480000) vcan0 100#3115000000000000
(1790000050.480000) vcan0 101#F825000000000000
(1790000050.500000) vcan0 100#2015000000000000
(1790000050.500000) vcan0 101#A825000000000000
(1790000050.500000) vcan0 102#C800000000000000
(1790000050.500000) vcan0 110#0300000000000000
(1790000050.500000) vcan0 120#0300000000000000
(1790000050.500000) vcan0 200#8000000000000000
(1790000050.500000) vcan0 201#8400000000000000
(1790000050.500000) vcan0 203#3800000000000000
(1790000050.500000) vcan0 210#8E00000000000000
(1790000050.520000) vcan0 100#1015000000000000
(1790000050.520000) vcan0 101#5825000000000000
(1790000050.540000) vcan0 100#FF14000000000000
(1790000050.540000) vcan0 101#0825000000000000
(1790000050.550000) vcan0 102#C800000000000000
(1790000050.560000) vcan0 100#EE14000000000000
(1790000050.560000) vcan0 101#B824000000000000
(1790000050.580000) vcan0 100#DE14000000000000
(1790000050.580000) vcan0 101#6824000000000000
(1790000050.600000) vcan0 100#CD14000000000000
(1790000050.600000) vcan0 101#1824000000000000
(1790000050.600000) vcan0 102#C800000000000000
(1790000050.600000) vcan0 110#0300000000000000
(1790000050.600000) vcan0 120#0300000000000000
(1790000050.600000) vcan0 121#0200000000000000
(1790000050.600000) vcan0 203#3700000000000000
(1790000050.620000) vcan0 100#BC14000000000000
(1790000050.620000) vcan0 101#C823000000000000
(1790000050.640000) vcan0 100#AC14000000000000
(1790000050.640000) vcan0 101#7823000000000000
(1790000050.650000) vcan0 102#C800000000000000
(1790000050.660000) vcan0 100#9B14000000000000
(1790000050.660000) vcan0 101#2823000000000000
(1790000050.680000) vcan0 100#8A14000000000000
(1790000050.680000) vcan0 101#D822000000000000
(1790000050.700000) vcan0 100#7A14000000000000
(1790000050.700000) vcan0 101#8822000000000000
(1790000050.700000) vcan0 102#C800000000000000
(1790000050.700000) vcan0 110#0300000000000000
(1790000050.700000) vcan0 120#0300000000000000
(1790000050.700000) vcan0 203#3500000000000000
(1790000050.720000) vcan0 100#6914000000000000
(1790000050.720000) vcan0 101#3822000000000000
(1790000050.740000) vcan0 100#5814000000000000
(1790000050.740000) vcan0 101#E821000000000000
(1790000050.750000) vcan0 102#C800000000000000
(1790000050.760000) vcan0 100#4814000000000000
(1790000050.760000) vcan0 101#9821000000000000
(1790000050.780000) vcan0 100#3714000000000000
(1790000050.780000) vcan0 101#4821000000000000
(1790000050.800000) vcan0 100#2614000000000000
(1790000050.800000) vcan0 101#F820000000000000
(1790000050.800000) vcan0 102#C800000000000000
(1790000050.800000) vcan0 110#0300000000000000
(1790000050.800000) vcan0 120#0300000000000000
(1790000050.800000) vcan0 121#0200000000000000
(1790000050.800000) vcan0 203#3400000000000000
(1790000050.820000) vcan0 100#1614000000000000
(1790000050.820000) vcan0 101#A820000000000000
(1790000050.840000) vcan0 100#0514000000000000
(1790000050.840000) vcan0 101#5820000000000000
(1790000050.850000) vcan0 102#C800000000000000
(1790000050.860000) vcan0 100#F413000000000000
(1790000050.860000) vcan0 101#0820000000000000
(1790000050.880000) vcan0 100#E413000000000000
(1790000050.880000) vcan0 101#B81F000000000000
(1790000050.900000) vcan0 100#D313000000000000
(1790000050.900000) vcan0 101#681F000000000000
(1790000050.900000) vcan0 102#C800000000000000
(1790000050.900000) vcan0 110#0300000000000000
(1790000050.900000) vcan0 120#0300000000000000
(1790000050.900000) vcan0 203#3300000000000000
(1790000050.920000) vcan0 100#C213000000000000
(1790000050.920000) vcan0 101#181F000000000000
(1790000050.940000) vcan0 100#B213000000000000
(1790000050.940000) vcan0 101#C81E000000000000
(1790000050.950000) vcan0 102#C800000000000000
(1790000050.960000) vcan0 100#A113000000000000
(1790000050.960000) vcan0 101#781E000000000000
(1790000050.980000) vcan0 100#9013000000000000
(1790000050.980000) vcan0 101#281E000000000000
(1790000051.000000) vcan0 100#8013000000000000
(1790000051.000000) vcan0 101#D81D000000000000
(1790000051.000000) vcan0 102#C800000000000000
(1790000051.000000) vcan0 110#0300000000000000
(1790000051.000000) vcan0 120#0300000000000000
(1790000051.000000) vcan0 121#0200000000000000
(1790000051.000000) vcan0 200#8000000000000000
(1790000051.000000) vcan0 201#8400000000000000
(1790000051.000000) vcan0 202#7C00000000000000
(1790000051.000000) vcan0 203#3100000000000000
(1790000051.000000) vcan0 210#8E00000000000000
(1790000051.000000) vcan0 220#7C00000000000000
(1790000051.000000) vcan0 221#B501000000000000
(1790000051.000000) vcan0 222#4E00000000000000
(1790000051.000000) vcan0 230#9E991C0000000000
(1790000051.000000) vcan0 231#BF01000000000000
(1790000051.000000) vcan0 232#0019000000000000
(1790000051.000000) vcan0 240#7300000000000000
(1790000051.000000) vcan0 241#7300000000000000
(1790000051.000000) vcan0 242#6E00000000000000
(1790000051.000000) vcan0 243#6E00000000000000
(1790000051.000000) vcan0 18FF0100#7000000000000000
(1790000051.020000) vcan0 100#6F13000000000000
(1790000051.020000) vcan0 101#881D000000000000
(1790000051.040000) vcan0 100#5E13000000000000
(1790000051.040000) vcan0 101#381D000000000000
(1790000051.050000) vcan0 102#C800000000000000
(1790000051.060000) vcan0 100#4E13000000000000
(1790000051.060000) vcan0 101#E81C000000000000
(1790000051.080000) vcan0 100#3D13000000000000
(1790000051.080000) vcan0 101#981C000000000000
(1790000051.100000) vcan0 100#2C13000000000000
(1790000051.100000) vcan0 101#481C000000000000
(1790000051.100000) vcan0 102#C800000000000000
(1790000051.100000) vcan0 110#0300000000000000
(1790000051.100000) vcan0 120#0300000000000000
(1790000051.100000) vcan0 203#3000000000000000
(1790000051.120000) vcan0 100#1C13000000000000
(1790000051.120000) vcan0 101#F81B000000000000
(1790000051.140000) vcan0 100#0B13000000000000
(1790000051.140000) vcan0 101#A81B000000000000
(1790000051.150000) vcan0 102#C800000000000000
(1790000051.160000) vcan0 100#FA12000000000000
(1790000051.160000) vcan0 101#581B000000000000
(1790000051.180000) vcan0 100#EA12000000000000
(1790000051.180000) vcan0 101#081B000000000000
(1790000051.200000) vcan0 100#D912000000000000
(1790000051.200000) vcan0 101#B81A000000000000
(1790000051.200000) vcan0 102#C800000000000000
(1790000051.200000) vcan0 110#0300000000000000
(1790000051.200000) vcan0 120#0300000000000000
(1790000051.200000) vcan0 121#0200000000000000
(1790000051.200000) vcan0 203#2F00000000000000
(1790000051.220000) vcan0 100#C812000000000000
(1790000051.220000) vcan0 101#681A000000000000
(1790000051.240000) vcan0 100#B812000000000000
(1790000051.240000) vcan0 101#181A000000000000
(1790000051.250000) vcan0 102#C800000000000000
(1790000051.260000) vcan0 100#A712000000000000
(1790000051.260000) vcan0 101#C819000000000000
(1790000051.280000) vcan0 100#9612000000000000
(1790000051.280000) vcan0 101#7819000000000000
(1790000051.300000) vcan0 100#8612000000000000
(1790000051.300000) vcan0 101#2819000000000000
(1790000051.300000) vcan0 102#C800000000000000
(1790000051.300000) vcan0 110#0300000000000000
(1790000051.300000) vcan0 120#0300000000000000
(1790000051.300000) vcan0 203#2D00000000000000
(1790000051.320000) vcan0 100#7512000000000000
(1790000051.320000) vcan0 101#D818000000000000
(1790000051.340000) vcan0 100#6412000000000000
(1790000051.340000) vcan0 101#8818000000000000
(1790000051.350000) vcan0 102#C800000000000000
(1790000051.360000) vcan0 100#5412000000000000
(1790000051.360000) vcan0 101#3818000000000000
(1790000051.380000) vcan0 100#4312000000000000
(1790000051.380000) vcan0 101#E817000000000000
(1790000051.400000) vcan0 100#3212000000000000
(1790000051.400000) vcan0 101#9817000000000000
(1790000051.400000) vcan0 102#C800000000000000
(1790000051.400000) vcan0 110#0300000000000000
(1790000051.400000) vcan0 120#0300000000000000
(1790000051.400000) vcan0 121#0200000000000000
(1790000051.400000) vcan0 203#2C00000000000000
(1790000051.420000) vcan0 100#2212000000000000
(1790000051.420000) vcan0 101#4817000000000000
(1790000051.440000) vcan0 100#1112000000000000
(1790000051.440000) vcan0 101#F816000000000000
(1790000051.450000) vcan0 102#C800000000000000
(1790000051.460000) vcan0 100#0012000000000000
(1790000051.460000) vcan0 101#A816000000000000
(1790000051.480000) vcan0 100#F011000000000000
(1790000051.480000) vcan0 101#5816000000000000
(1790000051.500000) vcan0 100#DF11000000000000
(1790000051.500000) vcan0 101#0816000000000000
(1790000051.500000) vcan0 102#C800000000000000
(1790000051.500000) vcan0 110#0300000000000000
(1790000051.500000) vcan0 120#0300000000000000
(1790000051.500000) vcan0 200#8000000000000000
(1790000051.500000) vcan0 201#8400000000000000
(1790000051.500000) vcan0 203#2B00000000000000
(1790000051.500000) vcan0 210#8E00000000000000
(1790000051.520000) vcan0 100#CE11000000000000
(1790000051.520000) vcan0 101#B815000000000000
(1790000051.540000) vcan0 100#BE11000000000000
(1790000051.540000) vcan0 101#6815000000000000
(1790000051.550000) vcan0 102#C800000000000000
(1790000051.560000) vcan0 100#AD11000000000000
(1790000051.560000) vcan0 101#1815000000000000
(1790000051.580000) vcan0 100#9C11000000000000
(1790000051.580000) vcan0 101#C814000000000000
(1790000051.600000) vcan0 100#8C11000000000000
(1790000051.600000) vcan0 101#7814000000000000
(1790000051.600000) vcan0 102#C800000000000000
(1790000051.600000) vcan0 110#0300000000000000
(1790000051.600000) vcan0 120#0300000000000000
(1790000051.600000) vcan0 121#0200000000000000
(1790000051.600000) vcan0 203#2900000000000000
(1790000051.620000) vcan0 100#7B11000000000000
(1790000051.620000) vcan0 101#2814000000000000
(1790000051.640000) vcan0 100#6A11000000000000
(1790000051.640000) vcan0 101#D813000000000000
(1790000051.650000) vcan0 102#C800000000000000
(1790000051.660000) vcan0 100#5A11000000000000
(1790000051.660000) vcan0 101#8813000000000000
(1790000051.680000) vcan0 100#4911000000000000
(1790000051.680000) vcan0 101#3813000000000000
(1790000051.700000) vcan0 100#3811000000000000
(1790000051.700000) vcan0 101#E812000000000000
(1790000051.700000) vcan0 102#C800000000000000
(1790000051.700000) vcan0 110#0300000000000000
(1790000051.700000) vcan0 120#0300000000000000
(1790000051.700000) vcan0 203#2800000000000000
(1790000051.720000) vcan0 100#2811000000000000
(1790000051.720000) vcan0 101#D83B000000000000
(1790000051.740000) vcan0 100#1711000000000000
(1790000051.740000) vcan0 101#883B000000000000
(1790000051.750000) vcan0 102#C800000000000000
(1790000051.760000) vcan0 100#0611000000000000
(1790000051.760000) vcan0 101#383B000000000000
(1790000051.780000) vcan0 100#F610000000000000
(1790000051.780000) vcan0 101#E83A000000000000
(1790000051.800000) vcan0 100#E510000000000000
(1790000051.800000) vcan0 101#983A000000000000
(1790000051.800000) vcan0 102#C800000000000000
(1790000051.800000) vcan0 110#0200000000000000
(1790000051.800000) vcan0 120#0300000000000000
(1790000051.800000) vcan0 121#0200000000000000
(1790000051.800000) vcan0 203#4A00000000000000
(1790000051.820000) vcan0 100#D410000000000000
(1790000051.820000) vcan0 101#483A000000000000
(1790000051.840000) vcan0 100#C410000000000000
(1790000051.840000) vcan0 101#F839000000000000
(1790000051.850000) vcan0 102#C800000000000000
(1790000051.860000) vcan0 100#B310000000000000
(1790000051.860000) vcan0 101#A839000000000000
(1790000051.880000) vcan0 100#A210000000000000
(1790000051.880000) vcan0 101#5839000000000000
(1790000051.900000) vcan0 100#9210000000000000
(1790000051.900000) vcan0 101#0839000000000000
(1790000051.900000) vcan0 102#C800000000000000
(1790000051.900000) vcan0 110#0200000000000000
(1790000051.900000) vcan0 120#0300000000000000
(1790000051.900000) vcan0 203#4900000000000000
(1790000051.920000) vcan0 100#8110000000000000
(1790000051.920000) vcan0 101#B838000000000000
(1790000051.940000) vcan0 100#7010000000000000
(1790000051.940000) vcan0 101#6838000000000000
(1790000051.950000) vcan0 102#C800000000000000
(1790000051.960000) vcan0 100#6010000000000000
(1790000051.960000) vcan0 101#1838000000000000
(1790000051.980000) vcan0 100#4F10000000000000
(1790000051.980000) vcan0 101#C837000000000000
(1790000052.000000) vcan0 100#3E10000000000000
(1790000052.000000) vcan0 101#7837000000000000
(1790000052.000000) vcan0 102#C800000000000000
(1790000052.000000) vcan0 110#0200000000000000
(1790000052.000000) vcan0 120#0300000000000000
(1790000052.000000) vcan0 121#0200000000000000
(1790000052.000000) vcan0 200#8000000000000000
(1790000052.000000) vcan0 201#8400000000000000
(1790000052.000000) vcan0 202#7C00000000000000
(1790000052.000000) vcan0 203#4700000000000000
(1790000052.000000) vcan0 210#8E00000000000000
(1790000052.000000) vcan0 220#7C00000000000000
(1790000052.000000) vcan0 221#B501000000000000
(1790000052.000000) vcan0 222#4E00000000000000
(1790000052.000000) vcan0 230#9E991C0000000000
(1790000052.000000) vcan0 231#BF01000000000000
(1790000052.000000) vcan0 232#0019000000000000
(1790000052.000000) vcan0 240#7300000000000000
(1790000052.000000) vcan0 241#7300000000000000
(1790000052.000000) vcan0 242#6E00000000000000
(1790000052.000000) vcan0 243#6E00000000000000
(1790000052.000000) vcan0 18FF0100#7000000000000000
(1790000052.020000) vcan0 100#2E10000000000000
(1790000052.020000) vcan0 101#2837000000000000
(1790000052.040000) vcan0 100#1D10000000000000
(1790000052.040000) vcan0 101#D836000000000000
(1790000052.050000) vcan0 102#C800000000000000
(1790000052.060000) vcan0 100#0C10000000000000
(1790000052.060000) vcan0 101#8836000000000000
(1790000052.080000) vcan0 100#FC0F000000000000
(1790000052.080000) vcan0 101#3836000000000000
(1790000052.100000) vcan0 100#EB0F000000000000
(1790000052.100000) vcan0 101#E835000000000000
(1790000052.100000) vcan0 102#C800000000000000
(1790000052.100000) vcan0 110#0200000000000000
(1790000052.100000) vcan0 120#0300000000000000
(1790000052.100000) vcan0 203#4600000000000000
(1790000052.120000) vcan0 100#DA0F000000000000
(1790000052.120000) vcan0 101#9835000000000000
(1790000052.140000) vcan0 100#CA0F000000000000
(1790000052.140000) vcan0 101#4835000000000000
(1790000052.150000) vcan0 102#C800000000000000
(1790000052.160000) vcan0 100#B90F000000000000
(1790000052.160000) vcan0 101#F834000000000000
(1790000052.180000) vcan0 100#A80F000000000000
(1790000052.180000) vcan0 101#A834000000000000
(1790000052.200000) vcan0 100#980F000000000000
(1790000052.200000) vcan0 101#5834000000000000
(1790000052.200000) vcan0 102#C800000000000000
(1790000052.200000) vcan0 110#0200000000000000
(1790000052.200000) vcan0 120#0300000000000000
(1790000052.200000) vcan0 121#0200000000000000
(1790000052.200000) vcan0 203#4500000000000000
(1790000052.220000) vcan0 100#870F000000000000
(1790000052.220000) vcan0 101#0834000000000000
(1790000052.240000) vcan0 100#760F000000000000
(1790000052.240000) vcan0 101#B833000000000000
(1790000052.250000) vcan0 102#C800000000000000
(1790000052.260000) vcan0 100#660F000000000000
(1790000052.260000) vcan0 101#6833000000000000
(1790000052.280000) vcan0 100#550F000000000000
(1790000052.280000) vcan0 101#1833000000000000
(1790000052.300000) vcan0 100#440F000000000000
(1790000052.300000) vcan0 101#C832000000000000
(1790000052.300000) vcan0 102#C800000000000000
(1790000052.300000) vcan0 110#0200000000000000
(1790000052.300000) vcan0 120#0300000000000000
(1790000052.300000) vcan0 203#4300000000000000
(1790000052.320000) vcan0 100#340F000000000000
(1790000052.320000) vcan0 101#7832000000000000
(1790000052.340000) vcan0 100#230F000000000000
(1790000052.340000) vcan0 101#2832000000000000
(1790000052.350000) vcan0 102#C800000000000000
(1790000052.360000) vcan0 100#120F000000000000
(1790000052.360000) vcan0 101#D831000000000000
(1790000052.380000) vcan0 100#020F000000000000
(1790000052.380000) vcan0 101#8831000000000000
(1790000052.400000) vcan0 100#F10E000000000000
(1790000052.400000) vcan0 101#3831000000000000
(1790000052.400000) vcan0 102#C800000000000000
(1790000052.400000) vcan0 110#0200000000000000
(1790000052.400000) vcan0 120#0300000000000000
(1790000052.400000) vcan0 121#0200000000000000
(1790000052.400000) vcan0 203#4200000000000000
(1790000052.420000) vcan0 100#E00E000000000000
(1790000052.420000) vcan0 101#E830000000000000
(1790000052.440000) vcan0 100#D00E000000000000
(1790000052.440000) vcan0 101#9830000000000000
(1790000052.450000) vcan0 102#C800000000000000
(1790000052.460000) vcan0 100#BF0E000000000000
(1790000052.460000) vcan0 101#4830000000000000
(1790000052.480000) vcan0 100#AE0E000000000000
(1790000052.480000) vcan0 101#F82F000000000000
(1790000052.500000) vcan0 100#9E0E000000000000
(1790000052.500000) vcan0 101#A82F000000000000
(1790000052.500000) vcan0 102#C800000000000000
(1790000052.500000) vcan0 110#0200000000000000
(1790000052.500000) vcan0 120#0300000000000000
(1790000052.500000) vcan0 200#8000000000000000
(1790000052.500000) vcan0 201#8400000000000000
(1790000052.500000) vcan0 203#4100000000000000
(1790000052.500000) vcan0 210#8E00000000000000
(1790000052.520000) vcan0 100#8D0E000000000000
(1790000052.520000) vcan0 101#582F000000000000
(1790000052.540000) vcan0 100#7C0E000000000000
(1790000052.540000) vcan0 101#082F000000000000
(1790000052.550000) vcan0 102#C800000000000000
(1790000052.560000) vcan0 100#6C0E000000000000
(1790000052.560000) vcan0 101#B82E000000000000
(1790000052.580000) vcan0 100#5B0E000000000000
(1790000052.580000) vcan0 101#682E000000000000
(1790000052.600000) vcan0 100#4A0E000000000000
(1790000052.600000) vcan0 101#182E000000000000
(1790000052.600000) vcan0 102#C800000000000000
(1790000052.600000) vcan0 110#0200000000000000
(1790000052.600000) vcan0 120#0300000000000000
(1790000052.600000) vcan0 121#0200000000000000
(1790000052.600000) vcan0 203#3F00000000000000
(1790000052.620000) vcan0 100#3A0E000000000000
(1790000052.620000) vcan0 101#C82D000000000000
(1790000052.640000) vcan0 100#290E000000000000
(1790000052.640000) vcan0 101#782D000000000000
(1790000052.650000) vcan0 102#C800000000000000
(1790000052.660000) vcan0 100#180E000000000000
(1790000052.660000) vcan0 101#282D000000000000
(1790000052.680000) vcan0 100#080E000000000000
(1790000052.680000) vcan0 101#D82C000000000000
(1790000052.700000) vcan0 100#F70D000000000000
(1790000052.700000) vcan0 101#882C000000000000
(1790000052.700000) vcan0 102#C800000000000000
(1790000052.700000) vcan0 110#0200000000000000
(1790000052.700000) vcan0 120#0300000000000000
(1790000052.700000) vcan0 203#3E00000000000000
(1790000052.720000) vcan0 100#E60D000000000000
(1790000052.720000) vcan0 101#382C000000000000
(1790000052.740000) vcan0 100#D60D000000000000
(1790000052.740000) vcan0 101#E82B000000000000
(1790000052.750000) vcan0 102#C800000000000000
(1790000052.760000) vcan0 100#C50D000000000000
(1790000052.760000) vcan0 101#982B000000000000
(1790000052.780000) vcan0 100#B40D000000000000
(1790000052.780000) vcan0 101#482B000000000000
(1790000052.800000) vcan0 100#A40D000000000000
(1790000052.800000) vcan0 101#F82A000000000000
(1790000052.800000) vcan0 102#C800000000000000
(1790000052.800000) vcan0 110#0200000000000000
(1790000052.800000) vcan0 120#0300000000000000
(1790000052.800000) vcan0 121#0200000000000000
(1790000052.800000) vcan0 203#3D00000000000000
(1790000052.820000) vcan0 100#930D000000000000
(1790000052.820000) vcan0 101#A82A000000000000
(1790000052.840000) vcan0 100#820D000000000000
(1790000052.840000) vcan0 101#582A000000000000
(1790000052.850000) vcan0 102#C800000000000000
(1790000052.860000) vcan0 100#720D000000000000
(1790000052.860000) vcan0 101#082A000000000000
(1790000052.880000) vcan0 100#610D000000000000
(1790000052.880000) vcan0 101#B829000000000000
(1790000052.900000) vcan0 100#500D000000000000
(1790000052.900000) vcan0 101#6829000000000000
(1790000052.900000) vcan0 102#C800000000000000
(1790000052.900000) vcan0 110#0200000000000000
(1790000052.900000) vcan0 120#0300000000000000
(1790000052.900000) vcan0 203#3B00000000000000
(1790000052.920000) vcan0 100#400D000000000000
(1790000052.920000) vcan0 101#1829000000000000
(1790000052.940000) vcan0 100#2F0D000000000000
(1790000052.940000) vcan0 101#C828000000000000
(1790000052.950000) vcan0 102#C800000000000000
(1790000052.960000) vcan0 100#1E0D000000000000
(1790000052.960000) vcan0 101#7828000000000000
(1790000052.980000) vcan0 100#0E0D000000000000
(1790000052.980000) vcan0 101#2828000000000000
(1790000053.000000) vcan0 100#FD0C000000000000
(1790000053.000000) vcan0 101#D827000000000000
(1790000053.000000) vcan0 102#C800000000000000
(1790000053.000000) vcan0 110#0200000000000000
(1790000053.000000) vcan0 120#0300000000000000
(1790000053.000000) vcan0 121#0200000000000000
(1790000053.000000) vcan0 200#8000000000000000
(1790000053.000000) vcan0 201#8400000000000000
(1790000053.000000) vcan0 202#7C00000000000000
(1790000053.000000) vcan0 203#3A00000000000000
(1790000053.000000) vcan0 210#8E00000000000000
(1790000053.000000) vcan0 220#7C00000000000000
(1790000053.000000) vcan0 221#B501000000000000
(1790000053.000000) vcan0 222#4E00000000000000
(1790000053.000000) vcan0 230#9F991C0000000000
(1790000053.000000) vcan0 231#C001000000000000
(1790000053.000000) vcan0 232#0019000000000000
(1790000053.000000) vcan0 240#7300000000000000
(1790000053.000000) vcan0 241#7300000000000000
(1790000053.000000) vcan0 242#6E00000000000000
(1790000053.000000) vcan0 243#6E00000000000000
(1790000053.000000) vcan0 18FF0100#7000000000000000
(1790000053.020000) vcan0 100#EC0C000000000000
(1790000053.020000) vcan0 101#8827000000000000
(1790000053.040000) vcan0 100#DC0C000000000000
(1790000053.040000) vcan0 101#3827000000000000
(1790000053.050000) vcan0 102#C800000000000000
(1790000053.060000) vcan0 100#CB0C000000000000
(1790000053.060000) vcan0 101#E826000000000000
(1790000053.080000) vcan0 100#BA0C000000000000
(1790000053.080000) vcan0 101#9826000000000000
(1790000053.100000) vcan0 100#AA0C000000000000
(1790000053.100000) vcan0 101#4826000000000000
(1790000053.100000) vcan0 102#C800000000000000
(1790000053.100000) vcan0 110#0200000000000000
(1790000053.100000) vcan0 120#0300000000000000
(1790000053.100000) vcan0 203#3900000000000000
(1790000053.120000) vcan0 100#990C000000000000
(1790000053.120000) vcan0 101#F825000000000000
(1790000053.140000) vcan0 100#880C000000000000
(1790000053.140000) vcan0 101#A825000000000000
(1790000053.150000) vcan0 102#C800000000000000
(1790000053.160000) vcan0 100#780C000000000000
(1790000053.160000) vcan0 101#5825000000000000
(1790000053.180000) vcan0 100#670C000000000000
(1790000053.180000) vcan0 101#0825000000000000
(1790000053.200000) vcan0 100#560C000000000000
(1790000053.200000) vcan0 101#B824000000000000
(1790000053.200000) vcan0 102#C800000000000000
(1790000053.200000) vcan0 110#0200000000000000
(1790000053.200000) vcan0 120#0300000000000000
(1790000053.200000) vcan0 121#0200000000000000
(1790000053.200000) vcan0 203#3700000000000000
(1790000053.220000) vcan0 100#460C000000000000
(1790000053.220000) vcan0 101#6824000000000000
(1790000053.240000) vcan0 100#350C000000000000
(1790000053.240000) vcan0 101#1824000000000000
(1790000053.250000) vcan0 102#C800000000000000
(1790000053.260000) vcan0 100#240C000000000000
(1790000053.260000) vcan0 101#C823000000000000
(1790000053.280000) vcan0 100#140C000000000000
(1790000053.280000) vcan0 101#7823000000000000
(1790000053.300000) vcan0 100#030C000000000000
(1790000053.300000) vcan0 101#2823000000000000
(1790000053.300000) vcan0 102#C800000000000000
(1790000053.300000) vcan0 110#0200000000000000
(1790000053.300000) vcan0 120#0300000000000000
(1790000053.300000) vcan0 203#3600000000000000
(1790000053.320000) vcan0 100#F20B000000000000
(1790000053.320000) vcan0 101#D822000000000000
(1790000053.340000) vcan0 100#E20B000000000000
(1790000053.340000) vcan0 101#8822000000000000
(1790000053.350000) vcan0 102#C800000000000000
(1790000053.360000) vcan0 100#D10B000000000000
(1790000053.360000) vcan0 101#3822000000000000
(1790000053.380000) vcan0 100#C00B000000000000
(1790000053.380000) vcan0 101#E821000000000000
(1790000053.400000) vcan0 100#B00B000000000000
(1790000053.400000) vcan0 101#9821000000000000
(1790000053.400000) vcan0 102#C800000000000000
(1790000053.400000) vcan0 110#0200000000000000
(1790000053.400000) vcan0 120#0300000000000000
(1790000053.400000) vcan0 121#0200000000000000
(1790000053.400000) vcan0 203#3500000000000000
(1790000053.420000) vcan0 100#9F0B000000000000
(1790000053.420000) vcan0 101#4821000000000000
(1790000053.440000) vcan0 100#8E0B000000000000
(1790000053.440000) vcan0 101#F820000000000000
(1790000053.450000) vcan0 102#C800000000000000
(1790000053.460000) vcan0 100#7E0B000000000000
(1790000053.460000) vcan0 101#A820000000000000
(1790000053.480000) vcan0 100#6D0B000000000000
(1790000053.480000) vcan0 101#5820000000000000
(1790000053.500000) vcan0 100#5C0B000000000000
(1790000053.500000) vcan0 101#0820000000000000
(1790000053.500000) vcan0 102#C800000000000000
(1790000053.500000) vcan0 110#0200000000000000
(1790000053.500000) vcan0 120#0300000000000000
(1790000053.500000) vcan0 200#8000000000000000
(1790000053.500000) vcan0 201#8400000000000000
(1790000053.500000) vcan0 203#3300000000000000
(1790000053.500000) vcan0 210#8E00000000000000
(1790000053.520000) vcan0 100#4C0B000000000000
(1790000053.520000) vcan0 101#B81F000000000000
(1790000053.540000) vcan0 100#3B0B000000000000
(1790000053.540000) vcan0 101#681F000000000000
(1790000053.550000) vcan0 102#C800000000000000
(1790000053.560000) vcan0 100#2A0B000000000000
(1790000053.560000) vcan0 101#181F000000000000
(1790000053.580000) vcan0 100#1A0B000000000000
(1790000053.580000) vcan0 101#C81E000000000000
(1790000053.600000) vcan0 100#090B000000000000
(1790000053.600000) vcan0 101#781E000000000000
(1790000053.600000) vcan0 102#C800000000000000
(1790000053.600000) vcan0 110#0200000000000000
(1790000053.600000) vcan0 120#0300000000000000
(1790000053.600000) vcan0 121#0200000000000000
(1790000053.600000) vcan0 203#3200000000000000
(1790000053.620000) vcan0 100#F80A000000000000
(1790000053.620000) vcan0 101#281E000000000000
(1790000053.640000) vcan0 100#E80A000000000000
(1790000053.640000) vcan0 101#D81D000000000000
(1790000053.650000) vcan0 102#C800000000000000
(1790000053.660000) vcan0 100#D70A000000000000
(1790000053.660000) vcan0 101#881D000000000000
(1790000053.680000) vcan0 100#C60A000000000000
(1790000053.680000) vcan0 101#381D000000000000
(1790000053.700000) vcan0 100#B60A000000000000
(1790000053.700000) vcan0 101#E81C000000000000
(1790000053.700000) vcan0 102#C800000000000000
(1790000053.700000) vcan0 110#0200000000000000
(1790000053.700000) vcan0 120#0300000000000000
(1790000053.700000) vcan0 203#3100000000000000
(1790000053.720000) vcan0 100#A50A000000000000
(1790000053.720000) vcan0 101#981C000000000000
(1790000053.740000) vcan0 100#940A000000000000
(1790000053.740000) vcan0 101#481C000000000000
(1790000053.750000) vcan0 102#C800000000000000
(1790000053.760000) vcan0 100#840A000000000000
(1790000053.760000) vcan0 101#F81B000000000000
(1790000053.780000) vcan0 100#730A000000000000
(1790000053.780000) vcan0 101#A81B000000000000
(1790000053.800000) vcan0 100#620A000000000000
(1790000053.800000) vcan0 101#581B000000000000
(1790000053.800000) vcan0 102#C800000000000000
(1790000053.800000) vcan0 110#0200000000000000
(1790000053.800000) vcan0 120#0300000000000000
(1790000053.800000) vcan0 121#0200000000000000
(1790000053.800000) vcan0 203#2F00000000000000
(1790000053.820000) vcan0 100#520A000000000000
(1790000053.820000) vcan0 101#081B000000000000
(1790000053.840000) vcan0 100#410A000000000000
(1790000053.840000) vcan0 101#B81A000000000000
(1790000053.850000) vcan0 102#C800000000000000
(1790000053.860000) vcan0 100#300A000000000000
(1790000053.860000) vcan0 101#681A000000000000
(1790000053.880000) vcan0 100#200A000000000000
(1790000053.880000) vcan0 101#181A000000000000
(1790000053.900000) vcan0 100#0F0A000000000000
(1790000053.900000) vcan0 101#C819000000000000
(1790000053.900000) vcan0 102#C800000000000000
(1790000053.900000) vcan0 110#0200000000000000
(1790000053.900000) vcan0 120#0300000000000000
(1790000053.900000) vcan0 203#2E00000000000000
(1790000053.920000) vcan0 100#FE09000000000000
(1790000053.920000) vcan0 101#7819000000000000
(1790000053.940000) vcan0 100#EE09000000000000
(1790000053.940000) vcan0 101#2819000000000000
(1790000053.950000) vcan0 102#C800000000000000
(1790000053.960000) vcan0 100#DD09000000000000
(1790000053.960000) vcan0 101#D818000000000000
(1790000053.980000) vcan0 100#CC09000000000000
(1790000053.980000) vcan0 101#8818000000000000
(1790000054.000000) vcan0 100#BC09000000000000
(1790000054.000000) vcan0 101#3818000000000000
(1790000054.000000) vcan0 102#C800000000000000
(1790000054.000000) vcan0 110#0200000000000000
(1790000054.000000) vcan0 120#0300000000000000
(1790000054.000000) vcan0 121#0200000000000000
(1790000054.000000) vcan0 200#8000000000000000
(1790000054.000000) vcan0 201#8400000000000000
(1790000054.000000) vcan0 202#7C00000000000000
(1790000054.000000) vcan0 203#2D00000000000000
(1790000054.000000) vcan0 210#8E00000000000000
(1790000054.000000) vcan0 220#7C00000000000000
(1790000054.000000) vcan0 221#B501000000000000
(1790000054.000000) vcan0 222#4E00000000000000
(1790000054.000000) vcan0 230#9F991C0000000000
(1790000054.000000) vcan0 231#C001000000000000
(1790000054.000000) vcan0 232#0019000000000000
(1790000054.000000) vcan0 240#7300000000000000
(1790000054.000000) vcan0 241#7300000000000000
(1790000054.000000) vcan0 242#6E00000000000000
(1790000054.000000) vcan0 243#6E00000000000000
(1790000054.000000) vcan0 18FF0100#7000000000000000
(1790000054.020000) vcan0 100#AB09000000000000
(1790000054.020000) vcan0 101#E817000000000000
(1790000054.040000) vcan0 100#9A09000000000000
(1790000054.040000) vcan0 101#9817000000000000
(1790000054.050000) vcan0 102#C800000000000000
(1790000054.060000) vcan0 100#8A09000000000000
(1790000054.060000) vcan0 101#4817000000000000
(1790000054.080000) vcan0 100#7909000000000000
(1790000054.080000) vcan0 101#F816000000000000
(1790000054.100000) vcan0 100#6809000000000000
(1790000054.100000) vcan0 101#A816000000000000
(1790000054.100000) vcan0 102#C800000000000000
(1790000054.100000) vcan0 110#0200000000000000
(1790000054.100000) vcan0 120#0300000000000000
(1790000054.100000) vcan0 203#2B00000000000000
(1790000054.120000) vcan0 100#5809000000000000
(1790000054.120000) vcan0 101#5816000000000000
(1790000054.140000) vcan0 100#4709000000000000
(1790000054.140000) vcan0 101#0816000000000000
(1790000054.150000) vcan0 102#C800000000000000
(1790000054.160000) vcan0 100#3609000000000000
(1790000054.160000) vcan0 101#B815000000000000
(1790000054.180000) vcan0 100#2609000000000000
(1790000054.180000) vcan0 101#6815000000000000
(1790000054.200000) vcan0 100#1509000000000000
(1790000054.200000) vcan0 101#1815000000000000
(1790000054.200000) vcan0 102#C800000000000000
(1790000054.200000) vcan0 110#0200000000000000
(1790000054.200000) vcan0 120#0300000000000000
(1790000054.200000) vcan0 121#0200000000000000
(1790000054.200000) vcan0 203#2A00000000000000
(1790000054.220000) vcan0 100#0409000000000000
(1790000054.220000) vcan0 101#C814000000000000
(1790000054.240000) vcan0 100#F408000000000000
(1790000054.240000) vcan0 101#7814000000000000
(1790000054.250000) vcan0 102#C800000000000000
(1790000054.260000) vcan0 100#E308000000000000
(1790000054.260000) vcan0 101#2814000000000000
(1790000054.280000) vcan0 100#D208000000000000
(1790000054.280000) vcan0 101#D813000000000000
(1790000054.300000) vcan0 100#C208000000000000
(1790000054.300000) vcan0 101#8813000000000000
(1790000054.300000) vcan0 102#C800000000000000
(1790000054.300000) vcan0 110#0200000000000000
(1790000054.300000) vcan0 120#0300000000000000
(1790000054.300000) vcan0 203#2900000000000000
(1790000054.320000) vcan0 100#B108000000000000
(1790000054.320000) vcan0 101#3813000000000000
(1790000054.340000) vcan0 100#A008000000000000
(1790000054.340000) vcan0 101#E812000000000000
(1790000054.350000) vcan0 102#C800000000000000
(1790000054.360000) vcan0 100#9008000000000000
(1790000054.360000) vcan0 101#D83B000000000000
(1790000054.380000) vcan0 100#7F08000000000000
(1790000054.380000) vcan0 101#883B000000000000
(1790000054.400000) vcan0 100#6E08000000000000
(1790000054.400000) vcan0 101#383B000000000000
(1790000054.400000) vcan0 102#C800000000000000
(1790000054.400000) vcan0 110#0100000000000000
(1790000054.400000) vcan0 120#0300000000000000
(1790000054.400000) vcan0 121#0200000000000000
(1790000054.400000) vcan0 203#4B00000000000000
(1790000054.420000) vcan0 100#5E08000000000000
(1790000054.420000) vcan0 101#E83A000000000000
(1790000054.440000) vcan0 100#4D08000000000000
(1790000054.440000) vcan0 101#983A000000000000
(1790000054.450000) vcan0 102#C800000000000000
(1790000054.460000) vcan0 100#3C08000000000000
(1790000054.460000) vcan0 101#483A000000000000
(1790000054.480000) vcan0 100#2C08000000000000
(1790000054.480000) vcan0 101#F839000000000000
(1790000054.500000) vcan0 100#1B08000000000000
(1790000054.500000) vcan0 101#A839000000000000
(1790000054.500000) vcan0 102#C800000000000000
(1790000054.500000) vcan0 110#0100000000000000
(1790000054.500000) vcan0 120#0300000000000000
(1790000054.500000) vcan0 200#8000000000000000
(1790000054.500000) vcan0 201#8400000000000000
(1790000054.500000) vcan0 203#4900000000000000
(1790000054.500000) vcan0 210#8E00000000000000
(1790000054.520000) vcan0 100#0A08000000000000
(1790000054.520000) vcan0 101#5839000000000000
(1790000054.540000) vcan0 100#FA07000000000000
(1790000054.540000) vcan0 101#0839000000000000
(1790000054.550000) vcan0 102#C800000000000000
(1790000054.560000) vcan0 100#E907000000000000
(1790000054.560000) vcan0 101#B838000000000000
(1790000054.580000) vcan0 100#D807000000000000
(1790000054.580000) vcan0 101#6838000000000000
(1790000054.600000) vcan0 100#C807000000000000
(1790000054.600000) vcan0 101#1838000000000000
(1790000054.600000) vcan0 102#C800000000000000
(1790000054.600000) vcan0 110#0100000000000000
(1790000054.600000) vcan0 120#0300000000000000
(1790000054.600000) vcan0 121#0200000000000000
(1790000054.600000) vcan0 203#4800000000000000
(1790000054.620000) vcan0 100#B707000000000000
(1790000054.620000) vcan0 101#C837000000000000
(1790000054.640000) vcan0 100#A607000000000000
(1790000054.640000) vcan0 101#7837000000000000
(1790000054.650000) vcan0 102#C800000000000000
(1790000054.660000) vcan0 100#9607000000000000
(1790000054.660000) vcan0 101#2837000000000000
(1790000054.680000) vcan0 100#8507000000000000
(1790000054.680000) vcan0 101#D836000000000000
(1790000054.700000) vcan0 100#7407000000000000
(1790000054.700000) vcan0 101#8836000000000000
(1790000054.700000) vcan0 102#C800000000000000
(1790000054.700000) vcan0 110#0100000000000000
(1790000054.700000) vcan0 120#0300000000000000
(1790000054.700000) vcan0 203#4700000000000000
(1790000054.720000) vcan0 100#6407000000000000
(1790000054.720000) vcan0 101#3836000000000000
(1790000054.740000) vcan0 100#5307000000000000
(1790000054.740000) vcan0 101#E835000000000000
(1790000054.750000) vcan0 102#C800000000000000
(1790000054.760000) vcan0 100#4207000000000000
(1790000054.760000) vcan0 101#9835000000000000
(1790000054.780000) vcan0 100#3207000000000000
(1790000054.780000) vcan0 101#4835000000000000
(1790000054.800000) vcan0 100#2107000000000000
(1790000054.800000) vcan0 101#F834000000000000
(1790000054.800000) vcan0 102#C800000000000000
(1790000054.800000) vcan0 110#0100000000000000
(1790000054.800000) vcan0 120#0300000000000000
(1790000054.800000) vcan0 121#0200000000000000
(1790000054.800000) vcan0 203#4500000000000000
(1790000054.820000) vcan0 100#1007000000000000
(1790000054.820000) vcan0 101#A834000000000000
(1790000054.840000) vcan0 100#0007000000000000
(1790000054.840000) vcan0 101#5834000000000000
(1790000054.850000) vcan0 102#C800000000000000
(1790000054.860000) vcan0 100#EF06000000000000
(1790000054.860000) vcan0 101#0834000000000000
(1790000054.880000) vcan0 100#DE06000000000000
(1790000054.880000) vcan0 101#B833000000000000
(1790000054.900000) vcan0 100#CE06000000000000
(1790000054.900000) vcan0 101#6833000000000000
(1790000054.900000) vcan0 102#C800000000000000
(1790000054.900000) vcan0 110#0100000000000000
(1790000054.900000) vcan0 120#0300000000000000
(1790000054.900000) vcan0 203#4400000000000000
(1790000054.920000) vcan0 100#BD06000000000000
(1790000054.920000) vcan0 101#1833000000000000
(1790000054.940000) vcan0 100#AC06000000000000
(1790000054.940000) vcan0 101#C832000000000000
(1790000054.950000) vcan0 102#C800000000000000
(1790000054.960000) vcan0 100#9C06000000000000
(1790000054.960000) vcan0 101#7832000000000000
(1790000054.980000) vcan0 100#8B06000000000000
(1790000054.980000) vcan0 101#2832000000000000
(1790000055.000000) vcan0 100#7A06000000000000
(1790000055.000000) vcan0 101#D831000000000000
(1790000055.000000) vcan0 102#C800000000000000
(1790000055.000000) vcan0 110#0100000000000000
(1790000055.000000) vcan0 120#0300000000000000
(1790000055.000000) vcan0 121#0200000000000000
(1790000055.000000) vcan0 200#8000000000000000
(1790000055.000000) vcan0 201#8400000000000000
(1790000055.000000) vcan0 202#7C00000000000000
(1790000055.000000) vcan0 203#4300000000000000
(1790000055.000000) vcan0 210#8E00000000000000
(1790000055.000000) vcan0 220#7C00000000000000
(1790000055.000000) vcan0 221#B501000000000000
(1790000055.000000) vcan0 222#4E00000000000000
(1790000055.000000) vcan0 230#9F991C0000000000
(1790000055.000000) vcan0 231#C001000000000000
(1790000055.000000) vcan0 232#0019000000000000
(1790000055.000000) vcan0 240#7300000000000000
(1790000055.000000) vcan0 241#7300000000000000
(1790000055.000000) vcan0 242#6E00000000000000
(1790000055.000000) vcan0 243#6E00000000000000
(1790000055.000000) vcan0 18FF0100#7000000000000000
(1790000055.020000) vcan0 100#6A06000000000000
(1790000055.020000) vcan0 101#8831000000000000
(1790000055.040000) vcan0 100#5906000000000000
(1790000055.040000) vcan0 101#3831000000000000
(1790000055.050000) vcan0 102#C800000000000000
(1790000055.060000) vcan0 100#4806000000000000
(1790000055.060000) vcan0 101#E830000000000000
(1790000055.080000) vcan0 100#3806000000000000
(1790000055.080000) vcan0 101#9830000000000000
(1790000055.100000) vcan0 100#2706000000000000
(1790000055.100000) vcan0 101#4830000000000000
(1790000055.100000) vcan0 102#C800000000000000
(1790000055.100000) vcan0 110#0100000000000000
(1790000055.100000) vcan0 120#0300000000000000
(1790000055.100000) vcan0 203#4100000000000000
(1790000055.120000) vcan0 100#1606000000000000
(1790000055.120000) vcan0 101#F82F000000000000
(1790000055.140000) vcan0 100#0606000000000000
(1790000055.140000) vcan0 101#A82F000000000000
(1790000055.150000) vcan0 102#C800000000000000
(1790000055.160000) vcan0 100#F505000000000000
(1790000055.160000) vcan0 101#582F000000000000
(1790000055.180000) vcan0 100#E405000000000000
(1790000055.180000) vcan0 101#082F000000000000
(1790000055.200000) vcan0 100#D405000000000000
(1790000055.200000) vcan0 101#B82E000000000000
(1790000055.200000) vcan0 102#C800000000000000
(1790000055.200000) vcan0 110#0100000000000000
(1790000055.200000) vcan0 120#0300000000000000
(1790000055.200000) vcan0 121#0200000000000000
(1790000055.200000) vcan0 203#4000000000000000
(1790000055.220000) vcan0 100#C305000000000000
(1790000055.220000) vcan0 101#682E000000000000
(1790000055.240000) vcan0 100#B205000000000000
(1790000055.240000) vcan0 101#182E000000000000
(1790000055.250000) vcan0 102#C800000000000000
(1790000055.260000) vcan0 100#A205000000000000
(1790000055.260000) vcan0 101#C82D000000000000
(1790000055.280000) vcan0 100#9105000000000000
(1790000055.280000) vcan0 101#782D000000000000
(1790000055.300000) vcan0 100#8005000000000000
(1790000055.300000) vcan0 101#282D000000000000
(1790000055.300000) vcan0 102#C800000000000000
(1790000055.300000) vcan0 110#0100000000000000
(1790000055.300000) vcan0 120#0300000000000000
(1790000055.300000) vcan0 203#3F00000000000000
(1790000055.320000) vcan0 100#7005000000000000
(1790000055.320000) vcan0 101#D82C000000000000
(1790000055.340000) vcan0 100#5F05000000000000
(1790000055.340000) vcan0 101#882C000000000000
(1790000055.350000) vcan0 102#C800000000000000
(1790000055.360000) vcan0 100#4E05000000000000
(1790000055.360000) vcan0 101#382C000000000000
(1790000055.380000) vcan0 100#3E05000000000000
(1790000055.380000) vcan0 101#E82B000000000000
(1790000055.400000) vcan0 100#2D05000000000000
(1790000055.400000) vcan0 101#982B000000000000
(1790000055.400000) vcan0 102#C800000000000000
(1790000055.400000) vcan0 110#0100000000000000
(1790000055.400000) vcan0 120#0300000000000000
(1790000055.400000) vcan0 121#0200000000000000
(1790000055.400000) vcan0 203#3D00000000000000
(1790000055.420000) vcan0 100#1C05000000000000
(1790000055.420000) vcan0 101#482B000000000000
(1790000055.440000) vcan0 100#0C05000000000000
(1790000055.440000) vcan0 101#F82A000000000000
(1790000055.450000) vcan0 102#C800000000000000
(1790000055.460000) vcan0 100#FB04000000000000
(1790000055.460000) vcan0 101#A82A000000000000
(1790000055.480000) vcan0 100#EA04000000000000
(1790000055.480000) vcan0 101#582A000000000000
(1790000055.500000) vcan0 100#DA04000000000000
(1790000055.500000) vcan0 101#082A000000000000
(1790000055.500000) vcan0 102#C800000000000000
(1790000055.500000) vcan0 110#0100000000000000
(1790000055.500000) vcan0 120#0300000000000000
(1790000055.500000) vcan0 200#8000000000000000
(1790000055.500000) vcan0 201#8400000000000000
(1790000055.500000) vcan0 203#3C00000000000000
(1790000055.500000) vcan0 210#8E00000000000000
(1790000055.520000) vcan0 100#C904000000000000
(1790000055.520000) vcan0 101#B829000000000000
(1790000055.540000) vcan0 100#B804000000000000
(1790000055.540000) vcan0 101#6829000000000000
(1790000055.550000) vcan0 102#C800000000000000
(1790000055.560000) vcan0 100#A804000000000000
(1790000055.560000) vcan0 101#1829000000000000
(1790000055.580000) vcan0 100#9704000000000000
(1790000055.580000) vcan0 101#C828000000000000
(1790000055.600000) vcan0 100#8604000000000000
(1790000055.600000) vcan0 101#7828000000000000
(1790000055.600000) vcan0 102#C800000000000000
(1790000055.600000) vcan0 110#0100000000000000
(1790000055.600000) vcan0 120#0300000000000000
(1790000055.600000) vcan0 121#0200000000000000
(1790000055.600000) vcan0 203#3B00000000000000
(1790000055.620000) vcan0 100#7604000000000000
(1790000055.620000) vcan0 101#2828000000000000
(1790000055.640000) vcan0 100#6504000000000000
(1790000055.640000) vcan0 101#D827000000000000
(1790000055.650000) vcan0 102#C800000000000000
(1790000055.660000) vcan0 100#5404000000000000
(1790000055.660000) vcan0 101#8827000000000000
(1790000055.680000) vcan0 100#4404000000000000
(1790000055.680000) vcan0 101#3827000000000000
(1790000055.700000) vcan0 100#3304000000000000
(1790000055.700000) vcan0 101#E826000000000000
(1790000055.700000) vcan0 102#C800000000000000
(1790000055.700000) vcan0 110#0100000000000000
(1790000055.700000) vcan0 120#0300000000000000
(1790000055.700000) vcan0 203#3900000000000000
(1790000055.720000) vcan0 100#2204000000000000
(1790000055.720000) vcan0 101#9826000000000000
(1790000055.740000) vcan0 100#1204000000000000
(1790000055.740000) vcan0 101#4826000000000000
(1790000055.750000) vcan0 102#C800000000000000
(1790000055.760000) vcan0 100#0104000000000000
(1790000055.760000) vcan0 101#F825000000000000
(1790000055.780000) vcan0 100#F003000000000000
(1790000055.780000) vcan0 101#A825000000000000
(1790000055.800000) vcan0 100#E003000000000000
(1790000055.800000) vcan0 101#5825000000000000
(1790000055.800000) vcan0 102#C800000000000000
(1790000055.800000) vcan0 110#0100000000000000
(1790000055.800000) vcan0 120#0300000000000000
(1790000055.800000) vcan0 121#0200000000000000
(1790000055.800000) vcan0 203#3800000000000000
(1790000055.820000) vcan0 100#CF03000000000000
(1790000055.820000) vcan0 101#0825000000000000
(1790000055.840000) vcan0 100#BE03000000000000
(1790000055.840000) vcan0 101#B824000000000000
(1790000055.850000) vcan0 102#C800000000000000
(1790000055.860000) vcan0 100#AE03000000000000
(1790000055.860000) vcan0 101#6824000000000000
(1790000055.880000) vcan0 100#9D03000000000000
(1790000055.880000) vcan0 101#1824000000000000
(1790000055.900000) vcan0 100#8C03000000000000
(1790000055.900000) vcan0 101#C823000000000000
(1790000055.900000) vcan0 102#C800000000000000
(1790000055.900000) vcan0 110#0100000000000000
(1790000055.900000) vcan0 120#0300000000000000
(1790000055.900000) vcan0 203#3700000000000000
(1790000055.920000) vcan0 100#7C03000000000000
(1790000055.920000) vcan0 101#7823000000000000
(1790000055.940000) vcan0 100#6B03000000000000
(1790000055.940000) vcan0 101#2823000000000000
(1790000055.950000) vcan0 102#C800000000000000
(1790000055.960000) vcan0 100#5A03000000000000
(1790000055.960000) vcan0 101#D822000000000000
(1790000055.980000) vcan0 100#4A03000000000000
(1790000055.980000) vcan0 101#8822000000000000
(1790000056.000000) vcan0 100#3903000000000000
(1790000056.000000) vcan0 101#3822000000000000
(1790000056.000000) vcan0 102#C800000000000000
(1790000056.000000) vcan0 110#0100000000000000
(1790000056.000000) vcan0 120#0300000000000000
(1790000056.000000) vcan0 121#0200000000000000
(1790000056.000000) vcan0 200#8000000000000000
(1790000056.000000) vcan0 201#8400000000000000
(1790000056.000000) vcan0 202#7C00000000000000
(1790000056.000000) vcan0 203#3500000000000000
(1790000056.000000) vcan0 210#8E00000000000000
(1790000056.000000) vcan0 220#7C00000000000000
(1790000056.000000) vcan0 221#B501000000000000
(1790000056.000000) vcan0 222#4E00000000000000
(1790000056.000000) vcan0 230#9F991C0000000000
(1790000056.000000) vcan0 231#C001000000000000
(1790000056.000000) vcan0 232#0019000000000000
(1790000056.000000) vcan0 240#7300000000000000
(1790000056.000000) vcan0 241#7300000000000000
(1790000056.000000) vcan0 242#6E00000000000000
(1790000056.000000) vcan0 243#6E00000000000000
(1790000056.000000) vcan0 18FF0100#7000000000000000
(1790000056.020000) vcan0 100#2803000000000000
(1790000056.020000) vcan0 101#E821000000000000
(1790000056.040000) vcan0 100#1803000000000000
(1790000056.040000) vcan0 101#9821000000000000
(1790000056.050000) vcan0 102#C800000000000000
(1790000056.060000) vcan0 100#0703000000000000
(1790000056.060000) vcan0 101#4821000000000000
(1790000056.080000) vcan0 100#F602000000000000
(1790000056.080000) vcan0 101#F820000000000000
(1790000056.100000) vcan0 100#E602000000000000
(1790000056.100000) vcan0 101#A820000000000000
(1790000056.100000) vcan0 102#C800000000000000
(1790000056.100000) vcan0 110#0100000000000000
(1790000056.100000) vcan0 120#0300000000000000
(1790000056.100000) vcan0 203#3400000000000000
(1790000056.120000) vcan0 100#D502000000000000
(1790000056.120000) vcan0 101#5820000000000000
(1790000056.140000) vcan0 100#C402000000000000
(1790000056.140000) vcan0 101#0820000000000000
(1790000056.150000) vcan0 102#C800000000000000
(1790000056.160000) vcan0 100#B402000000000000
(1790000056.160000) vcan0 101#B81F000000000000
(1790000056.180000) vcan0 100#A302000000000000
(1790000056.180000) vcan0 101#681F000000000000
(1790000056.200000) vcan0 100#9202000000000000
(1790000056.200000) vcan0 101#181F000000000000
(1790000056.200000) vcan0 102#C800000000000000
(1790000056.200000) vcan0 110#0100000000000000
(1790000056.200000) vcan0 120#0300000000000000
(1790000056.200000) vcan0 121#0200000000000000
(1790000056.200000) vcan0 203#3300000000000000
(1790000056.220000) vcan0 100#8202000000000000
(1790000056.220000) vcan0 101#C81E000000000000
(1790000056.240000) vcan0 100#7102000000000000
(1790000056.240000) vcan0 101#781E000000000000
(1790000056.250000) vcan0 102#C800000000000000
(1790000056.260000) vcan0 100#6002000000000000
(1790000056.260000) vcan0 101#281E000000000000
(1790000056.280000) vcan0 100#5002000000000000
(1790000056.280000) vcan0 101#D81D000000000000
(1790000056.300000) vcan0 100#3F02000000000000
(1790000056.300000) vcan0 101#881D000000000000
(1790000056.300000) vcan0 102#C800000000000000
(1790000056.300000) vcan0 110#0100000000000000
(1790000056.300000) vcan0 120#0300000000000000
(1790000056.300000) vcan0 203#3100000000000000
(1790000056.320000) vcan0 100#2E02000000000000
(1790000056.320000) vcan0 101#381D000000000000
(1790000056.340000) vcan0 100#1E02000000000000
(1790000056.340000) vcan0 101#E81C000000000000
(1790000056.350000) vcan0 102#C800000000000000
(1790000056.360000) vcan0 100#0D02000000000000
(1790000056.360000) vcan0 101#981C000000000000
(1790000056.380000) vcan0 100#FC01000000000000
(1790000056.380000) vcan0 101#481C000000000000
(1790000056.400000) vcan0 100#EC01000000000000
(1790000056.400000) vcan0 101#F81B000000000000
(1790000056.400000) vcan0 102#C800000000000000
(1790000056.400000) vcan0 110#0100000000000000
(1790000056.400000) vcan0 120#0300000000000000
(1790000056.400000) vcan0 121#0200000000000000
(1790000056.400000) vcan0 203#3000000000000000
(1790000056.420000) vcan0 100#DB01000000000000
(1790000056.420000) vcan0 101#A81B000000000000
(1790000056.440000) vcan0 100#CA01000000000000
(1790000056.440000) vcan0 101#581B000000000000
(1790000056.450000) vcan0 102#C800000000000000
(1790000056.460000) vcan0 100#BA01000000000000
(1790000056.460000) vcan0 101#081B000000000000
(1790000056.480000) vcan0 100#A901000000000000
(1790000056.480000) vcan0 101#B81A000000000000
(1790000056.500000) vcan0 100#9801000000000000
(1790000056.500000) vcan0 101#681A000000000000
(1790000056.500000) vcan0 102#C800000000000000
(1790000056.500000) vcan0 110#0100000000000000
(1790000056.500000) vcan0 120#0300000000000000
(1790000056.500000) vcan0 200#8000000000000000
(1790000056.500000) vcan0 201#8400000000000000
(1790000056.500000) vcan0 203#2F00000000000000
(1790000056.500000) vcan0 210#8E00000000000000
(1790000056.520000) vcan0 100#8801000000000000
(1790000056.520000) vcan0 101#181A000000000000
(1790000056.540000) vcan0 100#7701000000000000
(1790000056.540000) vcan0 101#C819000000000000
(1790000056.550000) vcan0 102#C800000000000000
(1790000056.560000) vcan0 100#6601000000000000
(1790000056.560000) vcan0 101#7819000000000000
(1790000056.580000) vcan0 100#5601000000000000
(1790000056.580000) vcan0 101#2819000000000000
(1790000056.600000) vcan0 100#4501000000000000
(1790000056.600000) vcan0 101#D818000000000000
(1790000056.600000) vcan0 102#C800000000000000
(1790000056.600000) vcan0 110#0100000000000000
(1790000056.600000) vcan0 120#0300000000000000
(1790000056.600000) vcan0 121#0200000000000000
(1790000056.600000) vcan0 203#2D00000000000000
(1790000056.620000) vcan0 100#3401000000000000
(1790000056.620000) vcan0 101#8818000000000000
(1790000056.640000) vcan0 100#2401000000000000
(1790000056.640000) vcan0 101#3818000000000000
(1790000056.650000) vcan0 102#C800000000000000
(1790000056.660000) vcan0 100#1301000000000000
(1790000056.660000) vcan0 101#E817000000000000
(1790000056.680000) vcan0 100#0201000000000000
(1790000056.680000) vcan0 101#9817000000000000
(1790000056.700000) vcan0 100#F200000000000000
(1790000056.700000) vcan0 101#4817000000000000
(1790000056.700000) vcan0 102#C800000000000000
(1790000056.700000) vcan0 110#0100000000000000
(1790000056.700000) vcan0 120#0300000000000000
(1790000056.700000) vcan0 203#2C00000000000000
(1790000056.720000) vcan0 100#E100000000000000
(1790000056.720000) vcan0 101#F816000000000000
(1790000056.740000) vcan0 100#D000000000000000
(1790000056.740000) vcan0 101#A816000000000000
(1790000056.750000) vcan0 102#C800000000000000
(1790000056.760000) vcan0 100#C000000000000000
(1790000056.760000) vcan0 101#5816000000000000
(1790000056.780000) vcan0 100#AF00000000000000
(1790000056.780000) vcan0 101#0816000000000000
(1790000056.800000) vcan0 100#9E00000000000000
(1790000056.800000) vcan0 101#B815000000000000
(1790000056.800000) vcan0 102#C800000000000000
(1790000056.800000) vcan0 110#0100000000000000
(1790000056.800000) vcan0 120#0300000000000000
(1790000056.800000) vcan0 121#0200000000000000
(1790000056.800000) vcan0 203#2B00000000000000
(1790000056.820000) vcan0 100#8E00000000000000
(1790000056.820000) vcan0 101#6815000000000000
(1790000056.840000) vcan0 100#7D00000000000000
(1790000056.840000) vcan0 101#1815000000000000
(1790000056.850000) vcan0 102#C800000000000000
(1790000056.860000) vcan0 100#6C00000000000000
(1790000056.860000) vcan0 101#C814000000000000
(1790000056.880000) vcan0 100#5C00000000000000
(1790000056.880000) vcan0 101#800C000000000000
(1790000056.900000) vcan0 100#4B00000000000000
(1790000056.900000) vcan0 101#800C000000000000
(1790000056.900000) vcan0 102#A8FD000000000000
(1790000056.900000) vcan0 110#0000000000000000
(1790000056.900000) vcan0 120#0300000000000000
(1790000056.900000) vcan0 203#2300000000000000
(1790000056.920000) vcan0 100#3A00000000000000
(1790000056.920000) vcan0 101#800C000000000000
(1790000056.940000) vcan0 100#2A00000000000000
(1790000056.940000) vcan0 101#800C000000000000
(1790000056.950000) vcan0 102#A8FD000000000000
(1790000056.960000) vcan0 100#1900000000000000
(1790000056.960000) vcan0 101#800C000000000000
(1790000056.980000) vcan0 100#0800000000000000
(1790000056.980000) vcan0 101#800C000000000000
(1790000057.000000) vcan0 100#0000000000000000
(1790000057.000000) vcan0 101#800C000000000000
(1790000057.000000) vcan0 102#A8FD000000000000
(1790000057.000000) vcan0 110#0000000000000000
(1790000057.000000) vcan0 120#0300000000000000
(1790000057.000000) vcan0 121#0200000000000000
(1790000057.000000) vcan0 200#8000000000000000
(1790000057.000000) vcan0 201#8400000000000000
(1790000057.000000) vcan0 202#7C00000000000000
(1790000057.000000) vcan0 203#2300000000000000
(1790000057.000000) vcan0 210#8E00000000000000
(1790000057.000000) vcan0 220#7C00000000000000
(1790000057.000000) vcan0 221#B501000000000000
(1790000057.000000) vcan0 222#4E00000000000000
(1790000057.000000) vcan0 230#9F991C0000000000
(1790000057.000000) vcan0 231#C001000000000000
(1790000057.000000) vcan0 232#0019000000000000
(1790000057.000000) vcan0 240#7300000000000000
(1790000057.000000) vcan0 241#7300000000000000
(1790000057.000000) vcan0 242#6E00000000000000
(1790000057.000000) vcan0 243#6E00000000000000
(1790000057.000000) vcan0 18FF0100#7000000000000000
(1790000057.020000) vcan0 100#0000000000000000
(1790000057.020000) vcan0 101#800C000000000000
(1790000057.040000) vcan0 100#0000000000000000
(1790000057.040000) vcan0 101#800C000000000000
(1790000057.050000) vcan0 102#A8FD000000000000
(1790000057.060000) vcan0 100#0000000000000000
(1790000057.060000) vcan0 101#800C000000000000
(1790000057.080000) vcan0 100#0000000000000000
(1790000057.080000) vcan0 101#800C000000000000
(1790000057.100000) vcan0 100#0000000000000000
(1790000057.100000) vcan0 101#800C000000000000
(1790000057.100000) vcan0 102#A8FD000000000000
(1790000057.100000) vcan0 110#0000000000000000
(1790000057.100000) vcan0 120#0300000000000000
(1790000057.100000) vcan0 203#2300000000000000
(1790000057.120000) vcan0 100#0000000000000000
(1790000057.120000) vcan0 101#800C000000000000
(1790000057.140000) vcan0 100#0000000000000000
(1790000057.140000) vcan0 101#800C000000000000
(1790000057.150000) vcan0 102#A8FD000000000000
(1790000057.160000) vcan0 100#0000000000000000
(1790000057.160000) vcan0 101#800C000000000000
(1790000057.180000) vcan0 100#0000000000000000
(1790000057.180000) vcan0 101#800C000000000000
(1790000057.200000) vcan0 100#0000000000000000
(1790000057.200000) vcan0 101#800C000000000000
(1790000057.200000) vcan0 102#A8FD000000000000
(1790000057.200000) vcan0 110#0000000000000000
(1790000057.200000) vcan0 120#0300000000000000
(1790000057.200000) vcan0 121#0200000000000000
(1790000057.200000) vcan0 203#2300000000000000
(1790000057.220000) vcan0 100#0000000000000000
(1790000057.220000) vcan0 101#800C000000000000
(1790000057.240000) vcan0 100#0000000000000000
(1790000057.240000) vcan0 101#800C000000000000
(1790000057.250000) vcan0 102#A8FD000000000000
(1790000057.260000) vcan0 100#0000000000000000
(1790000057.260000) vcan0 101#800C000000000000
(1790000057.280000) vcan0 100#0000000000000000
(1790000057.280000) vcan0 101#800C000000000000
(1790000057.300000) vcan0 100#0000000000000000
(1790000057.300000) vcan0 101#800C000000000000
(1790000057.300000) vcan0 102#A8FD000000000000
(1790000057.300000) vcan0 110#0000000000000000
(1790000057.300000) vcan0 120#0300000000000000
(1790000057.300000) vcan0 203#2300000000000000
(1790000057.320000) vcan0 100#0000000000000000
(1790000057.320000) vcan0 101#800C000000000000
(1790000057.340000) vcan0 100#0000000000000000
(1790000057.340000) vcan0 101#800C000000000000
(1790000057.350000) vcan0 102#A8FD000000000000
(1790000057.360000) vcan0 100#0000000000000000
(1790000057.360000) vcan0 101#800C000000000000
(1790000057.380000) vcan0 100#0000000000000000
(1790000057.380000) vcan0 101#800C000000000000
(1790000057.400000) vcan0 100#0000000000000000
(1790000057.400000) vcan0 101#800C000000000000
(1790000057.400000) vcan0 102#A8FD000000000000
(1790000057.400000) vcan0 110#0000000000000000
(1790000057.400000) vcan0 120#0300000000000000
(1790000057.400000) vcan0 121#0200000000000000
(1790000057.400000) vcan0 203#2300000000000000
(1790000057.420000) vcan0 100#0000000000000000
(1790000057.420000) vcan0 101#800C000000000000
(1790000057.440000) vcan0 100#0000000000000000
(1790000057.440000) vcan0 101#800C000000000000
(1790000057.450000) vcan0 102#A8FD000000000000
(1790000057.460000) vcan0 100#0000000000000000
(1790000057.460000) vcan0 101#800C000000000000
(1790000057.480000) vcan0 100#0000000000000000
(1790000057.480000) vcan0 101#800C000000000000
(1790000057.500000) vcan0 100#0000000000000000
(1790000057.500000) vcan0 101#800C000000000000
(1790000057.500000) vcan0 102#A8FD000000000000
(1790000057.500000) vcan0 110#0000000000000000
(1790000057.500000) vcan0 120#0300000000000000
(1790000057.500000) vcan0 200#8000000000000000
(1790000057.500000) vcan0 201#8400000000000000
(1790000057.500000) vcan0 203#2300000000000000
(1790000057.500000) vcan0 210#8E00000000000000
(1790000057.520000) vcan0 100#0000000000000000
(1790000057.520000) vcan0 101#800C000000000000
(1790000057.540000) vcan0 100#0000000000000000
(1790000057.540000) vcan0 101#800C000000000000
(1790000057.550000) vcan0 102#A8FD000000000000
(1790000057.560000) vcan0 100#0000000000000000
(1790000057.560000) vcan0 101#800C000000000000
(1790000057.580000) vcan0 100#0000000000000000
(1790000057.580000) vcan0 101#800C000000000000
(1790000057.600000) vcan0 100#0000000000000000
(1790000057.600000) vcan0 101#800C000000000000
(1790000057.600000) vcan0 102#A8FD000000000000
(1790000057.600000) vcan0 110#0000000000000000
(1790000057.600000) vcan0 120#0300000000000000
(1790000057.600000) vcan0 121#0200000000000000
(1790000057.600000) vcan0 203#2300000000000000
(1790000057.620000) vcan0 100#0000000000000000
(1790000057.620000) vcan0 101#800C000000000000
(1790000057.640000) vcan0 100#0000000000000000
(1790000057.640000) vcan0 101#800C000000000000
(1790000057.650000) vcan0 102#A8FD000000000000
(1790000057.660000) vcan0 100#0000000000000000
(1790000057.660000) vcan0 101#800C000000000000
(1790000057.680000) vcan0 100#0000000000000000
(1790000057.680000) vcan0 101#800C000000000000
(1790000057.700000) vcan0 100#0000000000000000
(1790000057.700000) vcan0 101#800C000000000000
(1790000057.700000) vcan0 102#A8FD000000000000
(1790000057.700000) vcan0 110#0000000000000000
(1790000057.700000) vcan0 120#0300000000000000
(1790000057.700000) vcan0 203#2300000000000000
(1790000057.720000) vcan0 100#0000000000000000
(1790000057.720000) vcan0 101#800C000000000000
(1790000057.740000) vcan0 100#0000000000000000
(1790000057.740000) vcan0 101#800C000000000000
(1790000057.750000) vcan0 102#A8FD000000000000
(1790000057.760000) vcan0 100#0000000000000000
(1790000057.760000) vcan0 101#800C000000000000
(1790000057.780000) vcan0 100#0000000000000000
(1790000057.780000) vcan0 101#800C000000000000
(1790000057.800000) vcan0 100#0000000000000000
(1790000057.800000) vcan0 101#800C000000000000
(1790000057.800000) vcan0 102#A8FD000000000000
(1790000057.800000) vcan0 110#0000000000000000
(1790000057.800000) vcan0 120#0300000000000000
(1790000057.800000) vcan0 121#0200000000000000
(1790000057.800000) vcan0 203#2300000000000000
(1790000057.820000) vcan0 100#0000000000000000
(1790000057.820000) vcan0 101#800C000000000000
(1790000057.840000) vcan0 100#0000000000000000
(1790000057.840000) vcan0 101#800C000000000000
(1790000057.850000) vcan0 102#A8FD000000000000
(1790000057.860000) vcan0 100#0000000000000000
(1790000057.860000) vcan0 101#800C000000000000
(1790000057.880000) vcan0 100#0000000000000000
(1790000057.880000) vcan0 101#800C000000000000
(1790000057.900000) vcan0 100#0000000000000000
(1790000057.900000) vcan0 101#800C000000000000
(1790000057.900000) vcan0 102#A8FD000000000000
(1790000057.900000) vcan0 110#0000000000000000
(1790000057.900000) vcan0 120#0300000000000000
(1790000057.900000) vcan0 203#2300000000000000
(1790000057.920000) vcan0 100#0000000000000000
(1790000057.920000) vcan0 101#800C000000000000
(1790000057.940000) vcan0 100#0000000000000000
(1790000057.940000) vcan0 101#800C000000000000
(1790000057.950000) vcan0 102#A8FD000000000000
(1790000057.960000) vcan0 100#0000000000000000
(1790000057.960000) vcan0 101#800C000000000000
(1790000057.980000) vcan0 100#0000000000000000
(1790000057.980000) vcan0 101#800C000000000000
(1790000058.000000) vcan0 100#0000000000000000
(1790000058.000000) vcan0 101#800C000000000000
(1790000058.000000) vcan0 102#A8FD000000000000
(1790000058.000000) vcan0 110#0000000000000000
(1790000058.000000) vcan0 120#0300000000000000
(1790000058.000000) vcan0 121#0200000000000000
(1790000058.000000) vcan0 200#8000000000000000
(1790000058.000000) vcan0 201#8400000000000000
(1790000058.000000) vcan0 202#7C00000000000000
(1790000058.000000) vcan0 203#2300000000000000
(1790000058.000000) vcan0 210#8E00000000000000
(1790000058.000000) vcan0 220#7C00000000000000
(1790000058.000000) vcan0 221#B501000000000000
(1790000058.000000) vcan0 222#4E00000000000000
(1790000058.000000) vcan0 230#9F991C0000000000
(1790000058.000000) vcan0 231#C001000000000000
(1790000058.000000) vcan0 232#0019000000000000
(1790000058.000000) vcan0 240#7300000000000000
(1790000058.000000) vcan0 241#7300000000000000
(1790000058.000000) vcan0 242#6E00000000000000
(1790000058.000000) vcan0 243#6E00000000000000
(1790000058.000000) vcan0 18FF0100#7000000000000000
(1790000058.020000) vcan0 100#0000000000000000
(1790000058.020000) vcan0 101#800C000000000000
(1790000058.040000) vcan0 100#0000000000000000
(1790000058.040000) vcan0 101#800C000000000000
(1790000058.050000) vcan0 102#A8FD000000000000
(1790000058.060000) vcan0 100#0000000000000000
(1790000058.060000) vcan0 101#800C000000000000
(1790000058.080000) vcan0 100#0000000000000000
(1790000058.080000) vcan0 101#800C000000000000
(1790000058.100000) vcan0 100#0000000000000000
(1790000058.100000) vcan0 101#800C000000000000
(1790000058.100000) vcan0 102#A8FD000000000000
(1790000058.100000) vcan0 110#0000000000000000
(1790000058.100000) vcan0 120#0300000000000000
(1790000058.100000) vcan0 203#2300000000000000
(1790000058.120000) vcan0 100#0000000000000000
(1790000058.120000) vcan0 101#800C000000000000
(1790000058.140000) vcan0 100#0000000000000000
(1790000058.140000) vcan0 101#800C000000000000
(1790000058.150000) vcan0 102#A8FD000000000000
(1790000058.160000) vcan0 100#0000000000000000
(1790000058.160000) vcan0 101#800C000000000000
(1790000058.180000) vcan0 100#0000000000000000
(1790000058.180000) vcan0 101#800C000000000000
(1790000058.200000) vcan0 100#0000000000000000
(1790000058.200000) vcan0 101#800C000000000000
(1790000058.200000) vcan0 102#A8FD000000000000
(1790000058.200000) vcan0 110#0000000000000000
(1790000058.200000) vcan0 120#0300000000000000
(1790000058.200000) vcan0 121#0200000000000000
(1790000058.200000) vcan0 203#2300000000000000
(1790000058.220000) vcan0 100#0000000000000000
(1790000058.220000) vcan0 101#800C000000000000
(1790000058.240000) vcan0 100#0000000000000000
(1790000058.240000) vcan0 101#800C000000000000
(1790000058.250000) vcan0 102#A8FD000000000000
(1790000058.260000) vcan0 100#0000000000000000
(1790000058.260000) vcan0 101#800C000000000000
(1790000058.280000) vcan0 100#0000000000000000
(1790000058.280000) vcan0 101#800C000000000000
(1790000058.300000) vcan0 100#0000000000000000
(1790000058.300000) vcan0 101#800C000000000000
(1790000058.300000) vcan0 102#A8FD000000000000
(1790000058.300000) vcan0 110#0000000000000000
(1790000058.300000) vcan0 120#0300000000000000
(1790000058.300000) vcan0 203#2300000000000000
(1790000058.320000) vcan0 100#0000000000000000
(1790000058.320000) vcan0 101#800C000000000000
(1790000058.340000) vcan0 100#0000000000000000
(1790000058.340000) vcan0 101#800C000000000000
(1790000058.350000) vcan0 102#A8FD000000000000
(1790000058.360000) vcan0 100#0000000000000000
(1790000058.360000) vcan0 101#800C000000000000
(1790000058.380000) vcan0 100#0000000000000000
(1790000058.380000) vcan0 101#800C000000000000
(1790000058.400000) vcan0 100#0000000000000000
(1790000058.400000) vcan0 101#800C000000000000
(1790000058.400000) vcan0 102#A8FD000000000000
(1790000058.400000) vcan0 110#0000000000000000
(1790000058.400000) vcan0 120#0300000000000000
(1790000058.400000) vcan0 121#0200000000000000
(1790000058.400000) vcan0 203#2300000000000000
(1790000058.420000) vcan0 100#0000000000000000
(1790000058.420000) vcan0 101#800C000000000000
(1790000058.440000) vcan0 100#0000000000000000
(1790000058.440000) vcan0 101#800C000000000000
(1790000058.450000) vcan0 102#A8FD000000000000
(1790000058.460000) vcan0 100#0000000000000000
(1790000058.460000) vcan0 101#800C000000000000
(1790000058.480000) vcan0 100#0000000000000000
(1790000058.480000) vcan0 101#800C000000000000
(1790000058.500000) vcan0 100#0000000000000000
(1790000058.500000) vcan0 101#800C000000000000
(1790000058.500000) vcan0 102#A8FD000000000000
(1790000058.500000) vcan0 110#0000000000000000
(1790000058.500000) vcan0 120#0300000000000000
(1790000058.500000) vcan0 200#8000000000000000
(1790000058.500000) vcan0 201#8400000000000000
(1790000058.500000) vcan0 203#2300000000000000
(1790000058.500000) vcan0 210#8E00000000000000
(1790000058.520000) vcan0 100#0000000000000000
(1790000058.520000) vcan0 101#800C000000000000
(1790000058.540000) vcan0 100#0000000000000000
(1790000058.540000) vcan0 101#800C000000000000
(1790000058.550000) vcan0 102#A8FD000000000000
(1790000058.560000) vcan0 100#0000000000000000
(1790000058.560000) vcan0 101#800C000000000000
(1790000058.580000) vcan0 100#0000000000000000
(1790000058.580000) vcan0 101#800C000000000000
(1790000058.600000) vcan0 100#0000000000000000
(1790000058.600000) vcan0 101#800C000000000000
(1790000058.600000) vcan0 102#A8FD000000000000
(1790000058.600000) vcan0 110#0000000000000000
(1790000058.600000) vcan0 120#0300000000000000
(1790000058.600000) vcan0 121#0200000000000000
(1790000058.600000) vcan0 203#2300000000000000
(1790000058.620000) vcan0 100#0000000000000000
(1790000058.620000) vcan0 101#800C000000000000
(1790000058.640000) vcan0 100#0000000000000000
(1790000058.640000) vcan0 101#800C000000000000
(1790000058.650000) vcan0 102#A8FD000000000000
(1790000058.660000) vcan0 100#0000000000000000
(1790000058.660000) vcan0 101#800C000000000000
(1790000058.680000) vcan0 100#0000000000000000
(1790000058.680000) vcan0 101#800C000000000000
(1790000058.700000) vcan0 100#0000000000000000
(1790000058.700000) vcan0 101#800C000000000000
(1790000058.700000) vcan0 102#A8FD000000000000
(1790000058.700000) vcan0 110#0000000000000000
(1790000058.700000) vcan0 120#0300000000000000
(1790000058.700000) vcan0 203#2300000000000000
(1790000058.720000) vcan0 100#0000000000000000
(1790000058.720000) vcan0 101#800C000000000000
(1790000058.740000) vcan0 100#0000000000000000
(1790000058.740000) vcan0 101#800C000000000000
(1790000058.750000) vcan0 102#A8FD000000000000
(1790000058.760000) vcan0 100#0000000000000000
(1790000058.760000) vcan0 101#800C000000000000
(1790000058.780000) vcan0 100#0000000000000000
(1790000058.780000) vcan0 101#800C000000000000
(1790000058.800000) vcan0 100#0000000000000000
(1790000058.800000) vcan0 101#800C000000000000
(1790000058.800000) vcan0 102#A8FD000000000000
(1790000058.800000) vcan0 110#0000000000000000
(1790000058.800000) vcan0 120#0300000000000000
(1790000058.800000) vcan0 121#0200000000000000
(1790000058.800000) vcan0 203#2300000000000000
(1790000058.820000) vcan0 100#0000000000000000
(1790000058.820000) vcan0 101#800C000000000000
(1790000058.840000) vcan0 100#0000000000000000
(1790000058.840000) vcan0 101#800C000000000000
(1790000058.850000) vcan0 102#A8FD000000000000
(1790000058.860000) vcan0 100#0000000000000000
(1790000058.860000) vcan0 101#800C000000000000
(1790000058.880000) vcan0 100#0000000000000000
(1790000058.880000) vcan0 101#800C000000000000
(1790000058.900000) vcan0 100#0000000000000000
(1790000058.900000) vcan0 101#800C000000000000
(1790000058.900000) vcan0 102#A8FD000000000000
(1790000058.900000) vcan0 110#0000000000000000
(1790000058.900000) vcan0 120#0300000000000000
(1790000058.900000) vcan0 203#2300000000000000
(1790000058.920000) vcan0 100#0000000000000000
(1790000058.920000) vcan0 101#800C000000000000
(1790000058.940000) vcan0 100#0000000000000000
(1790000058.940000) vcan0 101#800C000000000000
(1790000058.950000) vcan0 102#A8FD000000000000
(1790000058.960000) vcan0 100#0000000000000000
(1790000058.960000) vcan0 101#800C000000000000
(1790000058.980000) vcan0 100#0000000000000000
(1790000058.980000) vcan0 101#800C000000000000
(1790000059.000000) vcan0 100#0000000000000000
(1790000059.000000) vcan0 101#800C000000000000
(1790000059.000000) vcan0 102#A8FD000000000000
(1790000059.000000) vcan0 110#0000000000000000
(1790000059.000000) vcan0 120#0300000000000000
(1790000059.000000) vcan0 121#0200000000000000
(1790000059.000000) vcan0 200#8000000000000000
(1790000059.000000) vcan0 201#8400000000000000
(1790000059.000000) vcan0 202#7C00000000000000
(1790000059.000000) vcan0 203#2300000000000000
(1790000059.000000) vcan0 210#8E00000000000000
(1790000059.000000) vcan0 220#7C00000000000000
(1790000059.000000) vcan0 221#B501000000000000
(1790000059.000000) vcan0 222#4E00000000000000
(1790000059.000000) vcan0 230#9F991C0000000000
(1790000059.000000) vcan0 231#C001000000000000
(1790000059.000000) vcan0 232#0019000000000000
(1790000059.000000) vcan0 240#7300000000000000
(1790000059.000000) vcan0 241#7300000000000000
(1790000059.000000) vcan0 242#6E00000000000000
(1790000059.000000) vcan0 243#6E00000000000000
(1790000059.000000) vcan0 18FF0100#7000000000000000
(1790000059.020000) vcan0 100#0000000000000000
(1790000059.020000) vcan0 101#800C000000000000
(1790000059.040000) vcan0 100#0000000000000000
(1790000059.040000) vcan0 101#800C000000000000
(1790000059.050000) vcan0 102#A8FD000000000000
(1790000059.060000) vcan0 100#0000000000000000
(1790000059.060000) vcan0 101#800C000000000000
(1790000059.080000) vcan0 100#0000000000000000
(1790000059.080000) vcan0 101#800C000000000000
(1790000059.100000) vcan0 100#0000000000000000
(1790000059.100000) vcan0 101#800C000000000000
(1790000059.100000) vcan0 102#A8FD000000000000
(1790000059.100000) vcan0 110#0000000000000000
(1790000059.100000) vcan0 120#0300000000000000
(1790000059.100000) vcan0 203#2300000000000000
(1790000059.120000) vcan0 100#0000000000000000
(1790000059.120000) vcan0 101#800C000000000000
(1790000059.140000) vcan0 100#0000000000000000
(1790000059.140000) vcan0 101#800C000000000000
(1790000059.150000) vcan0 102#A8FD000000000000
(1790000059.160000) vcan0 100#0000000000000000
(1790000059.160000) vcan0 101#800C000000000000
(1790000059.180000) vcan0 100#0000000000000000
(1790000059.180000) vcan0 101#800C000000000000
(1790000059.200000) vcan0 100#0000000000000000
(1790000059.200000) vcan0 101#800C000000000000
(1790000059.200000) vcan0 102#A8FD000000000000
(1790000059.200000) vcan0 110#0000000000000000
(1790000059.200000) vcan0 120#0300000000000000
(1790000059.200000) vcan0 121#0200000000000000
(1790000059.200000) vcan0 203#2300000000000000
(1790000059.220000) vcan0 100#0000000000000000
(1790000059.220000) vcan0 101#800C000000000000
(1790000059.240000) vcan0 100#0000000000000000
(1790000059.240000) vcan0 101#800C000000000000
(1790000059.250000) vcan0 102#A8FD000000000000
(1790000059.260000) vcan0 100#0000000000000000
(1790000059.260000) vcan0 101#800C000000000000
(1790000059.280000) vcan0 100#0000000000000000
(1790000059.280000) vcan0 101#800C000000000000
(1790000059.300000) vcan0 100#0000000000000000
(1790000059.300000) vcan0 101#800C000000000000
(1790000059.300000) vcan0 102#A8FD000000000000
(1790000059.300000) vcan0 110#0000000000000000
(1790000059.300000) vcan0 120#0300000000000000
(1790000059.300000) vcan0 203#2300000000000000
(1790000059.320000) vcan0 100#0000000000000000
(1790000059.320000) vcan0 101#800C000000000000
(1790000059.340000) vcan0 100#0000000000000000
(1790000059.340000) vcan0 101#800C000000000000
(1790000059.350000) vcan0 102#A8FD000000000000
(1790000059.360000) vcan0 100#0000000000000000
(1790000059.360000) vcan0 101#800C000000000000
(1790000059.380000) vcan0 100#0000000000000000
(1790000059.380000) vcan0 101#800C000000000000
(1790000059.400000) vcan0 100#0000000000000000
(1790000059.400000) vcan0 101#800C000000000000
(1790000059.400000) vcan0 102#A8FD000000000000
(1790000059.400000) vcan0 110#0000000000000000
(1790000059.400000) vcan0 120#0300000000000000
(1790000059.400000) vcan0 121#0200000000000000
(1790000059.400000) vcan0 203#2300000000000000
(1790000059.420000) vcan0 100#0000000000000000
(1790000059.420000) vcan0 101#800C000000000000
(1790000059.440000) vcan0 100#0000000000000000
(1790000059.440000) vcan0 101#800C000000000000
(1790000059.450000) vcan0 102#A8FD000000000000
(1790000059.460000) vcan0 100#0000000000000000
(1790000059.460000) vcan0 101#800C000000000000
(1790000059.480000) vcan0 100#0000000000000000
(1790000059.480000) vcan0 101#800C000000000000
(1790000059.500000) vcan0 100#0000000000000000
(1790000059.500000) vcan0 101#800C000000000000
(1790000059.500000) vcan0 102#A8FD000000000000
(1790000059.500000) vcan0 110#0000000000000000
(1790000059.500000) vcan0 120#0300000000000000
(1790000059.500000) vcan0 200#8000000000000000
(1790000059.500000) vcan0 201#8400000000000000
(1790000059.500000) vcan0 203#2300000000000000
(1790000059.500000) vcan0 210#8E00000000000000
(1790000059.520000) vcan0 100#0000000000000000
(1790000059.520000) vcan0 101#800C000000000000
(1790000059.540000) vcan0 100#0000000000000000
(1790000059.540000) vcan0 101#800C000000000000
(1790000059.550000) vcan0 102#A8FD000000000000
(1790000059.560000) vcan0 100#0000000000000000
(1790000059.560000) vcan0 101#800C000000000000
(1790000059.580000) vcan0 100#0000000000000000
(1790000059.580000) vcan0 101#800C000000000000
(1790000059.600000) vcan0 100#0000000000000000
(1790000059.600000) vcan0 101#800C000000000000
(1790000059.600000) vcan0 102#A8FD000000000000
(1790000059.600000) vcan0 110#0000000000000000
(1790000059.600000) vcan0 120#0300000000000000
(1790000059.600000) vcan0 121#0200000000000000
(1790000059.600000) vcan0 203#2300000000000000
(1790000059.620000) vcan0 100#0000000000000000
(1790000059.620000) vcan0 101#800C000000000000
(1790000059.640000) vcan0 100#0000000000000000
(1790000059.640000) vcan0 101#800C000000000000
(1790000059.650000) vcan0 102#A8FD000000000000
(1790000059.660000) vcan0 100#0000000000000000
(1790000059.660000) vcan0 101#800C000000000000
(1790000059.680000) vcan0 100#0000000000000000
(1790000059.680000) vcan0 101#800C000000000000
(1790000059.700000) vcan0 100#0000000000000000
(1790000059.700000) vcan0 101#800C000000000000
(1790000059.700000) vcan0 102#A8FD000000000000
(1790000059.700000) vcan0 110#0000000000000000
(1790000059.700000) vcan0 120#0300000000000000
(1790000059.700000) vcan0 203#2300000000000000
(1790000059.720000) vcan0 100#0000000000000000
(1790000059.720000) vcan0 101#800C000000000000
(1790000059.740000) vcan0 100#0000000000000000
(1790000059.740000) vcan0 101#800C000000000000
(1790000059.750000) vcan0 102#A8FD000000000000
(1790000059.760000) vcan0 100#0000000000000000
(1790000059.760000) vcan0 101#800C000000000000
(1790000059.780000) vcan0 100#0000000000000000
(1790000059.780000) vcan0 101#800C000000000000
(1790000059.800000) vcan0 100#0000000000000000
(1790000059.800000) vcan0 101#800C000000000000
(1790000059.800000) vcan0 102#A8FD000000000000
(1790000059.800000) vcan0 110#0000000000000000
(1790000059.800000) vcan0 120#0300000000000000
(1790000059.800000) vcan0 121#0200000000000000
(1790000059.800000) vcan0 203#2300000000000000
(1790000059.820000) vcan0 100#0000000000000000
(1790000059.820000) vcan0 101#800C000000000000
(1790000059.840000) vcan0 100#0000000000000000
(1790000059.840000) vcan0 101#800C000000000000
(1790000059.850000) vcan0 102#A8FD000000000000
(1790000059.860000) vcan0 100#0000000000000000
(1790000059.860000) vcan0 101#800C000000000000
(1790000059.880000) vcan0 100#0000000000000000
(1790000059.880000) vcan0 101#800C000000000000
(1790000059.900000) vcan0 100#0000000000000000
(1790000059.900000) vcan0 101#800C000000000000
(1790000059.900000) vcan0 102#A8FD000000000000
(1790000059.900000) vcan0 110#0000000000000000
(1790000059.900000) vcan0 120#0300000000000000
(1790000059.900000) vcan0 203#2300000000000000
(1790000059.920000) vcan0 100#0000000000000000
(1790000059.920000) vcan0 101#800C000000000000
(1790000059.940000) vcan0 100#0000000000000000
(1790000059.940000) vcan0 101#800C000000000000
(1790000059.950000) vcan0 102#A8FD000000000000
(1790000059.960000) vcan0 100#0000000000000000
(1790000059.960000) vcan0 101#800C000000000000
(1790000059.980000) vcan0 100#0000000000000000
(1790000059.980000) vcan0 101#800C000000000000
(1790000060.000000) vcan0 100#0000000000000000
(1790000060.000000) vcan0 101#800C000000000000
(1790000060.000000) vcan0 102#A8FD000000000000
(1790000060.000000) vcan0 110#0000000000000000
(1790000060.000000) vcan0 120#0300000000000000
(1790000060.000000) vcan0 121#0200000000000000
(1790000060.000000) vcan0 200#8000000000000000
(1790000060.000000) vcan0 201#8400000000000000
(1790000060.000000) vcan0 202#7C00000000000000
(1790000060.000000) vcan0 203#2300000000000000
(1790000060.000000) vcan0 210#8E00000000000000
(1790000060.000000) vcan0 220#7C00000000000000
(1790000060.000000) vcan0 221#B501000000000000
(1790000060.000000) vcan0 222#4E00000000000000
(1790000060.000000) vcan0 230#9F991C0000000000
(1790000060.000000) vcan0 231#C001000000000000
(1790000060.000000) vcan0 232#0019000000000000
(1790000060.000000) vcan0 240#7300000000000000
(1790000060.000000) vcan0 241#7300000000000000
(1790000060.000000) vcan0 242#6E00000000000000
(1790000060.000000) vcan0 243#6E00000000000000
(1790000060.000000) vcan0 18FF0100#7000000000000000
